url,title,date,department,circular_no
https://www.bb.org.bd/mediaroom/circulars/psd/may192026psd-103.pdf,"PSD-1 Circular No. 03: Regarding ""Add Money"" from Card to MFS Personal Account",Not Available,19/05/26,03
https://www.bb.org.bd/mediaroom/circulars/fid/may182026dfiml11.pdf,DFIM Circular Letter No. 11: Finance Companies to Remain Open/Closed During Eid-Ul-Adha 2026,Not Available,18/05/26,11
https://www.bb.org.bd/mediaroom/circulars/dmd/may182026dmdl07.pdf,DMD Circular Letter No. 07: Updated forms for claiming prize of Prizebond & Distorted/Defective Prizebond value exchange.,Not Available,18/05/26,07
https://www.bb.org.bd/mediaroom/circulars/sdad/may182026sdadl07.pdf,SDAD Circular Letter No. 07: Scheduled Banks to Remain Open/Closed During Eid-Ul-Adha 2026,Not Available,18/05/26,07
https://www.bb.org.bd/mediaroom/circulars/brpd/may132026brpd-1l17.pdf,BRPD-1 Circular Letter No. 17: Interest/Profit Rate of Loan/Investment,Not Available,13/05/26,17
https://www.bb.org.bd/mediaroom/circulars/brpd/may122026brpd-112.pdf,BRPD-1 Circular No. 12: Verification of Bank Statement and Other Documents for Visa Applications.,Not Available,12/05/26,12
https://www.bb.org.bd/mediaroom/circulars/fepd/may112026fepd-1l08.pdf,FEPD-1 Circular Letter No. 08: Notification regarding government revenue fees for exporting raw jute and jute products abroad,Not Available,11/05/26,08
https://www.bb.org.bd/mediaroom/circulars/dcm/may102026dcml01.pdf,DCM Circular Letter No. 01: Providing note detection services by the officials of scheduled banks to the cattle traders in Qurbani Haat of 2026 for prevention of fake notes.,Not Available,10/05/26,01
https://www.bb.org.bd/mediaroom/circulars/brpd/may072026brpd-1l16.pdf,BRPD-1 Circular Letter No. 16: Policy support for restructuring the business and financial condition of the affected borrowers.,Not Available,07/05/26,16
https://www.bb.org.bd/mediaroom/circulars/brpd/may052026brpd-1l14.pdf,BRPD-1 Circular Letter No. 14: Loan Disbursement to the Leather sector on the occasion of upcoming Eid-ul-Azha.,Not Available,05/05/26,14
https://www.bb.org.bd/mediaroom/circulars/dmd/may042026dmd04.pdf,DMD Circular No. 04: Regarding Sukuk Investor ID and the determination of Fees/ Charges to opening SIID in SSM.,Not Available,04/05/26,04
https://www.bb.org.bd/mediaroom/circulars/dmd/apr302026dmdl05.pdf,DMD Circular Letter No. 05: Revised Implementation Timeline of the ‘Guidelines for Open Market Operations’,Not Available,30/04/26,05
https://www.bb.org.bd/mediaroom/circulars/sd/81_Annexure-1.pdf,SD Circular No. 01: Regarding Submission of Agent Banking Data through Revised Format on Monthly Basis. Revised Format  |  Annexure-1,Not Available,30/04/26,01
https://www.bb.org.bd/mediaroom/circulars/brpd/apr292026brpd-1l13.pdf,BRPD-1 Circular Letter No. 13: Regarding Banking Professional Exam.,Not Available,29/04/26,13
https://www.bb.org.bd/mediaroom/circulars/fepd/apr292026fepd-1l06.pdf,FEPD-1 Circular Letter No. 06: Instructions regarding opening of LC/TT for the import of supplement products without the registration/prior approval of the Directorate General of Drug Administration,Not Available,29/04/26,06
https://www.bb.org.bd/mediaroom/circulars/brpd-3/apr282026brpd-301.pdf,BRPD-3 Circular No. 01: Refinance Scheme for Pre-shipment Credit,Not Available,28/04/26,01
https://www.bb.org.bd/mediaroom/circulars/brpd-2/apr282026brpd-2l06.pdf,BRPD-2 Circular Letter No. 06: Incentive Bonuses for the Employees of Bank-Companies,Not Available,28/04/26,06
https://www.bb.org.bd/mediaroom/circulars/fepd/apr232026fepd-1l05.pdf,FEPD-1 Circular Letter No. 05: Regarding the export of betel leaf without certification from the Bangladesh Betel Leafs (Pan) Exporters Association,Not Available,23/04/26,05
https://www.bb.org.bd/mediaroom/circulars/fid/apr162026dfiml10.pdf,DFIM Circular Letter No. 10: Loan Facility Against Government Bond (Treasury Bond).,Not Available,16/04/26,10
https://www.bb.org.bd/mediaroom/circulars/dmd/apr132026dmd03.pdf,DMD Circular No. 03: Regarding the Publication of an Effective Reference Rate for the Money Market Segment of Bangladesh’s Financial Market.,Not Available,13/04/26,03
https://www.bb.org.bd/mediaroom/circulars/dcm/apr122026dcm01.pdf,DCM Circular No. 01: Regarding payment of mutilated/torn and soiled notes,Not Available,12/04/26,01
https://www.bb.org.bd/mediaroom/circulars/gbcrd/apr092026sfdl02.pdf,SFD Circular Letter No. 02: Compliance with Bangladesh Bank’s Instructions on Brick Kiln Financing.,Not Available,09/04/26,02
https://www.bb.org.bd/mediaroom/circulars/brpd/apr092026brpd-1l12.pdf,BRPD-1 Circular Letter No. 12: Refinance Scheme for Pre-shipment Credit.,Not Available,09/04/26,12
https://www.bb.org.bd/mediaroom/circulars/fid/apr082026dfiml09.pdf,DFIM Circular Letter No. 09: Preservation and use of information of the Penalized Employees of Financial Institutions through CMMS (Corporate Memory Management System),Not Available,08/04/26,09
https://www.bb.org.bd/mediaroom/circulars/brpd/apr072026brpd-1l11.pdf,BRPD-1 Circular Letter No. 11: Regarding cooperation to the Election Commission for smooth conduct of elections in the vacant seats of 41 Bogra-6 and 145 Sherpur-3 constituencies of the 13th National Parliament.,Not Available,07/04/26,11
https://www.bb.org.bd/mediaroom/circulars/sdad/apr062026sdadl06.pdf,"SDAD Circular Letter No. 06: On the occasion of the election for the vacant seats of 41 Bogura-6 and 145 Sherpur-3 in the 13th National Parliament, all scheduled banks shall remain closed in the concerned electoral areas on Thursday, 09 April 2026, the day of voting",Not Available,06/04/26,06
https://www.bb.org.bd/mediaroom/circulars/dmd/apr042026dmdl004.pdf,"DMD Circular Letter No. 04: Time schedule of Bangladesh Government Bill/Bond Auction, Sukuk and BGIIB Auction, Open Market Operation, Inter Bank Repo, Secondary Trade (OTC & TWS) and EDS Money platform transaction during changed office time.",Not Available,04/04/26,04
https://www.bb.org.bd/mediaroom/circulars/psd-2/apr042026psd-2l03.pdf,PSD-2 Circular Letter No. 03: Regarding Schedule Changes of BACH and RTGS Transaction from 05 April 2026,Not Available,04/04/26,03
https://www.bb.org.bd/mediaroom/circulars/fid/apr042026dfiml07.pdf,DFIM Circular Letter No. 07: Changes in the Office hours of Finance Companies.,Not Available,04/04/26,07
https://www.bb.org.bd/mediaroom/circulars/sdad/apr042026sdadl05.pdf,SDAD Circular Letter No. 05: Changes in the Office and Transaction hours of Scheduled Banks,Not Available,04/04/26,05
https://www.bb.org.bd/mediaroom/circulars/brpd-2/apr022026brpd-2l05.pdf,BRPD-2 Circular Letter No. 05: Submission of Interim Report to Bangladesh Bank,Not Available,02/04/26,05
https://www.bb.org.bd/mediaroom/circulars/psd/apr012026psd-1l01.pdf,PSD-1 Circular Letter No. 01: Replacement of Proprietary QR with Bangla QR at all Merchant Points.,Not Available,01/04/26,01
https://www.bb.org.bd/mediaroom/circulars/brpd-2/mar292026brpd-202.pdf,"BRPD-2 Circular No. 02: Cybersecurity Framework, Version 1.0 (2026)",Not Available,29/03/26,02
https://www.bb.org.bd/mediaroom/circulars/brpd-2/mar292026brpd-201.pdf,"BRPD-2 Circular No. 01: Guidelines on Partner Network, Version 1.0 (2026)",Not Available,29/03/26,01
https://www.bb.org.bd/mediaroom/circulars/brpd-2/mar252026brpd-2l04.pdf,"BRPD-2 Circular Letter No. 04: Exemption from the provision of Section 26kha(1) of Bank Company Act, 1991 (amended upto 2023) for LPG importers",Not Available,25/03/26,04
https://www.bb.org.bd/mediaroom/circulars/psd/mar162026psd-102.pdf,PSD-1 Circular No. 02: Regarding the establishment of 'Cashless Bangladesh Unit',Not Available,16/03/26,02
https://www.bb.org.bd/mediaroom/circulars/spcd/mar152026spcd05new.pdf,SPCD Circular No. 05: Dividend Declaration Policy for Banks,Not Available,15/03/26,05
https://www.bb.org.bd/mediaroom/circulars/brpd-2/mar122026brpd-2l03.pdf,"BRPD-2 Circular Letter No. 03: Exemption from the provision of section 23(1)(kakaka) of Bank Company Act, 1991.",Not Available,12/03/26,03
https://www.bb.org.bd/mediaroom/circulars/psd-2/mar122026psd-2l02.pdf,PSD-2 Circular Letter No. 02: Regarding BACH and RTGS Transaction Schedule on 18 and 19 March 2026 Preceding Eid-ul-Fitr,Not Available,12/03/26,02
https://www.bb.org.bd/mediaroom/circulars/brpd/mar112026brpd-1l10.pdf,BRPD-1 Circular Letter No. 10: Precautionary steps for gas and energy saving amidst current geopolitical situations.,Not Available,11/03/26,10
https://www.bb.org.bd/mediaroom/circulars/brpd-2/mar112026brpd-2l02.pdf,BRPD-2 Circular Letter No. 02: The selection of qualified mediators for effective Mediation in resolving disputes through Pre-Suit Mediation,Not Available,11/03/26,02
https://www.bb.org.bd/mediaroom/circulars/fid/mar102026dfiml06.pdf,"DFIM Circular Letter No. 06: Regarding closure of finance companies on Wednesday, 18 March 2026 on the occasion of the Holy Eid-ul-Fitr",Not Available,10/03/26,06
https://www.bb.org.bd/mediaroom/circulars/sdad/mar102026sdadl04.pdf,"SDAD Circular Letter No. 04: Regarding closure of scheduled banks on Wednesday, 18 March 2026 on the occasion of the Holy Eid-ul-Fitr",Not Available,10/03/26,04
https://www.bb.org.bd/mediaroom/circulars/psd-2/mar092026psd-201.pdf,"PSD-2 Circular No. 01: Regarding uninterrupted service of ATM, POS, QR Code, Internet Banking, Online e-Payment Gateway & MFS during Eid-ul-Fitr Celebration",Not Available,09/03/26,01
https://www.bb.org.bd/mediaroom/circulars/fid/mar052026dfiml05.pdf,"DFIM Circular Letter No. 05: Regarding the theme of International Women's Day, 8 March 2026.",Not Available,05/03/26,05
https://www.bb.org.bd/mediaroom/circulars/brpd/mar052026brpd-1l09.pdf,"BRPD-1 Circular Letter No. 09: Theme for International Women's Day, 8 March 2026",Not Available,05/03/26,09
https://www.bb.org.bd/mediaroom/circulars/brpd/mar042026brpd-1l08.pdf,BRPD-1 Circular Letter No. 08: Policy Regarding Establishment of Banks' Business Centers & Their Rent/Lease Related Issues.,Not Available,04/03/26,08
https://www.bb.org.bd/mediaroom/circulars/brpd/mar032026brpd-1l07.pdf,BRPD-1 Circular Letter No. 07: Loan facility for payment of salaries and allowances to workers of active export-oriented industries.,Not Available,03/03/26,07
https://www.bb.org.bd/mediaroom/circulars/aml/feb262026bfiul04.pdf,Cancellation of BFIU Circular Letter No. 1,Not Available,26/02/26,1
https://www.bb.org.bd/mediaroom/circulars/spcd/feb252026spcd04.pdf,SPCD Circular No. 04: Submission of Audited Financial Statements,Not Available,25/02/26,04
https://www.bb.org.bd/mediaroom/circulars/brpd-2/feb242026brpd-2l01.pdf,"BRPD-2 Circular Letter No. 01: Avoidance of High Expense for Luxurious Vehicles, Decoration, and other Matters",Not Available,24/02/26,01
https://www.bb.org.bd/mediaroom/circulars/fid/feb232026dfiml04.pdf,DFIM Circular Letter No. 04: Name change of Agrani SME Financing Company Limited to Agrani SME Finance PLC.,Not Available,23/02/26,04
https://www.bb.org.bd/mediaroom/circulars/brpd/feb222026brpd-1l06.pdf,BRPD-1 Circular Letter No. 06: Resolving Existing Difficulties of Raw Jute Exporters.,Not Available,22/02/26,06
https://www.bb.org.bd/mediaroom/circulars/dmd/feb172026dmdl03.pdf,"DMD Circular Letter No. 03: Time schedule of Bangladesh Government Bill/Bond Auction, Sukuk and BGIIB Auction, Open Market Operation, Inter Bank Repo, Secondary Trade (OTC & TWS) and EDS Money platform transaction during Ramadan.",Not Available,17/02/26,03
https://www.bb.org.bd/mediaroom/circulars/psd-2/feb162026psd-2l01.pdf,"PSD-2 Circular Letter No. 01: Change in BACH and RTGS Schedule during the month of Holy Ramadan, Hijri-1447 (2026).",Not Available,16/02/26,01
https://www.bb.org.bd/mediaroom/circulars/fid/feb162026dfiml03.pdf,DFIM Circular Letter No. 03: Office hours of finance companies during the Holy Month of Ramadan (Hijri 1447),Not Available,16/02/26,03
https://www.bb.org.bd/mediaroom/circulars/brpd/feb102026brpd-1l05.pdf,BRPD-1 Circular Letter No. 05: Name change of Standard Bank PLC. to Standard Islami Bank PLC.,Not Available,10/02/26,05
https://www.bb.org.bd/mediaroom/circulars/sdad/feb102026sdadl03.pdf,SDAD Circular Letter No. 03: Office and transaction hours of scheduled banks during the Holy Month of Ramadan (Hijri 1447),Not Available,10/02/26,03
https://www.bb.org.bd/mediaroom/circulars/mpd/feb092026mpd01.pdf,MPD Circular No. 01: Re-fixation of Interest Rate Corridor (IRC),Not Available,09/02/26,01
https://www.bb.org.bd/mediaroom/circulars/psd/feb082026psd-101.pdf,PSD-1 Circular No. 01: Regarding MFS and P2P transactions on the occasion of the upcoming 13th National Parliamentary election.,Not Available,08/02/26,01
https://www.bb.org.bd/mediaroom/circulars/brpd/feb082026brpd-1l04.pdf,BRPD-1 Circular Letter No. 04: Refinance Scheme for Shipbuilding Industry.,Not Available,08/02/26,04
https://www.bb.org.bd/mediaroom/circulars/brpd/feb082026brpd-104.pdf,BRPD-1 Circular No. 04: Rescheduling of Housing Finance.,Not Available,08/02/26,04
https://www.bb.org.bd/mediaroom/circulars/aml/feb052026bfiul03.pdf,BFIU Circular Letter No. 03: Instructions for the MFS for the Enforcement of Transaction Monitoring System,Not Available,05/02/26,03
https://www.bb.org.bd/mediaroom/circulars/aml/feb052026bfiul02.pdf,BFIU Circular Letter No. 02: Instructions for the Scheduled Banks for the Enforcement of Transaction Monitoring System,Not Available,05/02/26,02
https://www.bb.org.bd/mediaroom/circulars/smespd/feb052026smespdl01.pdf,"SMESPD Circular Letter No. 01: Restructuring of Refinance Fund for Cottage, Micro, Small, and Medium Enterprises (CMSME).",Not Available,05/02/26,01
https://www.bb.org.bd/mediaroom/circulars/smespd/feb052026smespd03.pdf,"SMESPD Circular No. 03: Formation of “Financial Sector Fund for the Development of Micro, Small and Medium Enterprises (FSFDMSME)”.",Not Available,05/02/26,03
https://www.bb.org.bd/mediaroom/circulars/smespd/feb052026smespd02.pdf,"SMESPD Circular No. 02: Introducing “Cluster Financing Scheme” for refinancing to Cottage, Micro, Small and Medium Enterprise (CMSME) Clusters.",Not Available,05/02/26,02
https://www.bb.org.bd/mediaroom/circulars/smespd/feb052026smespd01.pdf,"SMESPD Circular No. 01: Refinance Scheme against financing to Cottage, Micro, Small and Medium (CMSME) Enterprises",Not Available,05/02/26,01
https://www.bb.org.bd/mediaroom/circulars/fid/feb032026dfiml02.pdf,"DFIM Circular Letter No. 02: Finance companies will remain closed for the 13th national parliamentary election and referendum, 2026.",Not Available,03/02/26,02
https://www.bb.org.bd/mediaroom/circulars/sdad/jan222026sdadl02.pdf,"SDAD Circular Letter No. 02: Scheduled banks will remain closed for the 13th national parliamentary election and referendum, 2026",Not Available,01/02/26,02
https://www.bb.org.bd/mediaroom/circulars/fid/jan272026dfiml01.pdf,DFIM Circular Letter No. 01: Display of public awareness banners on the referendum concerning constitutional reform proposals in the July National Charter 2025.,Not Available,27/01/26,01
https://www.bb.org.bd/mediaroom/circulars/brpd/jan262026brpd-1l03.pdf,BRPD-1 Circular Letter No. 03: Display of public awareness banners on the referendum concerning constitutional reform proposals in the ‘July National Charter 2025’.,Not Available,26/01/26,03
https://www.bb.org.bd/mediaroom/circulars/sdad/jan222026sdad01.pdf,SDAD Circular Letter No. 01: Temporary Intermission of Banking Operations of Al-Arafah Islami Bank PLC. for the purpose of Core Banking system upgradation.,Not Available,22/01/26,01
https://www.bb.org.bd/mediaroom/circulars/brpd/jan202026brpd-103.pdf,BRPD-1 Circular No. 03: Loan/Investment Rescheduling/Restructuring of Shipbuilding Industry.,Not Available,20/01/26,03
https://www.bb.org.bd/mediaroom/circulars/brpd/jan152026brpd-1l2.pdf,"BRPD-1 Circular Letter No. 02: Completion of registration on the Postal Vote BD App for voting through IT-supported postal ballot in the upcoming 13th National Parliamentary Election and Referendum, 2026.",Not Available,15/01/26,02
https://www.bb.org.bd/mediaroom/circulars/gbcrd/jan132026sfdl01.pdf,SFD Circular Letter No. 01: Green and Sustainable Finance Reporting under Sustainable Finance Policy-2023,Not Available,13/01/26,01
https://www.bb.org.bd/mediaroom/circulars/fepd/jan122026fepd-104.pdf,FEPD-1 Circular No. 04: Export Subsidy/Cash Incentive for the financial year 2025-2026.,Not Available,12/01/26,04
https://www.bb.org.bd/mediaroom/circulars/aml/jan082026bfiul01.pdf,BFIU Circular Letter No. 01: instructions to be followed by the Scheduled Banks regarding submission of Cash Transaction Report (CTR),Not Available,08/01/26,01
https://www.bb.org.bd/mediaroom/circulars/brpd/jan062026brpd-102.pdf,BRPD-1 Circular No. 02: Construction of Female Friendly Washroom.,Not Available,06/01/26,02
https://www.bb.org.bd/mediaroom/circulars/pssd/jan052026pssd01.pdf,PSSD Circular No. 01: Regarding submission of Trust and Settlement Account (TSA) and E-money/merchant payable data. Bank Template  |  MFS-PSP-USP Template  |  PSO Template,Not Available,05/01/26,01
https://www.bb.org.bd/mediaroom/circulars/dmd/jan052026dmdl02.pdf,"DMD Circular Letter No. 02: Regarding Profit Rate Refixation for January-June,2026 in National Savings Schemes",Not Available,05/01/26,02
https://www.bb.org.bd/mediaroom/circulars/brpd/jan042026brpd-101.pdf,BRPD-1 Circular No. 01: Regarding issuance of uniform Personal Guarantee Form.,Not Available,04/01/26,01
https://www.bb.org.bd/mediaroom/circulars/dmd/jan012026dmdl01.pdf,"DMD Circular Letter No. 01: Regarding Profit Rate Refixation for January-June,2026 in National Savings Schemes",Not Available,01/01/26,01
https://www.bb.org.bd/mediaroom/circulars/fid/dec302025dfiml24.pdf,DFIM Circular Letter No. 24: Observation of National Mourning and closer of Finance Companies on 31 December 2025,Not Available,30/12/25,24
https://www.bb.org.bd/mediaroom/circulars/dos/dec302025dosl22.pdf,DOS Circular Letter No. 22: Scheduled Bank will remain closed on 31 December 2025.,Not Available,30/12/25,22
https://www.bb.org.bd/mediaroom/circulars/brd/dec292025brdl01.pdf,"BRD Circular Letter No. 01: Bank Resolution Scheme, 2025",Not Available,29/12/25,01
https://www.bb.org.bd/mediaroom/circulars/dos/dec242025dosl21.pdf,DOS Circular Letter No. 21: All scheduled bank branches remain open on 27 December 2025.,Not Available,24/12/25,21
https://www.bb.org.bd/mediaroom/circulars/brd/dec212025brd01.pdf,"BRD Order No. 01: Application of the Provisions of the Bank Resolution Ordinance, 2025 to the Finance Companies",Not Available,21/12/25,01
https://www.bb.org.bd/mediaroom/circulars/dmd/dec182025dmd01.pdf,DMD Circular No. 01: Selection of Benchmark Government Securities and Two-Way Price Quoting,Not Available,18/12/25,01
https://www.bb.org.bd/mediaroom/circulars/dcm/dec152025dcm04.pdf,DCM Circular No. 04: Regarding payment/disposal of mutilated and claimable notes.,Not Available,15/12/25,04
https://www.bb.org.bd/mediaroom/circulars/cgd/dec092025cgd01.pdf,CGD Circular No. 01: Portfolio Credit Guarantee Facility for CMSME and Financial Inclusion Sectors under Pre/Refinance Scheme. Annex GA-Loan Detail Statement,Not Available,09/12/25,01
https://www.bb.org.bd/mediaroom/circulars/brpd/dec092025brpd12.pdf,BRPD Circular No. 12: Incentive bonuses for the employees of bank-companies.,Not Available,09/12/25,12
https://www.bb.org.bd/mediaroom/circulars/brpd/dec032025brpd11.pdf,BRPD Circular No. 11: Policy on Partial Write-off of Loans.,Not Available,03/12/25,11
https://www.bb.org.bd/mediaroom/circulars/sd/dec022025sd03.pdf,STD Circular No. 03: Regarding uploading information related to wage earners' remittance cost to the portal on a daily basis through the RIT. T_ME_D_REMITTANCE_COST,Not Available,02/12/25,03
https://www.bb.org.bd/mediaroom/circulars/dmd/dec022025dmdl14.pdf,DMD Circular Letter No. 14: Regarding Sale of Savings Certificates and Prize Bonds to the general public and the provision of related post-sale services.,Not Available,02/12/25,14
https://www.bb.org.bd/mediaroom/circulars/brpd/dec012025brpdl28.pdf,BRPD Circular Letter No. 28: Scheduling of Sammilito Islami Bank PLC.,Not Available,01/12/25,28
https://www.bb.org.bd/mediaroom/circulars/fepd/dec012025fepdl37.pdf,FEPD Circular Letter No. 37: Export of jute and jute products,Not Available,01/12/25,37
https://www.bb.org.bd/mediaroom/circulars/fid/nov272025dfiml23.pdf,DFIM Circular Letter No. 23: Ex-Bangladesh travel of finance company officials and employees.,Not Available,27/11/25,23
https://www.bb.org.bd/mediaroom/circulars/brpd/nov262025brpdl27.pdf,BRPD Circular Letter No. 27: Appointment and Responsibilities of Managing Director/Chief Executive Officer of a bank-company.,Not Available,26/11/25,27
https://www.bb.org.bd/mediaroom/circulars/brpd/nov262025brpd10.pdf,BRPD Circular No. 10: Ex-Bangladesh travel of bank officials and employees.,Not Available,26/11/25,10
https://www.bb.org.bd/mediaroom/circulars/fid/nov242025dfiml22.pdf,DFIM Circular Letter No. 22: Name change of National Finance Limited to National Finance PLC.,Not Available,24/11/25,22
https://www.bb.org.bd/mediaroom/circulars/brpd/nov242025brpdl26.pdf,BRPD Circular Letter No. 26: Policy support for restructuring the business and financial condition of the affected borrowers.,Not Available,24/11/25,26
https://www.bb.org.bd/mediaroom/circulars/psd/nov242025psd14.pdf,PSD Circular No. 14: Regarding Instant Settlement of Bangla QR Code based Payments,Not Available,24/11/25,14
https://www.bb.org.bd/mediaroom/circulars/fid/nov232025dfiml21.pdf,DFIM Circular Letter No. 21: Name change of First Finance Limited to First Finance PLC.,Not Available,23/11/25,21
https://www.bb.org.bd/mediaroom/circulars/did/nov232025did%2001.pdf,DID Circular No. 01: Regarding the Deposit Protection Ordinance 2025 (Ordinance No. 64 of 2025),Not Available,23/11/25,01
https://www.bb.org.bd/mediaroom/circulars/brpd/nov202025brpdl25.pdf,BRPD Circular Letter No. 25: Name change of BASIC Bank Limited to BASIC Bank PLC.,Not Available,20/11/25,25
https://www.bb.org.bd/mediaroom/circulars/psd/nov202025psd13_glossary.pdf,PSD Circular No. 13: Regarding the submission of payment related data (National Payment Data). Banks Template  |  MFS Template  |  PSP Template  |  Data Dictionary of Payments Data of Banks  |  Data Dictionary of Payments Data of PSP,Not Available,20/11/25,13
https://www.bb.org.bd/mediaroom/circulars/fepd/nov192025fepdl36.pdf,FEPD Circular Letter No. 36: Regarding the issuance of a letter of credit for the import of narcotics and alcoholic products without a license/permit/no-objection certificate/prior approval issued by the Department of Narcotics Control,Not Available,19/11/25,36
https://www.bb.org.bd/mediaroom/circulars/brpd/nov192025brpd9.pdf,BRPD Circular No. 9: Policy on Loan/Investment Write off and Formation of Written off Loan Recovery Unit and its Functions.,Not Available,19/11/25,9
https://www.bb.org.bd/mediaroom/circulars/fid/nov182025dfiml20.pdf,DFIM Circular Letter No. 20: List of Holidays for the Year 2026.,Not Available,18/11/25,20
https://www.bb.org.bd/mediaroom/circulars/fepd/nov172025fepdl35.pdf,FEPD Circular Letter No. 35: Cash incentive against export of frozen shrimps and other fishes.,Not Available,17/11/25,35
https://www.bb.org.bd/mediaroom/circulars/fepd/nov122025fepd46.pdf,FEPD Circular No. 46: Special Export Subsidy to RMG Sector.,Not Available,12/11/25,46
https://www.bb.org.bd/mediaroom/circulars/fepd/nov122025fepd45.pdf,FEPD Circular No. 45: Disbursement of cash incentives against the supply/sale of goods to enterprise located in specialized zones.,Not Available,12/11/25,45
https://www.bb.org.bd/mediaroom/circulars/smespd/nov122025smespdl03.pdf,"SMESPD Circular Letter No. 03: Continuation of BDT 25,000 crore Pre-finance Scheme for CMSME",Not Available,12/11/25,03
https://www.bb.org.bd/mediaroom/circulars/smespd/nov122025smespdl02.pdf,SMESPD Circular Letter No. 02: Re-determination of the applicable classified loan/investment ratio under the Refinance and Pre-finance Schemes of CMSME.,Not Available,12/11/25,02
https://www.bb.org.bd/mediaroom/circulars/brpd/nov112025brpdl24.pdf,BRPD Circular Letter No. 24: Opening L/C and L/C Margin for importing essential consumer goods in the occasion of Holy Ramadan,Not Available,11/11/25,24
https://www.bb.org.bd/mediaroom/circulars/brd/nov052025brd03.pdf,BRD Circular No. 03: Regarding Placement of Five Banks Under Resolution Process,Not Available,05/11/25,03
https://www.bb.org.bd/mediaroom/circulars/sd/nov022025sdl05.pdf,STD Circular Letter No. 05: Regarding Loan Classification Reporting in SBS-3 and Monthly Loans and Advances Distributed by Interest Rate Statements,Not Available,02/11/25,05
https://www.bb.org.bd/mediaroom/circulars/brd/oct232025brd02.pdf,"BRD Circular No. 02: Regulations for Bank Resolution, 2025",Not Available,23/10/25,02
https://www.bb.org.bd/mediaroom/circulars/brpd/oct212025brpdl23.pdf,BRPD Circular Letter No. 23: LC margin for importing child food.,Not Available,21/10/25,23
https://www.bb.org.bd/mediaroom/circulars/brpd/oct192025brpd08.pdf,BRPD Circular No. 08: Policy on Loan/Investment Write-off and Formation of Written-off Loan Recovery Unit and its Functions.,Not Available,19/10/25,08
https://www.bb.org.bd/mediaroom/circulars/dos/oct162025dos19.pdf,DOS Circular No. 19: Hajj activities related scheduled bank branches remain open on 18 October 2025.,Not Available,16/10/25,19
https://www.bb.org.bd/mediaroom/circulars/psd/oct132025psd12.pdf,"PSD Circular No. 12: Regarding the initiation of interoperable transactions between Banks, MFS providers, and Payment Service Providers through NPSB.",Not Available,13/10/25,12
https://www.bb.org.bd/mediaroom/circulars/fepd/oct132025fepdl33.pdf,FEPD Circular Letter No. 33: Import under purchases/sales contracts,Not Available,13/10/25,33
https://www.bb.org.bd/mediaroom/circulars/fepd/oct132025fepdl32.pdf,FEPD Circular Letter No. 32: Regarding the permission to transfer Hajj pilgrims' expenses for Hajj 1447 Hijri/2026 to IBAN,Not Available,13/10/25,32
https://www.bb.org.bd/mediaroom/circulars/brpd/oct132025brpdl21n.pdf,BRPD Circular Letter No. 21: Resolving Existing Difficulties of Raw Jute Exporters.,Not Available,13/10/25,21
https://www.bb.org.bd/mediaroom/circulars/dcm/oct092025dcm02.pdf,"DCM Circular No. 02: Bangladesh Bank Note Refund Regulations, 2025",Not Available,09/10/25,02
https://www.bb.org.bd/mediaroom/circulars/dos/oct062025dosl18.pdf,DOS Circular Letter No. 18: Hajj activities related scheduled bank branches remain open on 11 October 2025.,Not Available,06/10/25,18
https://www.bb.org.bd/mediaroom/circulars/cib/sep292025cib02.pdf,CIB Circular No. 02: Regarding reporting of non-listed securities and other asset in CIB database.,Not Available,29/09/25,02
https://www.bb.org.bd/mediaroom/circulars/cib/sep292025cib01.pdf,CIB Circular No. 01: Regarding reporting of private sector external debt (including suppliers' credit) information to the CIB database.,Not Available,29/09/25,01
https://www.bb.org.bd/mediaroom/circulars/ibrpd/sep282025ibrpd01.pdf,"IBRPD Circular No. 01: Formation, appointment and removal of Shariah Supervisory Committee (SSC) members along with their roles and responsibilities for bank-company providing Islamic banking services",Not Available,28/09/25,01
https://www.bb.org.bd/mediaroom/circulars/psd/sep282025psdl05.pdf,PSD Circular Letter No. 05: Regarding the Operating Hour of RTGS system,Not Available,28/09/25,05
https://www.bb.org.bd/mediaroom/circulars/cib/sep252025cibl03.pdf,CIB Circular Letter No. 03: Regarding sector-specific exemption from service charges/fees applicable for CIB reports prepared from Credit Information Systems (CIS).,Not Available,25/09/25,03
https://www.bb.org.bd/mediaroom/circulars/fepd/sep252025fepd36.pdf,FEPD Circular No. 36: Cash incentive against export of frozen shrimps and other fishes,Not Available,25/09/25,36
https://www.bb.org.bd/mediaroom/circulars/dos/sep242025dosl17.pdf,DOS Circular Letter No. 17: Temporary Intermission of Banking Operations of Midland Bank PLC. for the purpose of Core Banking system upgradation.,Not Available,24/09/25,17
https://www.bb.org.bd/mediaroom/circulars/dmd/sep222025dmdl14.pdf,DMD Circular Letter No. 14: Assured Liquidity Support for Primary Dealers,Not Available,22/09/25,14
https://www.bb.org.bd/mediaroom/circulars/brpd/sep162025brpd07.pdf,BRPD Circular No. 07: Policy support for restructuring the business and financial condition of the affected borrowers.,Not Available,16/09/25,07
https://www.bb.org.bd/mediaroom/circulars/acd/sep152025acdl03.pdf,ACD Circular Letter No. 03: About CIB Reporting for Agricultural and Rural Credit,Not Available,15/09/25,03
https://www.bb.org.bd/mediaroom/circulars/fepd/sep142025fepdl30.pdf,FEPD Circular Letter No. 30: Regarding inclusion of raw jute as a conditional exportable item in Annex-2 of Export Policy 2024-2027,Not Available,14/09/25,30
https://www.bb.org.bd/mediaroom/circulars/fepd/sep102025fepdl29.pdf,FEPD Circular Letter No. 29: Regarding export of Hilsa fish.,Not Available,10/09/25,29
https://www.bb.org.bd/mediaroom/circulars/brpd/sep092025brpdl20.pdf,BRPD Circular Letter No. 20: Refinance Scheme for Digital Nano Loan,Not Available,09/09/25,20
https://www.bb.org.bd/mediaroom/circulars/psd/sep082025psd11_final.pdf,PSD Circular No. 11: Self-Assessment of Payment System Operators and Payment Service Providers. MFS Template  |  PSP Template  |  PSO Template,Not Available,08/09/25,11
https://www.bb.org.bd/mediaroom/circulars/gbcrd/sep072025sfdl04.pdf,SFD Circular Letter No. 03: Submission of Annual CSR Budget of Bank and Finance Companies,Not Available,07/09/25,03
https://www.bb.org.bd/mediaroom/circulars/fid/sep032025dfiml19.pdf,DFIM Circular Letter No. 19: Re-fixation of holiday for Eid-e-Milad-un-Nabi (S),Not Available,03/09/25,19
https://www.bb.org.bd/mediaroom/circulars/dos/sep012025dosl16.pdf,DOS Circular Letter No. 16: Re-fixation of holiday for Eid-e-Milad-un-Nabi (S),Not Available,01/09/25,16
https://www.bb.org.bd/mediaroom/circulars/acd/aug282025acdl02.pdf,ACD Circular Letter No. 02: Refinance scheme of Taka 1000.00 Crore for increasing production of wheat and maize,Not Available,28/08/25,02
https://www.bb.org.bd/mediaroom/circulars/brpd/aug212025brpdl19.pdf,BRPD Circular Letter No. 19: Paid-Up Capital of Branchless Digital Bank-Companies,Not Available,21/08/25,19
https://www.bb.org.bd/mediaroom/circulars/brpd/aug122025brpdl17.pdf,BRPD Circular Letter No. 17: Regarding fraudulent activities under the name of Anti-Corruption Commission,Not Available,12/08/25,17
https://www.bb.org.bd/mediaroom/circulars/acd/aug122025acd01.pdf,ACD Circular No. 01: Agricultural and Rural Credit Policy and Program for the FY 2025-2026,Not Available,12/08/25,01
https://www.bb.org.bd/mediaroom/circulars/brpd/aug112025brpdl16.pdf,BRPD Circular Letter No. 16: Regulatory Reporting to Banking Regulation and Policy Department,Not Available,11/08/25,16
https://www.bb.org.bd/mediaroom/circulars/brpd/aug102025brpdl15.pdf,BRPD Circular Letter No. 15: Ordinance enacted to implement the government’s financial proposals and amendment of certain Laws,Not Available,10/08/25,15
https://www.bb.org.bd/mediaroom/circulars/brpd/aug042025brpdl14.pdf,BRPD Circular Letter No. 14: Formation of Board and Responsibilities of Directors of a Bank-Company.,Not Available,04/08/25,14
https://www.bb.org.bd/mediaroom/circulars/dmd/aug042025dmdl13.pdf,DMD Circular Letter No. 13: Regarding Sukuk Allotment Quota,Not Available,04/08/25,13
https://www.bb.org.bd/mediaroom/circulars/spcd/aug032025spcd01.pdf,SPCD Circular No. 01: Formation of Supervisory Policy and Coordination Department,Not Available,03/08/25,01
https://www.bb.org.bd/mediaroom/circulars/dmd/jul312025dmdl12.pdf,DMD Circular Letter No. 12: Regarding Proof of Submission of Tax Return (PSR) for investment in Sanchayapatra.,Not Available,31/07/25,12
https://www.bb.org.bd/mediaroom/circulars/fepd/jul272025fepd30.pdf,FEPD Circular No. 30: Export subsidy against export of Footwear and Bag made of Synthetic & Fabrics.,Not Available,27/07/25,30
https://www.bb.org.bd/mediaroom/circulars/fid/jul242025dfiml17.pdf,DFIM Circular Letter No. 17: Identification & finalization of willful defaulters and measures to be taken against them.,Not Available,24/07/25,17
https://www.bb.org.bd/mediaroom/circulars/fepd/jul242025fepd29.pdf,FEPD Circular No. 29: Export subsidy with bond/duty drawback facility against export of Footwear and bag made of Synthetic & Fabrics,Not Available,24/07/25,29
https://www.bb.org.bd/mediaroom/circulars/brd/jul222025brd01.pdf,BRD Circular No. 01: Formation of Bank Resolution Department,Not Available,22/07/25,01
https://www.bb.org.bd/mediaroom/circulars/fid/jul212025dfiml16.pdf,"DFIM Circular Letter No. 16: On the occasion of 'July Mass Uprising Day' all finance companies will remain closed on August 5, 2025.",Not Available,21/07/25,16
https://www.bb.org.bd/mediaroom/circulars/dos/jul172025dosl15.pdf,"DOS Circular Letter No. 15: On the occasion of ‘July Mass Uprising Day’ all scheduled banks will remain closed on August 5, 2025.",Not Available,17/07/25,15
https://www.bb.org.bd/mediaroom/circulars/mpd/jul152025mpd02.pdf,MPD Circular No. 02: Re-fixation of Interest Rate Corridor (IRC),Not Available,15/07/25,02
https://www.bb.org.bd/mediaroom/circulars/fid/jul142025dfiml15.pdf,DFIM Circular Letter No. 15:Regarding fraudulent activities under the name of Anti-Corruption Commission.,Not Available,14/07/25,15
https://www.bb.org.bd/mediaroom/circulars/fepd/jul102025fepd28.pdf,"FEPD Circular No. 28: Export Subsidy/Cash Incentive from July 01, 2025 to December 31, 2025 for the financial year 2025-2026",Not Available,10/07/25,28
https://www.bb.org.bd/mediaroom/circulars/smespd/jul092025smespd02.pdf,SMESPD Circular No. 02: Master Circular on Start-up Financing,Not Available,09/07/25,02
https://www.bb.org.bd/mediaroom/circulars/smedp-2/jul092025smedp-2l01.pdf,"SMEDP-2 Circular Letter No. 01: Regarding the compliance with the guidelines of the master circular issued by SMESPD on March 17, 2025, concerning the refinancing from the revolving fund established under the SMEDP-2 project.",Not Available,09/07/25,01
https://www.bb.org.bd/mediaroom/circulars/fid/jul072025dfim03.pdf,"DFIM Circular No. 03: Provisioning Against Investments in Share & Equity, Bond & Debenture, Mutual Fund & Commercial Paper.",Not Available,07/07/25,03
https://www.bb.org.bd/mediaroom/circulars/fepd/jul032025fepdl25.pdf,FEPD Circular Letter No. 25: Notification regarding government revenue fees for exporting raw jute and jute products abroad,Not Available,03/07/25,25
https://www.bb.org.bd/mediaroom/circulars/dos/jul032025dosl14.pdf,DOS Circular Letter No. 14: Temporary Intermission of Banking Operations of National Credit and Commerce Bank PLC. for the purpose of Core Banking system upgradation.,Not Available,03/07/25,14
https://www.bb.org.bd/mediaroom/circulars/fepd/jul022025fepd26.pdf,"FEPD Circular No. 26: Policy on the Issuance, Operation and Renewal of Limited Money Changers",Not Available,02/07/25,26
https://www.bb.org.bd/mediaroom/circulars/dos/jul012025dosl13.pdf,DOS Circular Letter No. 13: Intermission of Banking Operations of Rupali Bank PLC due to Data Center Relocation.,Not Available,01/07/25,13
https://www.bb.org.bd/mediaroom/circulars/dmd/jul012025dmdl11.pdf,DMD Circular Letter No. 11: Regarding Profit Rate Refixation in National Savings Schemes.,Not Available,01/07/25,11
https://www.bb.org.bd/mediaroom/circulars/dos/jun302025dosl12.pdf,DOS Circular Letter No. 12: Time extension of transaction hours on 30 June 2025.,Not Available,30/06/25,12
https://www.bb.org.bd/mediaroom/circulars/brpd/jun252025brpd6.pdf,BRPD Circular No. 06: Instructions to be Followed in Case of Continuous Loan Renewal,Not Available,25/06/25,06
https://www.bb.org.bd/mediaroom/circulars/dmd/jun192025dmdl10.pdf,DMD Circular Letter No. 10: Checklist and undertaking for submitting report for white listing and disposal of exemption applications of institutional investment on savings certificates.,Not Available,19/06/25,10
https://www.bb.org.bd/mediaroom/circulars/dos/jun192025dosl11.pdf,DOS Circular Letter No. 11: Time Extension for Submission of Annual Audit Report of Islami Bank Bangladesh PLC,Not Available,19/06/25,11
https://www.bb.org.bd/mediaroom/circulars/fid/jun162025dfiml14.pdf,DFIM Circular Letter No. 14: Name change of GSP Finance Company (Bangladesh) Limited to GSP Finance Company (Bangladesh) PLC.,Not Available,16/06/25,14
https://www.bb.org.bd/mediaroom/circulars/psd/jun042025psd10.pdf,PSD Circular No. 10: Issuance of PSO-WLMA license to 'SSL Commerz Limited',Not Available,04/06/25,10
https://www.bb.org.bd/mediaroom/circulars/dos/jun042025dosl10.pdf,DOS Circular Letter No. 10: Conducting Banking Services in Limited Scale during Mango season in related areas.,Not Available,04/06/25,10
https://www.bb.org.bd/mediaroom/circulars/sd/jun042025sdl04.pdf,"STD Circular Letter No. 04: Regarding the reporting of loans and advances distributed in the Cottage, Micro, Small, and Medium Enterprises (CMSME) sector in the quarterly SBS-3 statement.",Not Available,04/06/25,04
https://www.bb.org.bd/mediaroom/circulars/fid/jun032025dfiml13.pdf,DFIM Circular Letter No. 13: Rescheduling/restructuring of housing loan/investment.,Not Available,03/06/25,13
https://www.bb.org.bd/mediaroom/circulars/abd/jun032025abd01.pdf,ABD Circular No. 01: Regarding ISO 20022 Standard Migration on SWIFT System,Not Available,03/06/25,01
https://www.bb.org.bd/mediaroom/circulars/psd/jun022025psd09.pdf,PSD Circular No. 09: Regarding PSP license of Shamadhan Services Limited,Not Available,02/06/25,09
https://www.bb.org.bd/mediaroom/circulars/psd/may292025psd08.pdf,"PSD Circular No. 08: Regarding uninterrupted service of ATM, POS, QR Code, Internet Banking, Online e-Payment Gateway & MFS during Eid-ul-Adha Celebration.",Not Available,29/05/25,08
https://www.bb.org.bd/mediaroom/circulars/fepd/may292025fepdl20.pdf,FEPD Circular Letter No. 20: Temporary suspension of export conditions for raw hides and wet blue leather for a period of three months,Not Available,29/05/25,20
https://www.bb.org.bd/mediaroom/circulars/brpd/may292025brpdl13.pdf,BRPD Circular Letter No. 13: Keeping up banking operation and evening banking at the branches/sub branches adjacent to selected Qurbani Cattle Haats in different locations of Dhaka and Chattogram City Corporation on the occasion of Eid-Ul-Adha.,Not Available,29/05/25,13
https://www.bb.org.bd/mediaroom/circulars/dcm/may282025dcml01.pdf,DCM Circular Letter No. 01: Providing note detection services by the officials of scheduled banks to the cattle traders in Qurbani Haat of 2025 for prevention of fake notes.,Not Available,28/05/25,01
https://www.bb.org.bd/mediaroom/circulars/psd/may282025psdl04.pdf,"PSD Circular Letter No. 04: Regarding BACH and RTGS Schedule on 05, 11, 12 June 2025 preceding Eid-Ul-Adha.",Not Available,28/05/25,04
https://www.bb.org.bd/mediaroom/circulars/psd/may282025psd07.pdf,PSD Circular No. 07: Regarding online gambling activities,Not Available,28/05/25,07
https://www.bb.org.bd/mediaroom/circulars/dos/may272025dosl09.pdf,DOS Circular Letter No. 09: Temporary Intermission of Banking Operations of United Commercial Bank PLC. for the purpose of Core Banking system upgradation.,Not Available,27/05/25,09
https://www.bb.org.bd/mediaroom/circulars/brpd/may272025brpdl12.pdf,BRPD Circular Letter No. 12: Name change of National Bank Limited to National Bank PLC.,Not Available,27/05/25,12
https://www.bb.org.bd/mediaroom/circulars/dos/may252025dosl08.pdf,"DOS Circular Letter No. 08: Scheduled bank branches will remain open on 05 June 2025, 11 June 2025 & 12 June 2025 in Limited Scale.",Not Available,25/05/25,08
https://www.bb.org.bd/mediaroom/circulars/fid/may182025dfim02.pdf,DFIM Circular No. 02: Regarding the policies related to establishment/expansion/relocation and rental/lease of finance companies' business centers,Not Available,18/05/25,02
https://www.bb.org.bd/mediaroom/circulars/brpd/may172025brpdl11.pdf,BRPD Circular Letter No. 11: Master Circular on Schedule of Charges.,Not Available,17/05/25,11
https://www.bb.org.bd/mediaroom/circulars/brru/may152025brru01.pdf,"BRRU Circular No. 01: Bank Resolution Ordinance,2025",Not Available,15/05/25,01
https://www.bb.org.bd/mediaroom/circulars/psd/may122025psd06.pdf,PSD Circular No. 06: Regarding PSO license of Paysuite Fintech Limited,Not Available,12/05/25,06
https://www.bb.org.bd/mediaroom/circulars/dos/may082025dosl07.pdf,DOS Circular Letter No. 07: Scheduled bank branches will remain open on 17 & 24 May 2025 and Holiday for Eid-ul-Adha on 11 & 12 June 2025.,Not Available,08/05/25,07
https://www.bb.org.bd/mediaroom/circulars/brpd/may082025brpd04.pdf,BRPD Circular No. 04: Master Circular on Regulation for Overseas Banking Operation,Not Available,08/05/25,04
https://www.bb.org.bd/mediaroom/circulars/dos/may082025dosl06.pdf,DOS Circular Letter No. 06: Time Extension for Submission of Annual Audit Report,Not Available,08/05/25,06
https://www.bb.org.bd/mediaroom/circulars/brpd/may082025brpdl10.pdf,BRPD Circular Letter No. 10: Women’s participation in Agent Banking Operation,Not Available,08/05/25,10
https://www.bb.org.bd/mediaroom/circulars/fid/may082025dfiml12.pdf,DFIM Circular Letter No. 12: On the occasion of Eid ul-Adha the finance companies will remain closed on 11 and 12 June 2025 and open on 17 May 2025 and 24 May 2025.,Not Available,08/05/25,12
https://www.bb.org.bd/mediaroom/circulars/cib/may052025cibl02.pdf,"CIB Circular Letter No. 02: Registration fee for CIB online services, imposition and realization of service charges for CIB reports generated through CIB online system, penalties imposed on banks and FIs failed to contribute batch monthly contribution in time and for disclosure of credit information contained in CIB reports and exaction of money as penalties for these from banks/FIs concerned.",Not Available,05/05/25,02
https://www.bb.org.bd/mediaroom/circulars/fid/apr302025dfiml11.pdf,DFIM Circular Letter No. 11: Name change of CVC Finance Limited to CVC Finance PLC.,Not Available,30/04/25,11
https://www.bb.org.bd/mediaroom/circulars/dos/apr302025dosl05.pdf,DOS Circular Letter No. 05: Intermission of Banking Operations of City Bank PLC due to Data Centre Relocation.,Not Available,30/04/25,05
https://www.bb.org.bd/mediaroom/circulars/fepd/apr242025fepdl17.pdf,FEPD Circular Letter No. 17: Notification regarding government revenue fees for exporting raw jute and jute products abroad,Not Available,24/04/25,17
https://www.bb.org.bd/mediaroom/circulars/fid/apr212025dfiml10.pdf,DFIM Circular Letter No. 10: Setting the temperature of air conditioners to ensure efficient use of electricity.,Not Available,21/04/25,10
https://www.bb.org.bd/mediaroom/circulars/sd/apr162025sd03.pdf,STD Circular Letter No. 03: Reporting in RITs of deposits and loans & advances of NBFCs distributed by rate of interest. Deposit Template  |  Loans and Advances Template,Not Available,16/04/25,03
https://www.bb.org.bd/mediaroom/circulars/fid/apr162025dfiml09.pdf,DFIM Circular Letter No. 09: Policy on Formation of Board and Responsibilities of Directors of Finance Companies.,Not Available,16/04/25,09
https://www.bb.org.bd/mediaroom/circulars/brpd/apr162025brpdl09.pdf,BRPD Circular Letter No. 09: Identification & finalization of willful defaulters and measures to be taken against them.,Not Available,16/04/25,09
https://www.bb.org.bd/mediaroom/circulars/feod/apr132025feodl1.pdf,FEOD Circular Letter No. 1: Payment of Overdue Accepted Bill (Foreign or local),Not Available,13/04/25,1
https://www.bb.org.bd/mediaroom/circulars/brpd/apr132025brpdl08.pdf,BRPD Circular Letter No. 08: Setting the temperature of air conditioners to ensure efficient use of electricity.,Not Available,13/04/25,08
https://www.bb.org.bd/mediaroom/circulars/fepd/apr092025fepdl16.pdf,FEPD Circular Letter No. 16: Regarding the non-attendance of registered child pilgrims for Hajj,Not Available,09/04/25,16
https://www.bb.org.bd/mediaroom/circulars/fid/apr092025dfiml08.pdf,"DFIM Circular Letter No. 08: Finance companies will remain closed in the area of Rangamati, Khagrachari & Bandarban District on 13th April 2025 due to Chaitra Sankranti.",Not Available,09/04/25,08
https://www.bb.org.bd/mediaroom/circulars/dos/apr082025dosl04.pdf,DOS Circular Letter No. 04: Constitution of Special Fund for Capital Market and Investment Policy.,Not Available,08/04/25,04
https://www.bb.org.bd/mediaroom/circulars/fid/apr082025dfiml07.pdf,DFIM Circular Letter No. 07: Establishment of 04(Four) New Departments at Head Office of Bangladesh Bank.,Not Available,08/04/25,07
https://www.bb.org.bd/mediaroom/circulars/dos/apr072025dosl03.pdf,"DOS Circular Letter No. 03: Scheduled banks will remain closed in the area of Rangamati, Khagrachari & Bandarban District on 13th April 2025 due to Chaitra Sankranti.",Not Available,07/04/25,03
https://www.bb.org.bd/mediaroom/circulars/psd/mar272025psd05.pdf,PSD Circular No. 05: Regarding Re-fixation of Mobile Financial Services (MFS) Transaction Limit.,Not Available,27/03/25,05
https://www.bb.org.bd/mediaroom/circulars/psd/mar252025psdl03.pdf,PSD Circular Letter No. 03: Regarding BACH and RTGS schedule on 28 and 29 March 2025 preceding Eid-ul-Fitr,Not Available,25/03/25,03
https://www.bb.org.bd/mediaroom/circulars/sd/mar252025sd02.pdf,STD Circular No. 02: Regarding submission of cards’ (credit/debit/prepaid/other) information on a monthly basis through the web portal as per operation manual.,Not Available,25/03/25,02
https://www.bb.org.bd/mediaroom/circulars/dos/mar242025dosl02.pdf,DOS Circular Letter No. 02: Holiday for Eid-ul-Fitr on 3rd April 2025.,Not Available,24/03/25,02
https://www.bb.org.bd/mediaroom/circulars/psd/mar242025psd04.pdf,"PSD Circular No. 04: Regarding uninterrupted service of ATM, POS, QR Code, Internet Banking, Online e-Payment Gateway & MFS during Eid-ul-Fitr Celebration.",Not Available,24/03/25,04
https://www.bb.org.bd/mediaroom/circulars/fid/mar242025dfiml06.pdf,DFIM Circular Letter No. 06: Holiday for the occasion of Eid ul-Fitr on 03 April 2025.,Not Available,24/03/25,06
https://www.bb.org.bd/mediaroom/circulars/fid/mar242025dfiml05.pdf,DFIM Circular Letter No. 05: Limitation on Ex-Bangladesh travel of finance companies' officials and employees.,Not Available,24/03/25,05
https://www.bb.org.bd/mediaroom/circulars/dmd/mar242025dmdl09.pdf,DMD Circular Letter No. 09: Auction of Central Bank Repo,Not Available,24/03/25,09
https://www.bb.org.bd/mediaroom/circulars/acd/mar232025acdl01.pdf,ACD Circular Letter No. 01: About CIB Reporting for Agricultural and Rural Credit,Not Available,23/03/25,01
https://www.bb.org.bd/mediaroom/circulars/fid/mar202025dfiml04.pdf,DFIM Circular Letter No. 04: Payment of salaries/allowances for the month of March/2025 to officers/employees of the finance companies.,Not Available,20/03/25,04
https://www.bb.org.bd/mediaroom/circulars/brpd/mar202025brpdl07.pdf,BRPD Circular Letter No. 07: Payment of salaries/allowances for the month of March/2025 to officers/employees of scheduled banks.,Not Available,20/03/25,07
https://www.bb.org.bd/mediaroom/circulars/gbcrd/mar172025sfdl02.pdf,SFD Circular Letter No. 02: Target Fixation of Green CMSME and Women Entrepreneur Sector Finance,Not Available,17/03/25,02
https://www.bb.org.bd/mediaroom/circulars/fid/mar172025dfiml03.pdf,DFIM Circular Letter No. 03: Name change of Bangladesh Finance Limited to Bangladesh Finance PLC.,Not Available,17/03/25,03
https://www.bb.org.bd/mediaroom/circulars/smespd/mar172025smespd01.pdf,SMESPD Circular No. 01: Master Circular on CMSME Financing,Not Available,17/03/25,01
https://www.bb.org.bd/mediaroom/circulars/finincld/mar162025fidl01.pdf,FID Circular Letter No. 01: Enhancing Student Engagement in Financial Inclusion under School Banking Policy,Not Available,16/03/25,01
https://www.bb.org.bd/mediaroom/circulars/dos/mar132025dos01.pdf,DOS Circular No. 01: Dividend Declaration Policy for Banks,Not Available,13/03/25,01
https://www.bb.org.bd/mediaroom/circulars/brpd/mar132025brpdl06.pdf,BRPD Circular Letter No. 06: Establishment of 04(Four) New Departments at Head Office of Bangladesh Bank.,Not Available,13/03/25,06
https://www.bb.org.bd/mediaroom/circulars/brpd/mar102025brpdl05.pdf,BRPD Circular Letter No. 05: Exit Policy for Recovery/Settlement of Loans.,Not Available,10/03/25,05
https://www.bb.org.bd/mediaroom/circulars/cib/mar052025cibl01.pdf,CIB Circular Letter No. 01: Revised Policy Guidelines on CIB Online Service.,Not Available,05/03/25,01
https://www.bb.org.bd/mediaroom/circulars/mpd/mar042025mpd01.pdf,MPD Circular No. 01: Change of Cash Reserve Ratio (CRR),Not Available,04/03/25,01
https://www.bb.org.bd/mediaroom/circulars/sd/mar022025sdl02.pdf,STD Circular Letter No. 02: Submission of monthly e-Banking and e-Commerce returns through Revised RIT,Not Available,02/03/25,02
https://www.bb.org.bd/mediaroom/circulars/dmd/feb272025dmdl08.pdf,"DMD Circular Letter No. 08: Time schedule of Bangladesh Government Bill/Bond Auction, Sukuk and BGIIB Auction, Open Market Operation, Inter Bank Repo, Secondary Trade (OTC & TWS) and EDSMoney platform transaction during Ramadan.",Not Available,27/02/25,08
https://www.bb.org.bd/mediaroom/circulars/dmd/feb272025dmdl07.pdf,DMD Circular Letter No. 07: Regarding Meeting Minutes Related to National Savings Schemes.,Not Available,27/02/25,07
https://www.bb.org.bd/mediaroom/circulars/psd/feb262025psd03.pdf,"PSD Circular Letter No. 03: Change in BACH and RTGS Schedule during the month of Holy Ramadan, Hijri-1446 (2025).",Not Available,26/02/25,03
https://www.bb.org.bd/mediaroom/circulars/fid/feb252025dfiml02.pdf,DFIM Circular Letter No. 02: Office time table of the Finance Companies during the month of Holy Ramadan of Hijri 1446.,Not Available,25/02/25,02
https://www.bb.org.bd/mediaroom/circulars/dos/feb242025dosl01.pdf,DOS Circular Letter No. 01: Office time table of the bank companies during the month of Holy Ramadan of Hijri 1446.,Not Available,24/02/25,01
https://www.bb.org.bd/mediaroom/circulars/brpd/feb162025brpdl04.pdf,BRPD Circular Letter No. 04 : Resolving Existing Difficulties of Raw Jute Exporters.,Not Available,16/02/25,04
https://www.bb.org.bd/mediaroom/circulars/fepd/feb132025fepdl11.pdf,FEPD Circular Letter No. 11: Tax Deduction from Resident Tax Paying Shipping Business.,Not Available,13/02/25,11
https://www.bb.org.bd/mediaroom/circulars/psd/feb062025psd02.pdf,PSD Circular No. 02: Determination of Fees/Charges for NPSB Transactions and Government Payments,Not Available,06/02/25,02
https://www.bb.org.bd/mediaroom/circulars/dmd/feb022025dmdl06.pdf,DMD Circular Letter No. 06: Regarding Amendment of Instructions Related to Online Management System of National Savings Scheme.,Not Available,02/02/25,06
https://www.bb.org.bd/mediaroom/circulars/fid/jan302025dfim01.pdf,DFIM Circular No. 01: Regarding Banking Professional Exam.,Not Available,30/01/25,01
https://www.bb.org.bd/mediaroom/circulars/fepd/jan222025fepdl04.pdf,FEPD Circular Letter No. 04: Performing Hajj 1446 Hizri/2025 under Private Management,Not Available,22/01/25,04
https://www.bb.org.bd/mediaroom/circulars/dmd/jan212025dmdl04.pdf,DMD Circular Letter No. 04: Regarding Amendment in Family Saving Certificate Policy.,Not Available,21/01/25,04
https://www.bb.org.bd/mediaroom/circulars/psd/jan202025psdl01.pdf,PSD Circular Letter No. 01: Regarding Payment and Settlement System Act 2024,Not Available,20/01/25,01
https://www.bb.org.bd/mediaroom/circulars/brpd/jan192025brpdl02.pdf,BRPD Circular Letter No. 02: Limitation on Ex-Bangladesh travel of bank officials and employees.,Not Available,19/01/25,02
https://www.bb.org.bd/mediaroom/circulars/dmd/jan162025dmdl03.pdf,DMD Circular Letter No. 03: Profit Rate Refixation in National Savings Schemes,Not Available,16/01/25,03
https://www.bb.org.bd/mediaroom/circulars/brpd/jan162025brpd02.pdf,BRPD Circular No. 02: Regarding Banking Professional Exam.,Not Available,16/01/25,02
https://www.bb.org.bd/mediaroom/circulars/sd/jan152025sd01.pdf,STD Circular No. 01: Regarding the submission of Islamic Financial Transactions related data by NBFCs through data template,Not Available,15/01/25,01
https://www.bb.org.bd/mediaroom/circulars/brpd/jan142025brpd01.pdf,BRPD Circular No. 01: Taking Prior Approval of Bangladesh Bank to Appoint Alternate Director in Bank Companies.,Not Available,14/01/25,01
https://www.bb.org.bd/mediaroom/circulars/fid/jan122025dfiml01.pdf,DFIM Circular Letter No. 01: Appointment of Independent Directors in a Finance Company.,Not Available,12/01/25,01
https://www.bb.org.bd/mediaroom/circulars/dmd/jan092025dmdl02.pdf,DMD Circular Letter No. 02: Regarding Policy Amendments in National Savings Schemes.,Not Available,09/01/25,02
https://www.bb.org.bd/mediaroom/circulars/sd/jan082025sdl01.pdf,STD Circular Letter No. 01: Regarding updated format of NBFI-2 and NBFI-3 returns,Not Available,08/01/25,01
https://www.bb.org.bd/mediaroom/circulars/smespd/jan082025smespdl01.pdf,SMESPD Circular Letter No. 01: Incentive facility for loans & advances provided to women entrepreneurs on CMSME sector,Not Available,08/01/25,01
https://www.bb.org.bd/mediaroom/circulars/dmd/jan052025dmdl01.pdf,DMD Circular Letter No. 01: Regarding Policy Amendments in National Savings Schemes.,Not Available,05/01/25,01
https://www.bb.org.bd/mediaroom/circulars/brpd/jan022025brpdl01.pdf,BRPD Circular Letter No. 01: L/C Margin for Importing Car,Not Available,02/01/25,01
https://www.bb.org.bd/mediaroom/circulars/brpd/dec312024brpdl60.pdf,BRPD Circular Letter No. 60: Regarding Guidelines on Internal Credit Risk Rating System,Not Available,31/12/24,60
https://www.bb.org.bd/mediaroom/circulars/brpd/dec312024brpdl58.pdf,BRPD Circular Letter No. 58: Transfer of interest to income account and maintaining provision against loans.,Not Available,31/12/24,58
https://www.bb.org.bd/mediaroom/circulars/brpd/dec312024brpd57.pdf,BRPD Circular Letter No. 57: Precautionary measures to ensure safety of the business centers and other establishments of banks.,Not Available,31/12/24,57
https://www.bb.org.bd/mediaroom/circulars/dos/dec302024dosl31.pdf,DOS Circular Letter No. 31: Regarding Post Import Financing-PIF statement. Data Input Template,Not Available,30/12/24,31
https://www.bb.org.bd/mediaroom/circulars/brpd/dec302024brpdl56.pdf,BRPD Circular Letter No. 56: Formation of Board and Responsibilities of Directors of a Bank-Company.,Not Available,30/12/24,56
https://www.bb.org.bd/mediaroom/circulars/sd/dec292024sd03.pdf,STD Circular No. 03: Reporting in RITs of deposits and loans & advances distributed by rate of interest. Deposit Template  |  Loans and Advance Template,Not Available,29/12/24,03
https://www.bb.org.bd/mediaroom/circulars/fid/dec262024dfiml42.pdf,DFIM Circular Letter No. 42: Determination of the maximum age limit of employees for direct recruitment in finance companies.,Not Available,26/12/24,42
https://www.bb.org.bd/mediaroom/circulars/dos/dec262024dosl30.pdf,DOS Circular Letter No. 30: Hajj activities related scheduled bank branches remain open after office hour on 26 December 2024,Not Available,26/12/24,30
https://www.bb.org.bd/mediaroom/circulars/sd/dec222024sd02.pdf,STD Circular No. 02: Reporting of loan classification in SBS-3 and Loans and Advances Distributed by Rate of Interest Statement,Not Available,22/12/24,02
https://www.bb.org.bd/mediaroom/circulars/dos/dec192024dosl29.pdf,DOS Circular Letter No. 29: Intermission of Banking Services of National Bank Limited due to Migration to New Core Banking Software.,Not Available,19/12/24,29
https://www.bb.org.bd/mediaroom/circulars/dmd/dec192024dmdl15.pdf,DMD Circular Letter No. 15: Regarding Clarifications about the Revised Policies of National Savings Schemes,Not Available,19/12/24,15
https://www.bb.org.bd/mediaroom/circulars/fid/dec152024dfiml41.pdf,DFIM Circular Letter No. 41: Name Change of United Finance Limited to United Finance PLC.,Not Available,15/12/24,41
https://www.bb.org.bd/mediaroom/circulars/dos/dec152024dosl28.pdf,DOS Circular Letter No. 28: Hajj activities related scheduled bank branches remain open after office hour on 15 December 2024.,Not Available,15/12/24,28
https://www.bb.org.bd/mediaroom/circulars/brpd/dec122024brpdl55.pdf,"BRPD Circular Letter No. 55: Exemption from the provision of section 27kaka and 26kha of Bank Company Act, 1991.",Not Available,12/12/24,55
https://www.bb.org.bd/mediaroom/circulars/brpd/dec122024brpdl54.pdf,BRPD Circular Letter No. 54: Determination of the maximum age limit for recruiting employees in bank,Not Available,12/12/24,54
https://www.bb.org.bd/mediaroom/circulars/fid/dec122024dfiml40.pdf,"DFIM Circular Letter No. 40: Appointment of Independent Directors of a Finance-Company and their Duties, Responsibilities and Honorarium.",Not Available,12/12/24,40
https://www.bb.org.bd/mediaroom/circulars/fepd/dec092024fepdl6935.pdf,FEPD Letter No. FEPD(LDA)/147(1)/2024-6935: Discontinuation of submission of Wage Remittance related statements to Bangladesh Bank.,Not Available,09/12/24,
https://www.bb.org.bd/mediaroom/circulars/fid/dec082024dfiml39.pdf,DFIM Circular Letter No. 39: Regarding Transfer of Jute Sector Outstanding Loans to Block Account.,Not Available,08/12/24,39
https://www.bb.org.bd/mediaroom/circulars/brpd/dec052024brpdl53.pdf,BRPD Circular Letter No. 53: Providing required information along with necessary assistance for the Economic Census 2024.,Not Available,05/12/24,53
https://www.bb.org.bd/mediaroom/circulars/fepd/dec052024fepd36.pdf,FEPD Circular No. 36: Export subsidy with bond/duty drawback facility against export of Footwear and bag made of Synthetic & Fabrics,Not Available,05/12/24,36
https://www.bb.org.bd/mediaroom/circulars/fid/dec042024dfiml38.pdf,DFIM Circular Letter No. 38: Providing necessary assistance in the Economic Census 2024.,Not Available,04/12/24,38
https://www.bb.org.bd/mediaroom/circulars/fid/dec042024dfiml37.pdf,DFIM Circular Letter No. 37: Master Circular: Loan/Lease Classification and Provisioning.,Not Available,04/12/24,37
https://www.bb.org.bd/mediaroom/circulars/dos/dec042024dosl27.pdf,DOS Circular Letter No. 27: Intermission of Core Banking Services and Agent Banking Services of Dutch-Bangla Bank PLC due to Migration to New Core Banking Software.,Not Available,04/12/24,27
https://www.bb.org.bd/mediaroom/circulars/fid/dec032024dfiml36.pdf,DFIM Circular Letter No. 36: Loan/Lease Classification and Provisioning.,Not Available,03/12/24,36
https://www.bb.org.bd/mediaroom/circulars/brpd/dec012024brpdl52.pdf,BRPD Circular Letter No. 52: Rationalization of Interest Rate on Credit Card,Not Available,01/12/24,52
https://www.bb.org.bd/mediaroom/circulars/fid/nov282024dfiml35.pdf,DFIM Circular Letter No. 35: Celebration/Observance of national and international days.,Not Available,28/11/24,35
https://www.bb.org.bd/mediaroom/circulars/brpd/nov272024brpdl51.pdf,BRPD Circular Letter No. 51: Celebration/Observance of national and international days,Not Available,27/11/24,51
https://www.bb.org.bd/mediaroom/circulars/dmd/nov272024dmdl14.pdf,DMD Circular Letter No. 14: Regarding introduction of 90 and 180 days Bangladesh Bank Bill.,Not Available,27/11/24,14
https://www.bb.org.bd/mediaroom/circulars/fepd/nov272024fepd33.pdf,FEPD Circular No. 33: Cash incentive against export of leather and leather goods,Not Available,27/11/24,33
https://www.bb.org.bd/mediaroom/circulars/brpd/nov272024brpdl50.pdf,BRPD Circular Letter No. 50: Loss from exchange rate fluctuations during settlement of import liability,Not Available,27/11/24,50
https://www.bb.org.bd/mediaroom/circulars/sd/nov262024sd01.pdf,"SD Circular No. 01: Regarding the inclusion of OBU (Offshore Banking Units) data in SBS-2, SBS-3, and interest rate statements.",Not Available,26/11/24,01
https://www.bb.org.bd/mediaroom/circulars/fepd/nov212024fepdl18.pdf,FEPD Circular Letter No. 18: Export incentive/cash subsidy against export of agricultural and agro-processed product,Not Available,21/11/24,18
https://www.bb.org.bd/mediaroom/circulars/dcm/nov182024dcml04.pdf,DCM Circular Letter No. 04: Regarding exchange and storing of coins by scheduled banks.,Not Available,18/11/24,04
https://www.bb.org.bd/mediaroom/circulars/fid/nov172024dfiml34.pdf,DFIM Circular Letter No. 34: List of Holidays for the Year 2025.,Not Available,17/11/24,34
https://www.bb.org.bd/mediaroom/circulars/cib/nov142024cibl03.pdf,"CIB Circular Letter No. 03: Registration fee for CIB online services, imposition and realization of service charges for CIB reports generated through CIB online system, penalties imposed on banks and FIs failed to contribute batch monthly contribution in time and for disclosure of credit information contained in CIB reports and exaction of money as penalties for these from banks/FIs concerned.",Not Available,14/11/24,03
https://www.bb.org.bd/mediaroom/circulars/brpd/nov142024brpdl49.pdf,BRPD Circular Letter No. 49: Regarding Transfer of Jute Sector Outstanding Loans to Block Account.,Not Available,14/11/24,49
https://www.bb.org.bd/mediaroom/circulars/brpd/nov132024brpdl48.pdf,BRPD Circular Letter No. 48: Opening L/C and L/C Margin for Importing Fertilizer.,Not Available,13/11/24,48
https://www.bb.org.bd/mediaroom/circulars/psd/nov132024psd09.pdf,PSD Circular No. 09: Determination of Fees/Charges for Online Income Tax Payment.,Not Available,13/11/24,09
https://www.bb.org.bd/mediaroom/circulars/cgd/nov072024cgdl02.pdf,CGD Circular Letter No. 02:,Not Available,07/11/24,02
https://www.bb.org.bd/mediaroom/circulars/brpd/nov062024brpdl47.pdf,BRPD Circular Letter No. 47: Opening L/C and L/C Margin for importing essential consumer goods in the occasion of Holy Ramadan,Not Available,06/11/24,47
https://www.bb.org.bd/mediaroom/circulars/gbcrd/nov062024sfd02.pdf,SFD Circular No. 02: Green Finance and Sustainable Finance Target and Achievement,Not Available,06/11/24,02
https://www.bb.org.bd/mediaroom/circulars/dmd/nov062024dmdl13.pdf,DMD Circular Letter No. 13: Regarding Policy Revisions in National Savings Schemes,Not Available,06/11/24,13
https://www.bb.org.bd/mediaroom/circulars/fid/nov052024dfiml33.pdf,DFIM Circular Letter No. 33: Name Change of Islamic Finance and Investment Limited to Islamic Finance and Investment PLC.,Not Available,05/11/24,33
https://www.bb.org.bd/mediaroom/circulars/fid/nov032024dfiml32.pdf,DFIM Circular Letter No. 32: Filing Income Tax Returns of Individual Taxpayers Online through Electronic Mode.,Not Available,03/11/24,32
https://www.bb.org.bd/mediaroom/circulars/dmd/oct312024dmd03.pdf,DMD Circular No. 03: Selection of Benchmark Government Securities and Two-Way Price Quoting,Not Available,31/10/24,03
https://www.bb.org.bd/mediaroom/circulars/fepd/oct302024fepd25.pdf,FEPD Circular No. 25: Export subsidy against export of Footwear made of Synthetic & Fabrics,Not Available,30/10/24,25
https://www.bb.org.bd/mediaroom/circulars/aml/oct242024bfiul02.pdf,BFIU Circular Letter No. 02: Circular letter regarding Cash Transaction Report (CTR).,Not Available,24/10/24,02
https://www.bb.org.bd/mediaroom/circulars/brpd/oct232024brpdl46.pdf,BRPD Circular Letter No. 46: Special order regarding filing of return through electronic mode for an individual taxpayer.,Not Available,23/10/24,46
https://www.bb.org.bd/mediaroom/circulars/mpd/oct222024mpd05.pdf,MPD Circular No. 05: Re-fixation of Interest Rate Corridor (IRC),Not Available,22/10/24,05
https://www.bb.org.bd/mediaroom/circulars/brpd/oct212024brpdl45.pdf,BRPD Circular Letter No. 45: Name change of Trust Bank Limited to Trust Bank PLC.,Not Available,21/10/24,45
https://www.bb.org.bd/mediaroom/circulars/dmd/oct212024dmdl12.pdf,DMD Circular Letter No. 12: Auction of Central Bank Repo,Not Available,21/10/24,12
https://www.bb.org.bd/mediaroom/circulars/fid/oct202024dfiml31.pdf,DFIM Circular Letter No. 31: Repayment/adjustment of loans of borrowers affected by recent floods,Not Available,20/10/24,31
https://www.bb.org.bd/mediaroom/circulars/brpd/oct142024brpdl44.pdf,BRPD Circular Letter No. 44: Regarding Transfer of Jute Sector Outstanding Loans to Block Account.,Not Available,14/10/24,44
https://www.bb.org.bd/mediaroom/circulars/fid/oct092024dfiml30.pdf,DFIM Circular Letter No. 30: General holiday for the occasion of Durga Puja on 10th October 2024.,Not Available,09/10/24,30
https://www.bb.org.bd/mediaroom/circulars/dos/oct082024dosl25.pdf,DOS Circular Letter No. 25: Holiday for the occasion of Durgapuja on 10th October 2024.,Not Available,08/10/24,25
https://www.bb.org.bd/mediaroom/circulars/fepd/oct072024fepdl17.pdf,FEPD Circular Letter No. 17: Cash incentive against export of frozen shrimps and other fishes.,Not Available,07/10/24,17
https://www.bb.org.bd/mediaroom/circulars/fid/oct072024dfiml29.pdf,DFIM Circular Letter No. 29: Submission of Statement of written-off loans/leases/investments using BB Enterprise Data Warehouse Portal through Rationalized Input Template (RIT).,Not Available,07/10/24,29
https://www.bb.org.bd/mediaroom/circulars/fid/oct062024dfim05.pdf,DFIM Circular No. 05: Interest/Profit Rate of Deposit and Loan/Lease/Investment.,Not Available,06/10/24,05
https://www.bb.org.bd/mediaroom/circulars/cib/oct032024cib02.pdf,CIB Circular Letter No. 02: Regarding cut off time of upload of Credit Information to the Credit Information System (CIS).,Not Available,03/10/24,02
https://www.bb.org.bd/mediaroom/circulars/fepd/oct022024fepdl16.pdf,FEPD Circular Letter No. 16: Clarification Regarding Export Incentive against export of Diversified Jute Products,Not Available,02/10/24,16
https://www.bb.org.bd/mediaroom/circulars/finincld/sep292024fidl01.pdf,"FID Circular Letter No. 01: Refinancing Scheme for Marginal/Landless Farmers, Low Income Professionals, School Banking Account Holders and Small Businessmen with Tk.10/50/100 Account Holders",Not Available,29/09/24,01
https://www.bb.org.bd/mediaroom/circulars/fid/sep242024dfiml28.pdf,DFIM Circular Letter No. 28: Name Change of IPDC Finance Limited to IPDC Finance PLC.,Not Available,24/09/24,28
https://www.bb.org.bd/mediaroom/circulars/mpd/sep242024mpd04.pdf,MPD Circular No. 04: Re-fixation of Interest Rate Corridor (IRC),Not Available,24/09/24,04
https://www.bb.org.bd/mediaroom/circulars/fid/sep242024dfiml27.pdf,DFIM Circular Letter No. 27: Participation in Board of Directors and Support Committee meetings virtually.,Not Available,24/09/24,27
https://www.bb.org.bd/mediaroom/circulars/dmd/sep242024dmdl10.pdf,DMD Circular Letter No. 10: Instructions to be followed for sales and after sales service of National Savings Schemes,Not Available,24/09/24,10
https://www.bb.org.bd/mediaroom/circulars/brpd/sep182024brpdl43.pdf,BRPD Circular Letter No. 43: Conducting Meeting in Hybrid Mode.,Not Available,18/09/24,43
https://www.bb.org.bd/mediaroom/circulars/fepd/sep122024fepd16.pdf,FEPD Circular No. 16: Regarding cash incentive on wage earners' remittance through legal channel against compensation for death or accident of Bangladeshi nationals working abroad,Not Available,12/09/24,16
https://www.bb.org.bd/mediaroom/circulars/cib/sep102024cib03.pdf,CIB Circular No. 03: Regarding reporting of loans sanctioned against a company having various units/factories in CIB Database.,Not Available,10/09/24,03
https://www.bb.org.bd/mediaroom/circulars/brpd/sep102024brpdl42.pdf,BRPD Circular Letter No. 42: Name change of NRB Bank Limited to NRB Bank PLC.,Not Available,10/09/24,42
https://www.bb.org.bd/mediaroom/circulars/brpd/sep052024brpdl41.pdf,BRPD Circular Letter No. 41: L/C Margin on Import Financing.,Not Available,05/09/24,41
https://www.bb.org.bd/mediaroom/circulars/smedp-2/sep052024smedp-201.pdf,SMEDP-2 Circular No. 01: Revolving Fund for CMSMEs under Second Small and Medium Sized Enterprise Development Project (SMEDP-2),Not Available,05/09/24,01
https://www.bb.org.bd/mediaroom/circulars/brpd/sep012024brpdl40.pdf,BRPD Circular Letter No. 40: Loan facility for payment of salaries and allowances to workers of active export-oriented industries,Not Available,01/09/24,40
https://www.bb.org.bd/mediaroom/circulars/brpd/sep012024brpdl39.pdf,BRPD Circular Letter No. 39: Repayment/adjustment of loans of borrowers affected by recent floods,Not Available,01/09/24,39
https://www.bb.org.bd/mediaroom/circulars/acd/aug292024acd01.pdf,ACD Circular No. 01: Agricultural and Rural Credit Policy and Program for the FY 2024-2025,Not Available,29/08/24,01
https://www.bb.org.bd/mediaroom/circulars/fid/aug272024dfiml26.pdf,DFIM Circular Letter No. 26: Appointment and Responsibilities of Managing Director/Chief Executive Officer of a Finance Company.,Not Available,27/08/24,26
https://www.bb.org.bd/mediaroom/circulars/mpd/aug252024mpd03.pdf,MPD Circular No. 03: Re-fixation of Interest Rate Corridor (IRC),Not Available,25/08/24,03
https://www.bb.org.bd/mediaroom/circulars/gbcrd/aug252024sfdl02.pdf,SFD Circular Letter No. 02: Distribution of Financial & Relief Assistance in the Flood-prone Areas across the Country under Corporate Social Responsibility (CSR) Programme,Not Available,25/08/24,02
https://www.bb.org.bd/mediaroom/circulars/brpd/aug222024brpdl38.pdf,BRPD Circular Letter No. 38: Appointment and Responsibilities of Managing Director/Chief Executive Officer of a bank-company.,Not Available,22/08/24,38
https://www.bb.org.bd/mediaroom/circulars/aml/aug152024bfiul01.pdf,BFIU Circular Letter No. 01: Circular letter regarding Cash Transaction Report (CTR).,Not Available,15/08/24,01
https://www.bb.org.bd/mediaroom/circulars/fid/aug142024dfiml25.pdf,DFIM Circular Letter No. 25: Cancellation of general holiday on August 15.,Not Available,14/08/24,25
https://www.bb.org.bd/mediaroom/circulars/dos/aug142024dosl24.pdf,DOS Circular Letter No. 24: Cancellation of Holiday on 15th August 2024.,Not Available,14/08/24,24
https://www.bb.org.bd/mediaroom/circulars/brpd/aug112024brpdl37.pdf,BRPD Circular Letter No. 37: Refraining from anti-disciplinary activities in the bank-company.,Not Available,11/08/24,37
https://www.bb.org.bd/mediaroom/circulars/brpd/aug072024brpdl36.pdf,BRPD Circular Letter No. 36: Taking thumb impression on loan related charge documents.,Not Available,07/08/24,36
https://www.bb.org.bd/mediaroom/circulars/dos/aug062024dosl23.pdf,DOS Circular Letter No. 23: Conducting Normal Banking Services.,Not Available,06/08/24,23
https://www.bb.org.bd/mediaroom/circulars/dos/aug042024dosl22.pdf,DOS Circular Letter No. 22: Keeping bank branches closed from 5th August 2024 to 7th August 2024,Not Available,04/08/24,22
https://www.bb.org.bd/mediaroom/circulars/brpd/aug042024brpd14.pdf,BRPD Circular No. 14: Strengthening the Law Department/Legal Team of Banks.,Not Available,04/08/24,14
https://www.bb.org.bd/mediaroom/circulars/brpd/aug012024brpdl35.pdf,BRPD Circular Letter No. 35: Implementation of Programs for National Mourning Day 2024.,Not Available,01/08/24,35
https://www.bb.org.bd/mediaroom/circulars/psd/aug012024psdl09.pdf,"PSD Circular Letter No. 09: Regarding Payment and Settlement System Act, 2024",Not Available,01/08/24,09
https://www.bb.org.bd/mediaroom/circulars/feod/jul312024feod03.pdf,"FEOD Circular No. 03: Instructions regarding accurate , complete and timely reporting in the Foreign Exchange Dashboard.",Not Available,31/07/24,03
https://www.bb.org.bd/mediaroom/circulars/psd/jul302024psdl08.pdf,PSD Circular Letter No. 08: Regarding BACH and RTGS Transaction Schedule.,Not Available,30/07/24,08
https://www.bb.org.bd/mediaroom/circulars/dos/jul302024dosl21.pdf,DOS Circular Letter No. 21: Change in Bank Office and Transaction hours.,Not Available,30/07/24,21
https://www.bb.org.bd/mediaroom/circulars/dos/jul282024dosl20.pdf,DOS Circular Letter No. 20: Conducting Banking Service from 28 July 2024 to 30 July 2024.,Not Available,28/07/24,20
https://www.bb.org.bd/mediaroom/circulars/psd/jul282024psdl07.pdf,PSD Circular Letter No. 07: Transaction Schedule of BACH & RTGS for the date of 28th to 30th July 2024.,Not Available,28/07/24,07
https://www.bb.org.bd/mediaroom/circulars/fid/jul242024dfiml24.pdf,DFIM Circular Letter No. 24: Payment of the loan and installment of savings schemes.,Not Available,24/07/24,24
https://www.bb.org.bd/mediaroom/circulars/brpd/jul242024brpdl34.pdf,BRPD Circular Letter No. 34: Payment of the loan and credit card due and installment of savings schemes.,Not Available,24/07/24,34
https://www.bb.org.bd/mediaroom/circulars/psd/jul242024psdl06.pdf,PSD Circular Letter No. 06: BACH and RTGS transaction period for the date of 24-25 July 2024.,Not Available,24/07/24,06
https://www.bb.org.bd/mediaroom/circulars/brpd/jul182024brpdl33.pdf,"BRPD Circular Letter No. 33: Appointment of Independent Directors of a Bank-Company and their Duties, Responsibilities and Honorarium.",Not Available,18/07/24,33
https://www.bb.org.bd/mediaroom/circulars/fepd/jul162024fepdl12.pdf,"FEPD Circular Letter No. 12: Regarding the amendments related to duties made in the Artha Ain, 2024 presented in the budget for the financial year 2024-2025",Not Available,16/07/24,12
https://www.bb.org.bd/mediaroom/circulars/fepd/jul142024fepd14.pdf,FEPD Circular No. 14: Export Subsidy against export of Finished Leather,Not Available,14/07/24,14
https://www.bb.org.bd/mediaroom/circulars/dos/jul142024dosl19.pdf,DOS Circular Letter No 19: Intermission of Banking Operations of IFIC Bank PLC due to CBS Up gradation .,Not Available,14/07/24,19
https://www.bb.org.bd/mediaroom/circulars/brpd/jul112024brpdl32.pdf,BRPD Circular Letter No. 32: Encashment of Performance Security.,Not Available,11/07/24,32
https://www.bb.org.bd/mediaroom/circulars/brpd/jul092024brpdl31.pdf,"BRPD Circular Letter No. 31: Rules for External Audit of Bank-Companies, 2024.",Not Available,09/07/24,31
https://www.bb.org.bd/mediaroom/circulars/brpd/jul082024brpdl30.pdf,BRPD Circular Letter No. 30: Providing online banking services to the customers of Islamic banking branches and window’s at Conventional branches and sub-branches.,Not Available,08/07/24,30
https://www.bb.org.bd/mediaroom/circulars/brpd/jul082024brpd13.pdf,BRPD Circular No. 13: Exit Policy for Recovery/Settlement of Loans.,Not Available,08/07/24,13
https://www.bb.org.bd/mediaroom/circulars/fepd/jul082024fepdl10.pdf,FEPD Circular Letter No. 10: Appointment of Audit firms for Auditing of Export Incentive/Export Subsidy,Not Available,08/07/24,10
https://www.bb.org.bd/mediaroom/circulars/fepd/jul022024fepdl9.pdf,FEPD Circular Letter No. 09: Clarification Regarding Export Incentive against export of Diversified Jute Products,Not Available,02/07/24,09
https://www.bb.org.bd/mediaroom/circulars/dmd/jul012024dmdl09.pdf,DMD Circular Letter No. 09: Auction of Central Bank Repo.,Not Available,01/07/24,09
https://www.bb.org.bd/mediaroom/circulars/cgd/jul012024cgdl01.pdf,CGD Circular Letter No. 01: Circular on Reducing Guarantee Fee against Credit Guarantee Facilities in CMSMEs and Financial Inclusion Sector.,Not Available,01/07/24,01
https://www.bb.org.bd/mediaroom/circulars/dmd/jun302024dmdl08.pdf,DMD Circular Letter No. 08: Auction of Central Bank Repo.,Not Available,30/06/24,08
https://www.bb.org.bd/mediaroom/circulars/fepd/jun302024fepd12.pdf,FEPD Circular No. 12: Export Subsidy/Cash Incentive for the financial year 2024-2025,Not Available,30/06/24,12
https://www.bb.org.bd/mediaroom/circulars/acd/jun272024acdl02.pdf,ACD Circular Letter No. 02: Refinance scheme of 5000 Crore Taka for agriculture sector to ensure food security of the country.,Not Available,27/06/24,02
https://www.bb.org.bd/mediaroom/circulars/brpd/jun252024brpdl29.pdf,BRPD Circular Letter No. 29: Repayment Procedure of Term Loan.,Not Available,25/06/24,29
https://www.bb.org.bd/mediaroom/circulars/fid/jun242024dfiml23.pdf,"DFIM Circular Letter No. 23: Keeping finance company branches closed in the election areas on 26th June, 2024 for the General Election/By-Election of 02 Municipals.",Not Available,24/06/24,23
https://www.bb.org.bd/mediaroom/circulars/cib/jun232024cib02.pdf,"CIB Circular No. 02: Regarding Reporting of Credit Information having Credit Guarantee Facilities as ""CGS"" in Credit Information System (CIS).",Not Available,23/06/24,02
https://www.bb.org.bd/mediaroom/circulars/dos/jun232024dosl18.pdf,"DOS Circular Letter No. 18: Keeping scheduled bank branches closed in the election areas on 26th June, 2024 for the General Election/By-Election of 02 Municipals.",Not Available,23/06/24,18
https://www.bb.org.bd/mediaroom/circulars/dmd/jun132024dmdl07.pdf,"DMD Circular Letter No. 07: Time schedule of Bangladesh Government Bill/Bond Auction, Bangladesh Bank Bill Auction, Repo, ALS, IBLF & EDSMoney platform transaction",Not Available,13/06/24,07
https://www.bb.org.bd/mediaroom/circulars/fid/jun122024dfiml22.pdf,DFIM Circular Letter No. 22: Office time table of the Financial Institutions,Not Available,12/06/24,22
https://www.bb.org.bd/mediaroom/circulars/psd/jun122024psdl05.pdf,"PSD Circular Letter No. 05: Regarding BACH and RTGS Transaction Schedule on 14, 15 and 16 June 2024 Preceding Eid-ul-Adha",Not Available,12/06/24,05
https://www.bb.org.bd/mediaroom/circulars/psd/jun122024psdl04.pdf,PSD Circular Letter No. 04: Change in BACH and RTGS Transaction Schedule,Not Available,12/06/24,04
https://www.bb.org.bd/mediaroom/circulars/dcm/jun112024dcml03.pdf,"DCM Circular Letter No. 03: Providing note detection services by the officials of scheduled banks to the cattle traders in ""Qurbani haat"" of 2024 for prevention of fake notes.",Not Available,11/06/24,03
https://www.bb.org.bd/mediaroom/circulars/brpd/jun112024brpdl28.pdf,BRPD Circular Letter No. 28: Limitation on Ex-Bangladesh travel of bank officials and employees.,Not Available,11/06/24,28
https://www.bb.org.bd/mediaroom/circulars/psd/jun112024psd07.pdf,"PSD Circular No. 07: Ensuring uninterrupted ATM, POS, QR Code, Internet Banking, Online e-Payment Gateway and MFS during the vacation of Eid-ul-Azha.",Not Available,11/06/24,07
https://www.bb.org.bd/mediaroom/circulars/brpd/jun112024brpdl27.pdf,"BRPD Circular Letter No. 27: Extension of Banking Hour as well as Keeping the Bank Branches/Sub Branches Open adjacent to Qurbani Cattle haat under Dhaka South City Corporation, Dhaka North City Corporation, Chattogram City Corporation and Singra Paurashava, Natore.",Not Available,11/06/24,27
https://www.bb.org.bd/mediaroom/circulars/fepd/jun102024fepd11.pdf,FEPD Circular No. 11: Regarding cash incentive disbursement against monthly deposits under 'Probash Scheme' by wage earners.,Not Available,10/06/24,11
https://www.bb.org.bd/mediaroom/circulars/dos/jun092024dosl17.pdf,DOS Circular Letter No. 17: Change in Bank office and transaction hours.,Not Available,09/06/24,17
https://www.bb.org.bd/mediaroom/circulars/dos/jun092024dosl16.pdf,"DOS Circular Letter No. 16: Keeping scheduled bank branches of garments industry areas open on 14, 15 and 16 June, 2024 for the payment of garment workers' wages, bonus and other allowances before Eid-ul-Azha in limited scale.",Not Available,09/06/24,16
https://www.bb.org.bd/mediaroom/circulars/fid/jun062024dfiml21.pdf,"DFIM Circular Letter No. 21: Keeping finance company branches closed in the election areas on 09th June, 2024 for the General Election of 21 Upazilla Parishads.",Not Available,06/06/24,21
https://www.bb.org.bd/mediaroom/circulars/psd/jun062024psd06.pdf,"PSD Circular No. 06: Regarding ""Guidelines for issuing Prepaid Instrument (PI) by non-payment system entities, 2024""",Not Available,06/06/24,06
https://www.bb.org.bd/mediaroom/circulars/dos/jun062024dosl15.pdf,"DOS Circular Letter No. 15: Keeping scheduled bank branches closed in the election areas on 09th June, 2024 for the General Election of 21 Upazilla Parishads .",Not Available,06/06/24,15
https://www.bb.org.bd/mediaroom/circulars/psd/jun052024psd05.pdf,"PSD Circular No. 05: Guidelines on Licensing, Operation and Regulation of Credit Bureau.",Not Available,05/06/24,05
https://www.bb.org.bd/mediaroom/circulars/dmd/jun042024dmdl06.pdf,DMD Circular Letter No. 06: Mark to Market (MTM) based Revaluation of Treasury Bills & Bonds held by the Banks on the basis of Published Secondary Yield.,Not Available,04/06/24,06
https://www.bb.org.bd/mediaroom/circulars/brpd/jun032024brpdl26.pdf,"BRPD Circular Letter No. 26: Exemption from Compliance of Section 14(ka)(1) of the Bank Company Act, 1991.",Not Available,03/06/24,26
https://www.bb.org.bd/mediaroom/circulars/brpd/jun032024brpdl25.pdf,"BRPD Circular Letter No. 25: Scheduling of ""Nagad Digital Bank PLC"".",Not Available,03/06/24,25
https://www.bb.org.bd/mediaroom/circulars/brpd/jun032024brpdl24.pdf,BRPD Circular Letter No. 24: Precautionary measures to ensure safety of the business centers of banks.,Not Available,03/06/24,24
https://www.bb.org.bd/mediaroom/circulars/dmd/jun022024dmd01.pdf,DMD Circular No. 01: Regarding the live operation of Financial Market Infrastructure (FMI) System related to the management of Government Securities.,Not Available,02/06/24,01
https://www.bb.org.bd/mediaroom/circulars/gbcrd/may302024sfd01e.pdf,SFD Circular No. 01: Showing the expenditure for promoting the use of Bangla QR as CSR expenditure,Not Available,30/05/24,01
https://www.bb.org.bd/mediaroom/circulars/fepd/may302024fepdl08.pdf,FEPD Circular Letter No. 08: Cash incentive against export of Leather goods,Not Available,30/05/24,08
https://www.bb.org.bd/mediaroom/circulars/acd/may292024acdl01.pdf,ACD Circular Letter No. 01: Regarding the imposition of fixed concessional interest/profit at the customer level for refinancing tenure,Not Available,29/05/24,01
https://www.bb.org.bd/mediaroom/circulars/fid/may292024dfiml20.pdf,"DFIM Circular Letter No. 20: Keeping finance company branches closed in the election areas on 5th June, 2024 for the General Election of 58 Upazilla Parishads.",Not Available,29/05/24,20
https://www.bb.org.bd/mediaroom/circulars/dos/may282024dosl14.pdf,"DOS Circular Letter No. 14: Keeping scheduled bank branches closed in the election areas on 5th June, 2024 for the General Election of 58 Upazilla Parishads.",Not Available,28/05/24,14
https://www.bb.org.bd/mediaroom/circulars/fid/may282024dfiml19.pdf,"DFIM Circular Letter No. 19:Keeping finance company branches closed in the election areas on 29th May, 2024 for the General Election of 111 Upazilla Parishads.",Not Available,28/05/24,19
https://www.bb.org.bd/mediaroom/circulars/dos/may232024dosl13.pdf,"DOS Circular Letter No. 13: Keeping scheduled bank branches closed in the election areas on 29th May, 2024 for the General Election of 111 Upazilla Parishads.",Not Available,23/05/24,13
https://www.bb.org.bd/mediaroom/circulars/feod/may212024feodl01.pdf,FEOD Circular Letter No. 01: Regarding Harmonized Number System against Import LCs and Contracts.,Not Available,21/05/24,01
https://www.bb.org.bd/mediaroom/circulars/cib/may212024cib01.pdf,CIB Circular No. 01: Regarding submission of information related to Willful Defaulter in CIB Database.,Not Available,21/05/24,01
https://www.bb.org.bd/mediaroom/circulars/fid/may212024dfiml18.pdf,DFIM Circular Letter No. 18: Formation of Sub-Committee of the Board of Directors of Finance Company and their functions.,Not Available,21/05/24,18
https://www.bb.org.bd/mediaroom/circulars/fid/may192024dfiml17.pdf,"DFIM Circular Letter No. 17: Keeping finance company branches closed in the election areas on 21st May, 2024 Tuesday for the General Election of 157 Upazilla Parishads.",Not Available,19/05/24,17
https://www.bb.org.bd/mediaroom/circulars/dos/may162024dosl12.pdf,"DOS Circular Letter No. 12: Keeping scheduled bank branches closed in the election areas on 21st May, 2024 Tuesday for the General Election of 157 Upazilla Parishads.",Not Available,16/05/24,12
https://www.bb.org.bd/mediaroom/circulars/brpd/may152024brpdl23.pdf,BRPD Circular Letter No. 23: Single Borrower and Large Loan Exposure Limit.,Not Available,15/05/24,23
https://www.bb.org.bd/mediaroom/circulars/brpd/may152024brpdl22.pdf,BRPD Circular Letter No. 22: Name change of Export Import Bank of Bangladesh Limited to Export Import Bank of Bangladesh PLC.,Not Available,15/05/24,22
https://www.bb.org.bd/mediaroom/circulars/brpd/may122024brpdl21.pdf,BRPD Circular Letter No. 21: Formation of Board of Directors and Sub-Committee of Bank-Company and their functions.,Not Available,12/05/24,21
https://www.bb.org.bd/mediaroom/circulars/brpd/may122024brpd11.pdf,BRPD Circular No. 11: Observance of Alternative Dispute Resolution (ADR) to accelerate recovery of defaulted loans.,Not Available,12/05/24,11
https://www.bb.org.bd/mediaroom/circulars/fepd/may122024fepdl06.pdf,FEPD Circular Letter No. 06: Export incentive against export in CMT basis in RMG/Textile sector,Not Available,12/05/24,06
https://www.bb.org.bd/mediaroom/circulars/gbcrd/may092024sfdl01.pdf,SFD Circular Letter No. 03: Sustainability Rating of Banks and Finance Companies,Not Available,09/05/24,03
https://www.bb.org.bd/mediaroom/circulars/mpd/may082024mpd02.pdf,MPD Circular No. 02: Re-fixation of Interest Rate Corridor (IRC).,Not Available,08/05/24,02
https://www.bb.org.bd/mediaroom/circulars/fid/may072024dfiml16.pdf,"DFIM Circular Letter No. 16: Keeping finance company branches closed in the election areas on 8th May, 2024 Wednesday for the General Election of 141 Upazilla Parishads.",Not Available,07/05/24,16
https://www.bb.org.bd/mediaroom/circulars/cib/may062024cibl01.pdf,CIB Circular Letter No. 01: Regarding cut off time of upload of Credit Information to the Credit Information System (CIS).,Not Available,06/05/24,01
https://www.bb.org.bd/mediaroom/circulars/dos/may062024dosl11.pdf,"DOS Circular Letter No. 11: Keeping scheduled bank branches closed in the election areas on 8th May, 2024 Wednesday for the General Election of 141 Upazilla Parishads .",Not Available,06/05/24,11
https://www.bb.org.bd/mediaroom/circulars/fid/apr302024dfiml15.pdf,DFIM Circular Letter No. 15: Clarification of the deduction of source tax.,Not Available,30/04/24,15
https://www.bb.org.bd/mediaroom/circulars/fid/apr252024dfim14.pdf,DFIM Circular No. 14: Obtaining NOC from the concerned authorities of electricity and gas suppliers in case of loan disbursement.,Not Available,25/04/24,14
https://www.bb.org.bd/mediaroom/circulars/dos/apr242024dosl10.pdf,"DOS Circular Letter No. 10: Keeping scheduled bank branches closed in the election areas on 28th April, 2024 Sunday for the occasion of General/By-Election of 25 Union Parishads and 2 municipals .",Not Available,24/04/24,10
https://www.bb.org.bd/mediaroom/circulars/fepd/apr232024fepdl04.pdf,FEPD Circular Letter No. 04: Circulation of Gazette issued by National Board of Revenue (Income tax) on Offshore Banking Operation in Bangladesh,Not Available,23/04/24,04
https://www.bb.org.bd/mediaroom/circulars/fepd/apr222024fepdl03.pdf,FEPD Circular Letter No. 03: Providing deemed export facilities to registered person (sub-contractor/manufacturer/supplier) for supply of goods to the local contractor against international tender .,Not Available,22/04/24,03
https://www.bb.org.bd/mediaroom/circulars/dcm/apr212024dcml02.pdf,DCM Circular Letter No. 02:Sending the monthly report regarding mutilated and soiled notes by Banks.,Not Available,21/04/24,02
https://www.bb.org.bd/mediaroom/circulars/fepd/apr182024fepdl02.pdf,"FEPD Circular Letter No. 02: Clarification regarding the effectiveness of the certificate issued by the National Board of Revenue under Section 123(2) of the Income Tax Act, 2023 and Section 53BB(2) of the Income-tax Ordinance, 1984.",Not Available,18/04/24,02
https://www.bb.org.bd/mediaroom/circulars/brpd/apr162024brpdl20.pdf,BRPD Circular Letter No. 20: Name change of Bank Asia Ltd to Bank Asia PLC.,Not Available,16/04/24,20
https://www.bb.org.bd/mediaroom/circulars/dos/apr082024dosl09.pdf,DOS Circular Letter No. 09: Keeping Scheduled Bank Branches closed in the area of Mujibnagar Upazilla in Meherpur District on 17 April 2024 Wednesday for the celebration of Historic Mujibnagar Day.,Not Available,08/04/24,09
https://www.bb.org.bd/mediaroom/circulars/brpd/apr082024brpdl19.pdf,BRPD Circular Letter No. 19: Obtaining NOC from the concerned authorities of electricity and gas suppliers in case of the bank loan,Not Available,08/04/24,19
https://www.bb.org.bd/mediaroom/circulars/brpd/apr082024brpdl18.pdf,BRPD Circular Letter No. 18: Clarification of the deduction of source tax,Not Available,08/04/24,18
https://www.bb.org.bd/mediaroom/circulars/brpd/apr042024brpd08.pdf,BRPD Circular No. 08: Guidelines to be followed for amalgamation of banks.,Not Available,04/04/24,08
https://www.bb.org.bd/mediaroom/circulars/psd/apr042024psd04.pdf,"PSD Circular No. 04: Ensuring uninterrupted ATM, POS, QR Code, Internet Banking, Online e-Payment Gateway and MFS during the vacation of Eid-ul-Fitr & Bengali New Year's Day.",Not Available,04/04/24,04
https://www.bb.org.bd/mediaroom/circulars/psd/apr042024psdl03.pdf,"PSD Circular Letter No. 03: Regarding RTGS Operation Schedule on 5, 6 and 7 April 2024 preceding Eid-ul-Fitr",Not Available,04/04/24,03
https://www.bb.org.bd/mediaroom/circulars/fid/apr032024dfim04.pdf,DFIM Circular No. 04: Identification & finalization of willful defaulters and measures to be taken against them.,Not Available,03/04/24,04
https://www.bb.org.bd/mediaroom/circulars/fid/apr032024dfiml13.pdf,DFIM Circular Letter No. 13: Interest/Profit Rate of Deposit and Loan/Lease/Investment.,Not Available,03/04/24,13
https://www.bb.org.bd/mediaroom/circulars/brpd/apr032024brpd07.pdf,BRPD Circular No. 07: Providing loan facilities to any borrower of the group if a borrower of the same group is not willful defaulter.,Not Available,03/04/24,07
https://www.bb.org.bd/mediaroom/circulars/psd/apr022024psdl02.pdf,"PSD Circular Letter No. 02: Regarding BACH (BACPS & BEFTN) schedule on 5, 6 and 7 April 2024 preceding Eid-ul-Fitr",Not Available,02/04/24,02
https://www.bb.org.bd/mediaroom/circulars/brpd/mar312024brpdl16.pdf,BRPD Circular Letter No. 16: Interest/Profit of Loan/Investment.,Not Available,31/03/24,16
https://www.bb.org.bd/mediaroom/circulars/fid/mar312024dfiml12.pdf,DFIM Circular Letter No. 12:Name Change of MIDAS Financing Limited to MIDAS Financing PLC.,Not Available,31/03/24,12
https://www.bb.org.bd/mediaroom/circulars/brpd/mar312024brpdl15.pdf,BRPD Circular Letter No. 15: Name change of Midland Bank Ltd to Midland Bank PLC.,Not Available,31/03/24,15
https://www.bb.org.bd/mediaroom/circulars/dos/mar312024dosl08.pdf,"DOS Circular Letter No. 08: Keeping scheduled bank branches of garments industry areas open on 5, 6 and 7 April, 2024 for the payment of garment workers' wages, bonus and other allowances before Eid-ul-Fitr in limited scale.",Not Available,31/03/24,08
https://www.bb.org.bd/mediaroom/circulars/dos/mar282024dosl07.pdf,"DOS Circular Letter No. 07: DOS Circular Letter No 07: Keeping scheduled bank branches closed in the election area on 31st March, 2024 Sunday for the General Election of Chehelgazi Union Parishad.",Not Available,28/03/24,07
https://www.bb.org.bd/mediaroom/circulars/dmd/mar252024dmdl05e.pdf,DMD Circular Letter No. 05: Amendment of Guidelines and Operating Procedures of Islamic Banks Liquidity Facility (IBLF),Not Available,25/03/24,05
https://www.bb.org.bd/mediaroom/circulars/fid/mar252024dfim03.pdf,DFIM Circular No. 03: Appointment and Responsibilities of Managing Director/Chief Executive Officer of a Finance Company.,Not Available,25/03/24,03
https://www.bb.org.bd/mediaroom/circulars/dcm/mar182024dcml01.pdf,DCM Circular Letter No. 01: Instruction to be followed by scheduled banks during the month of holy Ramadan to prevent the circulation of fake notes.,Not Available,18/03/24,01
https://www.bb.org.bd/mediaroom/circulars/brpd/mar182024brpdl14.pdf,BRPD Circular Letter No. 14: Simplifying the process of charging and collecting supervision charge.,Not Available,18/03/24,14
https://www.bb.org.bd/mediaroom/circulars/fid/mar132024dfim02.pdf,"DFIM Circular No. 02: Appointment of Independent Directors of a Finance-Company and their Duties, Responsibilities and Honorarium.",Not Available,13/03/24,02
https://www.bb.org.bd/mediaroom/circulars/brpd/mar122024brpd06.pdf,BRPD Circular No. 06: Identification & finalization of willful defaulters and measures to be taken against them.,Not Available,12/03/24,06
https://www.bb.org.bd/mediaroom/circulars/dmd/mar122024dmdl04.pdf,DMD Circular Letter No. 04: Regarding to Implementation of Public Debt Act-2022 in Sanchayapatra.,Not Available,12/03/24,04
https://www.bb.org.bd/mediaroom/circulars/dmd/mar072024dmdl03.pdf,"DMD Circular Letter No. 03: Time schedule of Bangladesh Government Bill/Bond Auction, Bangladesh Bank Bill Auction, Repo, ALS, IBLF & EDSMoney platform transaction during Ramadan.",Not Available,07/03/24,03
https://www.bb.org.bd/mediaroom/circulars/brpd/mar072024brpdl13.pdf,BRPD Circular Letter No. 13: Changing designations for General Side and Cash Side of Bangladesh Bank,Not Available,07/03/24,13
https://www.bb.org.bd/mediaroom/circulars/fid/mar072024dfiml11.pdf,"DFIM Circular Letter No. 11: Keeping Finance Company branches closed in the election area on 9th March, 2024 Saturday for the occasion of General/By-Election of Mymensingh and Cumilla city corporation, 06 municipals and 32 Union Parishads.",Not Available,07/03/24,11
https://www.bb.org.bd/mediaroom/circulars/fid/mar072024dfiml10.pdf,DFIM Circular Letter No. 10: Office time table of the Finance Companies during the month of Holy Ramadan of Hijri 1445.,Not Available,07/03/24,10
https://www.bb.org.bd/mediaroom/circulars/fid/mar072024dfiml09.pdf,DFIM Circular Letter No. 09: Implementation of decision of National Committee on Prevention of Dengue and other mosquito-borne diseases.,Not Available,07/03/24,09
https://www.bb.org.bd/mediaroom/circulars/psd/mar062024psdl01.pdf,PSD Circular Letter No. 01: Change in BACH and RTGS Schedule during the month of Holy Ramadan of Hijri 1445.,Not Available,06/03/24,01
https://www.bb.org.bd/mediaroom/circulars/dos/mar052024dosl06.pdf,"DOS Circular Letter No. 06: Keeping scheduled bank branches closed in the election area on 9th March, 2024 Saturday for the occasion of General/By-Election of Mymensingh and Cumilla city corporation, 06 municipals and 32 Union Parishads.",Not Available,05/03/24,06
https://www.bb.org.bd/mediaroom/circulars/dos/mar052024dosl05.pdf,DOS Circular Letter No. 05: Office time table of the bank companies during the month of Holy Ramadan of Hijri 1445.,Not Available,05/03/24,05
https://www.bb.org.bd/mediaroom/circulars/fid/mar052024dfiml08.pdf,DFIM Circular Letter No. 08: Interest/Profit Rate of Deposit and Loan/Lease/Investment.,Not Available,05/03/24,08
https://www.bb.org.bd/mediaroom/circulars/fid/mar042024dfiml07.pdf,DFIM Circular Letter No. 07: Celebration of 08th March International Women's Day 2024.,Not Available,04/03/24,07
https://www.bb.org.bd/mediaroom/circulars/fid/mar042024dfiml06.pdf,DFIM Circular Letter No. 06: Name change of Industrial and Infrastructure Development Finance Company Limited to IIDFC PLC.,Not Available,04/03/24,06
https://www.bb.org.bd/mediaroom/circulars/brpd/mar032024brpdl12.pdf,BRPD Circular Letter No. 12: Regarding evaluation committee of Bangladesh Bank on appointment/reappointment to the post of Managing Director/Chief Executive Officer of a bank-company.,Not Available,03/03/24,12
https://www.bb.org.bd/mediaroom/circulars/fid/feb292024dfim01.pdf,DFIM Circular No. 01: Policy on Formation of Board and Responsibilities of Directors of Finance Companies.,Not Available,29/02/24,01
https://www.bb.org.bd/mediaroom/circulars/brpd/feb292024brpdl11.pdf,BRPD Circular Letter No. 11: Interest/Profit Rate of Loan/Investment,Not Available,29/02/24,11
https://www.bb.org.bd/mediaroom/circulars/brpd/feb282024brpdl10.pdf,"BRPD Circular Letter No. 10: Theme for International Women's Day, 8 March 2024",Not Available,28/02/24,10
https://www.bb.org.bd/mediaroom/circulars/brpd/feb272024brpd05.pdf,BRPD Circular No. 05: Appointment and Responsibilities of Managing Director/Chief Executive Officer of a bank-company.,Not Available,27/02/24,05
https://www.bb.org.bd/mediaroom/circulars/brpd/feb202024brpdl09.pdf,BRPD Circular Letter No. 09: Observing the Martyrs' Day and International Mother Language Day,Not Available,20/02/24,09
https://www.bb.org.bd/mediaroom/circulars/fid/feb202024dfiml05.pdf,DFIM Circular Letter No. 05: Regarding the Martyrs Day and International Mother Language Day Celebration of Finance Companies.,Not Available,20/02/24,05
https://www.bb.org.bd/mediaroom/circulars/fid/feb192024dfiml04.pdf,DFIM Circular Letter No. 04: Participation in Universal Pension Scheme.,Not Available,19/02/24,04
https://www.bb.org.bd/mediaroom/circulars/fid/feb192024dfiml03.pdf,DFIM Circular Letter No. 03: Change of Designation for General Side and Cash Side of Bangladesh Bank.,Not Available,19/02/24,03
https://www.bb.org.bd/mediaroom/circulars/brpd/feb182024brpd04.pdf,BRPD Circular No. 04: Policy on Loan/Investment Write off and Formation of Written off Loan Recovery Unit and its Functions.,Not Available,18/02/24,04
https://www.bb.org.bd/mediaroom/circulars/brpd/feb142024brpd03.pdf,"BRPD Circular No. 03: Appointment of Independent Directors of a Bank-Company and their Duties, Responsibilities and Honorarium.",Not Available,14/02/24,03
https://www.bb.org.bd/mediaroom/circulars/fepd/feb122024fepd05.pdf,FEPD Circular No. 05: Export Subsidy/Cash Incentive for the financial year 2023-2024.,Not Available,12/02/24,05
https://www.bb.org.bd/mediaroom/circulars/brpd/feb112024brpd02.pdf,BRPD Circular No. 02: Formation of Board and Responsibilities of Directors of a Bank-Company.,Not Available,11/02/24,02
https://www.bb.org.bd/mediaroom/circulars/brpd/feb082024brpdl08.pdf,BRPD Circular Letter No. 08: Participation in Universal Pension Scheme.,Not Available,08/02/24,08
https://www.bb.org.bd/mediaroom/circulars/dos/feb062024dosl04.pdf,DOS Circular Letter No. 04: Keeping scheduled bank branches closed in the election area on 12th February 2024 Monday for Election of 47 Naogaon-2 of National Parliament.,Not Available,06/02/24,04
https://www.bb.org.bd/mediaroom/circulars/did/feb012024did01.pdf,DID Circular No. 01: Regarding Submission of Information for Deposit Insurance Premium Assessment,Not Available,01/02/24,01
https://www.bb.org.bd/mediaroom/circulars/brpd/jan312024brpdl07.pdf,BRPD Circular Letter No. 07: Name change of South Bangla Agriculture and Commerce Bank Ltd to SBAC Bank PLC.,Not Available,31/01/24,07
https://www.bb.org.bd/mediaroom/circulars/fepd/jan302024fepd03.pdf,FEPD Circular No. 03: Inclusion of the name of Bangladesh Jute Goods Exporters Association for certificate in Jute sector for export subsidy,Not Available,30/01/24,03
https://www.bb.org.bd/mediaroom/circulars/fepd/jan302024fepd02.pdf,FEPD Circular No. 02: Export Subsidy/Cash Incentive for the financial year 2023-2024,Not Available,30/01/24,02
https://www.bb.org.bd/mediaroom/circulars/ismd/jan302024ismdl1.pdf,ISMD Circular Letter No. 1/2024: Master Circular regarding submission of data to Integrated Supervision System (ISS),Not Available,30/01/24,1
https://www.bb.org.bd/mediaroom/circulars/dos/jan302024dosl03.pdf,DOS Circular Letter No. 03: Financial and Regulatory Reporting of 'Bangladesh Government Special Purpose Bond' Held by Banking Companies.,Not Available,30/01/24,03
https://www.bb.org.bd/mediaroom/circulars/brpd/jan282024brpdl06.pdf,BRPD Circular Letter No. 06: Name change of Modhumoti Bank Ltd to Modhumoti Bank PLC.,Not Available,28/01/24,06
https://www.bb.org.bd/mediaroom/circulars/psd/jan252024psd03.pdf,PSD Circular No. 03: Incorporating Chinese Yuan in BD-RTGS System,Not Available,25/01/24,03
https://www.bb.org.bd/mediaroom/circulars/dmd/jan232024dmdl02.pdf,DMD Circular Letter No. 02: Instructions to follow in Sale & after Sale service of Sanchaypatra.,Not Available,23/01/24,02
https://www.bb.org.bd/mediaroom/circulars/brpd/jan182024brpd01.pdf,BRPD Circular No. 01: Opening Revenue A/C of the project finance in the related Banks.,Not Available,18/01/24,01
https://www.bb.org.bd/mediaroom/circulars/psd/jan182024psd02.pdf,"PSD Circular No. 02: Providing data on fraud, disputes, and transactions via cheque/card/MFS/PSO through Rationalized Input Templates (RIT) on a monthly basis. RIT login link",Not Available,18/01/24,02
https://www.bb.org.bd/mediaroom/circulars/psd/jan182024psd01.pdf,PSD Circular No. 01: Determination of Fees/Charges for domestic transactions routed through NPSB.,Not Available,18/01/24,01
https://www.bb.org.bd/mediaroom/circulars/mpd/jan172024mpd01.pdf,MPD Circular No. 01: Re-fixation of Interest Rate Corridor (IRC).,Not Available,17/01/24,01
https://www.bb.org.bd/mediaroom/circulars/brpd/jan172024brpdl05.pdf,BRPD Circular Letter No. 05: Opening L/C and L/C Margin for importing essential consumer goods in the occasion of Holy Ramadan.,Not Available,17/01/24,05
https://www.bb.org.bd/mediaroom/circulars/brpd/jan162024brpdl04.pdf,BRPD Circular Letter No. 04: Restriction on Fund transfer from Domestic banking to Offshore banking.,Not Available,16/01/24,04
https://www.bb.org.bd/mediaroom/circulars/dmd/jan152024dmdl01.pdf,DMD Circular Letter No. 01: Regarding Interest Rate Refixation in US Dollar Premium Bond and US Dollar Investment Bond.,Not Available,15/01/24,01
https://www.bb.org.bd/mediaroom/circulars/brpd/jan142024brpdl03.pdf,BRPD Circular Letter No. 03: Refinance Scheme to Support Cinema Hall Owners,Not Available,14/01/24,03
https://www.bb.org.bd/mediaroom/circulars/fid/jan102024dfiml2.pdf,DFIM Circular Letter No. 2: Name change of Strategic Finance & Investments Limited to SFIL Finance PLC.,Not Available,10/01/24,2
https://www.bb.org.bd/mediaroom/circulars/dos/jan082024dosl02.pdf,DOS Circular Letter No. 02: Information regarding Post Import Financing. Data Input Template,Not Available,08/01/24,02
https://www.bb.org.bd/mediaroom/circulars/dos/jan042024dosl01.pdf,DOS Circular Letter No. 01: Keeping 12th National Parliament Election activities related scheduled bank branches open on 05th and 06th January 2024.,Not Available,04/01/24,01
https://www.bb.org.bd/mediaroom/circulars/brpd/jan032024brpdl02.pdf,BRPD Circular Letter No. 02: Guidelines on Internal Credit Risk Rating System.,Not Available,03/01/24,02
https://www.bb.org.bd/mediaroom/circulars/brpd/jan022024brpdl01.pdf,BRPD Circular Letter No. 01: Name change of Padma Bank Ltd to Padma Bank PLC,Not Available,02/01/24,01
https://www.bb.org.bd/mediaroom/circulars/fid/jan012024dfiml01.pdf,DFIM Circular Letter No. 01: Finance Companies will remain closed on 7th January 2024 Sunday due to the 12th National Parliament Election.,Not Available,01/01/24,01
https://www.bb.org.bd/mediaroom/circulars/dos/dec312023dosl28.pdf,DOS Circular Letter No. 28: Scheduled banks will remain closed on 7th January 2024 Sunday due to the 12th National Parliament Election.,Not Available,31/12/23,28
https://www.bb.org.bd/mediaroom/circulars/brpd/dec262023brpdl79.pdf,BRPD Circular Letter No. 79: Name change of Standard Bank Ltd to Standard Bank PLC.,Not Available,26/12/23,79
https://www.bb.org.bd/mediaroom/circulars/fid/dec202023dfim14.pdf,DFIM Circular No. 14:Determination of the number of directors in finance companies against holding of shares by foreign shareholders.,Not Available,20/12/23,14
https://www.bb.org.bd/mediaroom/circulars/brpd/dec172023brpdl78.pdf,BRPD Circular Letter No. 78: Name change of Community Bank Bangladesh Ltd to Community Bank Bangladesh PLC,Not Available,17/12/23,78
https://www.bb.org.bd/mediaroom/circulars/fepd/dec172023fepd22.pdf,FEPD Circular No. 22: Issuance of certificate for Export subsidy/Cash incentive against export of Betel leaf under agriculture products,Not Available,17/12/23,22
https://www.bb.org.bd/mediaroom/circulars/cib/dec142023cibl01.pdf,CIB Circular Letter No. 01: Regarding cut off time of upload of Credit Information to the Credit Information System (CIS).,Not Available,14/12/23,01
https://www.bb.org.bd/mediaroom/circulars/brpd/dec142023brpdl77.pdf,BRPD Circular Letter No. 77: Name change of Rupali Bank Ltd to Rupali Bank PLC.,Not Available,14/12/23,77
https://www.bb.org.bd/mediaroom/circulars/brpd/dec132023brpdl76.pdf,BRPD Circular Letter No. 76: Name change of National Credit and Commerce Bank Ltd to National Credit and Commerce Bank PLC.,Not Available,13/12/23,76
https://www.bb.org.bd/mediaroom/circulars/fid/dec122023dfiml29.pdf,DFIM Circular Letter No. 29: Name change of IDLC Finance Limited to IDLC Finance PLC.,Not Available,12/12/23,29
https://www.bb.org.bd/mediaroom/circulars/brpd/dec122023brpdl74.pdf,BRPD Circular Letter No. 74: Commencement of Bancassurance.,Not Available,12/12/23,74
https://www.bb.org.bd/mediaroom/circulars/brpd/dec122023brpdl73.pdf,BRPD Circular Letter No. 73: Name change of Bangladesh Development Bank Ltd to Bangladesh Development Bank PLC.,Not Available,12/12/23,73
https://www.bb.org.bd/mediaroom/circulars/brpd/dec122023brpdl75.pdf,BRPD Circular Letter No. 75: Rationalization of Interest Rate on Deposit,Not Available,12/12/23,75
https://www.bb.org.bd/mediaroom/circulars/fid/dec122023dfiml28.pdf,"DFIM Circular Letter No. 28: Follow the Election Officers (Special Provisions) Act, 1991 in order to conduct the National Parliament Election.",Not Available,12/12/23,28
https://www.bb.org.bd/mediaroom/circulars/fid/dec122023dfiml27.pdf,DFIM Circular Letter No. 27:Providing necessary assistance to the Election Commission (EC) for smooth conduct of the 12th National Parliament Election.,Not Available,12/12/23,27
https://www.bb.org.bd/mediaroom/circulars/brpd/dec102023brpdl72.pdf,BRPD Circular Letter No. 72: Name change of The City Bank Ltd to City Bank PLC.,Not Available,10/12/23,72
https://www.bb.org.bd/mediaroom/circulars/brpd/dec072023brpdl71.pdf,"BRPD Circular Letter No. 71: Follow the Election Officers (Special Provisions) Act, 1991 in order to conduct the National Parliament Election.",Not Available,07/12/23,71
https://www.bb.org.bd/mediaroom/circulars/brpd/dec072023brpdl70.pdf,BRPD Circular Letter No. 70: Providing necessary assistance to the Election Commission (EC) for smooth conduct of the 12th National Parliament Election.,Not Available,07/12/23,70
https://www.bb.org.bd/mediaroom/circulars/psd/dec062023psd13.pdf,PSD Circular No. 13: About crediting beneficiaries MFS account with proceeds of foreign remittance,Not Available,06/12/23,13
https://www.bb.org.bd/mediaroom/circulars/brpd/dec042023brpdl69.pdf,BRPD Circular Letter No. 69: Name change of Shimanto Bank Ltd to Shimanto Bank PLC.,Not Available,04/12/23,69
https://www.bb.org.bd/mediaroom/circulars/dos/dec042023dosl27.pdf,DOS Circular Letter No. 27: Mark-to-Market based Revaluation of Treasury Bills and Bonds held by the Banks.,Not Available,04/12/23,27
https://www.bb.org.bd/mediaroom/circulars/fepd/dec032023fepd20.pdf,FEPD Circular No. 20: Appointment of Cost and Management Accountants (CMA) firms for Auditing of Cash Incentive/Export Subsidy.,Not Available,03/12/23,20
https://www.bb.org.bd/mediaroom/circulars/fid/nov302023dfiml26.pdf,DFIM Circular Letter No. 26: Providing information regarding defaulted loan of the candidates willing to participate in the 12th national parliamentary election of Bangladesh,Not Available,30/11/23,26
https://www.bb.org.bd/mediaroom/circulars/brpd/nov302023brpdl68.pdf,BRPD Circular Letter No. 68: Providing information regarding defaulted loan of the candidates willing to participate in the 12th national parliamentary election of Bangladesh.,Not Available,30/11/23,68
https://www.bb.org.bd/mediaroom/circulars/brpd/nov292023brpdl66.pdf,BRPD Circular Letter No. 66: Name change of Union Bank Ltd to Union Bank PLC.,Not Available,29/11/23,66
https://www.bb.org.bd/mediaroom/circulars/fid/nov292023dfiml25.pdf,DFIM Circular Letter No. 25: Interest/Profit Rate of Deposit and Loan/Lease/Investment.,Not Available,29/11/23,25
https://www.bb.org.bd/mediaroom/circulars/brpd/nov292023brpdl67.pdf,BRPD Circular Letter No. 67: Regarding Intermediation spread limit for rationalization of advance and deposit.,Not Available,29/11/23,67
https://www.bb.org.bd/mediaroom/circulars/brpd/nov282023brpdl65.pdf,BRPD Circular Letter No. 65: Name change of Bengal Commercial Bank Ltd to Bengal Commercial Bank PLC.,Not Available,28/11/23,65
https://www.bb.org.bd/mediaroom/circulars/fid/nov282023dfiml24.pdf,DFIM Circular Letter No. 24: Precautionary measures to ensure safety of the buildings of Finance Companies.,Not Available,28/11/23,24
https://www.bb.org.bd/mediaroom/circulars/brpd/nov282023brpd16.pdf,BRPD Circular No. 16: Collateral Valuation Firm/Company Enlistment Policy.,Not Available,28/11/23,16
https://www.bb.org.bd/mediaroom/circulars/brpd/nov272023brpdl63.pdf,BRPD Circular Letter No. 63: Regarding Loan Rescheduling of Shipbuilding Industry.,Not Available,27/11/23,63
https://www.bb.org.bd/mediaroom/circulars/brpd/nov272023brpdl64.pdf,BRPD Circular Letter No. 64: Interest/Profit Rate of Loan/Investment,Not Available,27/11/23,64
https://www.bb.org.bd/mediaroom/circulars/brpd/nov272023brpdl62.pdf,BRPD Circular Letter No. 62: Name change of AB Bank Ltd to AB Bank PLC.,Not Available,27/11/23,62
https://www.bb.org.bd/mediaroom/circulars/gbcrd/nov272023sfdl02.pdf,SFD Circular Letter No. 02: Sustainable Finance Reporting Format Download Reporting Format,Not Available,27/11/23,02
https://www.bb.org.bd/mediaroom/circulars/mpd/nov262023mpd04.pdf,MPD Circular No. 04: Re-fixation of Interest Rate Corridor (IRC).,Not Available,26/11/23,04
https://www.bb.org.bd/mediaroom/circulars/gbcrd/nov232023sfd05.pdf,"SFD Circular no 05: Formation, Management Procedure of Climate Risk Fund and Reporting of Half Yearly CSR Activities.",Not Available,23/11/23,05
https://www.bb.org.bd/mediaroom/circulars/fid/nov232023dfim13.pdf,"DFIM Circular No. 13: Finance Company Act, 2023.",Not Available,23/11/23,13
https://www.bb.org.bd/mediaroom/circulars/acd/nov212023acdl03.pdf,ACD Circular Letter No. 03: Refinance scheme of 5000 Crore Taka for agriculture sector to ensure food security of the country.,Not Available,21/11/23,03
https://www.bb.org.bd/mediaroom/circulars/brpd/nov202023brpdl60.pdf,BRPD Circular Letter No. 60: Name change of Meghna Bank Ltd to Meghna Bank PLC.,Not Available,20/11/23,60
https://www.bb.org.bd/mediaroom/circulars/brpd/nov202023brpdl61.pdf,BRPD Circular Letter No. 61: Precautionary measures to ensure safety of the bank branch.,Not Available,20/11/23,61
https://www.bb.org.bd/mediaroom/circulars/psd/nov202023psdl08.pdf,PSD Circular Letter No. 08: Regarding Payment System Operator (PSO) License Cancellation of Walletmix Ltd.,Not Available,20/11/23,08
https://www.bb.org.bd/mediaroom/circulars/brpd/nov192023brpdl59.pdf,BRPD Circular Letter No. 59: Name change of Prime Bank Ltd to Prime Bank PLC.,Not Available,19/11/23,59
https://www.bb.org.bd/mediaroom/circulars/psd/nov192023psdl07.pdf,PSD Circular Letter No. 07: Change in BACH (BACPS) Schedule,Not Available,19/11/23,07
https://www.bb.org.bd/mediaroom/circulars/fid/nov162023dfim12.pdf,DFIM Circular No. 12: Guidelines on Core Business Solution (CBS) Features and Controls for Non-Bank Financial Institutions.,Not Available,16/11/23,12
https://www.bb.org.bd/mediaroom/circulars/fid/nov162023dfiml23.pdf,DFIM Circular Letter No. 23: List of Holidays for the Year 2024.,Not Available,16/11/23,23
https://www.bb.org.bd/mediaroom/circulars/brpd/nov152023brpdl57.pdf,BRPD Circular Letter No. 57: Name change of Al-Arafah Islami Bank Ltd to Al-Arafah Islami Bank PLC.,Not Available,15/11/23,57
https://www.bb.org.bd/mediaroom/circulars/brpd/nov152023brpdl58.pdf,BRPD Circular Letter No. 58: Taking measures for timely disposal of the pending cases in the Artha Rin Adalat.,Not Available,15/11/23,58
https://www.bb.org.bd/mediaroom/circulars/brpd/nov142023brpdl56.pdf,BRPD Circular Letter No. 56: Name change of Mutual Trust Bank Ltd to Mutual Trust Bank PLC.,Not Available,14/11/23,56
https://www.bb.org.bd/mediaroom/circulars/brpd/nov132023brpdl55.pdf,BRPD Circular Letter No. 55: Name change of Dutch-Bangla Bank Ltd to Dutch-Bangla Bank PLC.,Not Available,13/11/23,55
https://www.bb.org.bd/mediaroom/circulars/dos/nov132023dosl26.pdf,DOS Circular Letter No. 26: Intermission of Banking Operations of National Bank of Pakistan (Bangladesh Operations) due to Data Centre Relocation.,Not Available,13/11/23,26
https://www.bb.org.bd/mediaroom/circulars/brpd/nov092023brpdl54.pdf,BRPD Circular Letter No. 54: Name change of Dhaka Bank Ltd to Dhaka Bank PLC.,Not Available,09/11/23,54
https://www.bb.org.bd/mediaroom/circulars/psd/nov082023psdl06.pdf,PSD Circular Letter No. 06: Clearing and Settlement of Electronic Funds Transfer (EFT) through Nikash-BEFTN,Not Available,08/11/23,06
https://www.bb.org.bd/mediaroom/circulars/cgd/nov082023cgd01new.pdf,"CGD Circular No. 01: Master Circular on Credit Guarantee Facilities for Cottage, Micro, Small & Medium Enterprise (CMSME) and Financial Inclusion Sector.",Not Available,08/11/23,01
https://www.bb.org.bd/mediaroom/circulars/brpd/nov082023brpdl53.pdf,BRPD Circular Letter No. 53: Name change of One Bank Ltd to One Bank PLC.,Not Available,08/11/23,53
https://www.bb.org.bd/mediaroom/circulars/brpd/nov072023brpdl52.pdf,BRPD Circular Letter No. 52: Name change of Southeast Bank Ltd to Southeast Bank PLC.,Not Available,07/11/23,52
https://www.bb.org.bd/mediaroom/circulars/fid/nov052023dfiml22.pdf,DFIM Circular Letter No. 22:Name change of National Housing Finance and Investment Limited to National Housing Finance PLC.,Not Available,05/11/23,22
https://www.bb.org.bd/mediaroom/circulars/brpd/nov022023brpdl51.pdf,BRPD Circular Letter No. 51: Name change of Social Islami Bank Ltd to Social Islami Bank PLC.,Not Available,02/11/23,51
https://www.bb.org.bd/mediaroom/circulars/dmd/nov012023dmdl08.pdf,DMD Circular Letter No. 08: Selection of Benchmark Securities and Two-Way Price Quoting.,Not Available,01/11/23,08
https://www.bb.org.bd/mediaroom/circulars/dos/oct312023dosl24.pdf,DOS Circular Letter No. 24: Keeping scheduled bank branches closed in the election areas on 5th November 2023 Sunday for Election of 244 Brahmanbaria-2 and 276 Lakshmipur-3 of National Parliament.,Not Available,31/10/23,24
https://www.bb.org.bd/mediaroom/circulars/finincld/oct292023fid01.pdf,FID Circular No. 01: Submission of Financial Inclusion Related Data,Not Available,29/10/23,01
https://www.bb.org.bd/mediaroom/circulars/fepd/oct252023fepd18.pdf,FEPD Circular No. 18: Cash incentive against export of frozen shrimps and other fishes.,Not Available,25/10/23,18
https://www.bb.org.bd/mediaroom/circulars/gbcrd/oct222023sfd04new.pdf,SFD Circular No. 04: Regarding Sustainability Rating of Banks and Financial Institutions,Not Available,22/10/23,04
https://www.bb.org.bd/mediaroom/circulars/gbcrd/oct222023sfd03new.pdf,SFD Circular No. 03: Regarding Sustainable Finance Policy,Not Available,22/10/23,03
https://www.bb.org.bd/mediaroom/circulars/fepd/oct182023fepdl17.pdf,FEPD Circular Letter No. 17: Disbursement of NRB remittances to their beneficiaries.,Not Available,18/10/23,17
https://www.bb.org.bd/mediaroom/circulars/brpd/oct122023brpdl50.pdf,BRPD Circular Letter No. 50: Performing ‘1 Minute Silence’ from 10:00 am to 10:01 am on 15 October 2023.,Not Available,12/10/23,50
https://www.bb.org.bd/mediaroom/circulars/brpd/oct122023brpdl49.pdf,BRPD Circular Letter No. 49: Name change of The Premier Bank Ltd to The Premier Bank PLC.,Not Available,12/10/23,49
https://www.bb.org.bd/mediaroom/circulars/brpd/oct102023brpdl48.pdf,BRPD Circular Letter No. 48: Name change of Jamuna Bank Ltd to Jamuna Bank PLC.,Not Available,10/10/23,48
https://www.bb.org.bd/mediaroom/circulars/brpd/oct092023brpdl47.pdf,BRPD Circular Letter No. 47: Regarding Loan Rescheduling of Cold Storage Industry.,Not Available,09/10/23,47
https://www.bb.org.bd/mediaroom/circulars/brpd/oct092023brpdl46.pdf,BRPD Circular Letter No. 46: Name change of Pubali Bank Ltd to Pubali Bank PLC.,Not Available,09/10/23,46
https://www.bb.org.bd/mediaroom/circulars/brpd/oct082023brpdl45.pdf,BRPD Circular Letter No. 45: Name change of BRAC Bank Ltd to BRAC Bank PLC.,Not Available,08/10/23,45
https://www.bb.org.bd/mediaroom/circulars/dos/oct082023dosl23.pdf,DOS Circular Letter No. 23: Intermission of Banking Operations of Prime Bank Limited due to Data Centre Relocation.,Not Available,08/10/23,23
https://www.bb.org.bd/mediaroom/circulars/brpd/oct052023brpdl44.pdf,BRPD Circular Letter No. 44: Interest/Profit Rate of Loan/Investment.,Not Available,05/10/23,44
https://www.bb.org.bd/mediaroom/circulars/brpd/oct042023brpdl42.pdf,BRPD Circular Letter No. 42: Name change of First Security Islami Bank Ltd to First Security Isalmi Bank PLC.,Not Available,04/10/23,42
https://www.bb.org.bd/mediaroom/circulars/mpd/oct042023mpd03.pdf,MPD Circular No. 03: Refixation of Interest Rate Corridor.,Not Available,04/10/23,03
https://www.bb.org.bd/mediaroom/circulars/brpd/oct042023brpdl43.pdf,BRPD Circular Letter No. 43: Name change of Agrani Bank Ltd to Agrani Bank PLC.,Not Available,04/10/23,43
https://www.bb.org.bd/mediaroom/circulars/psd/oct032023psd12.pdf,PSD Circular No. 12: Regarding issuance of MFS account for 14-18 years old young person,Not Available,03/10/23,12
https://www.bb.org.bd/mediaroom/circulars/fepd/oct012023fepdl15.pdf,FEPD Circular Letter No. 15: Regarding non-deduction of tax at source from IT freelancing income,Not Available,01/10/23,15
https://www.bb.org.bd/mediaroom/circulars/fepd/oct012023fepd17.pdf,FEPD Circular No. 17: Inclusion of the name of BSTMPIA for issuance of certificate for cash incentive under new market exploration assistance,Not Available,01/10/23,17
https://www.bb.org.bd/mediaroom/circulars/smespd/oct012023smespdl10.pdf,SMESPD Circular Letter No. 10: Change in name and policy of “Refinance Scheme for Setting up Agro Based Product Processing Industries in Rural Areas”,Not Available,01/10/23,10
https://www.bb.org.bd/mediaroom/circulars/fepd/sep272023fepdl14.pdf,"FEPD Circular Letter No. 14: Deduction and payment of tax deducted at source from inward remittance against service, revenue sharing as per section 124, Income Tax Act-2023 (Section 52Q of Income Tax Ordinance, 1984).",Not Available,27/09/23,14
https://www.bb.org.bd/mediaroom/circulars/brpd/sep262023brpdl41.pdf,BRPD Circular Letter No. 41: Name change of Shahjalal Islami Bank Ltd to Shahjalal Islami Bank PLC.,Not Available,26/09/23,41
https://www.bb.org.bd/mediaroom/circulars/psd/sep262023psd11.pdf,PSD Circular No. 11: Issuance of PSO license to Paperless Limited,Not Available,26/09/23,11
https://www.bb.org.bd/mediaroom/circulars/psd/sep262023psd10.pdf,"PSD Circular No. 10: Regarding 'Guidelines for Merchant Acquiring and Escrow Services, 2023",Not Available,26/09/23,10
https://www.bb.org.bd/mediaroom/circulars/fepd/sep182023fepdl10.pdf,"FEPD Circular Letter No. 10: Inclusion of Particulars, standard, Unit Price and quantity of goods in Proforma Invoice/Indent.",Not Available,18/09/23,10
https://www.bb.org.bd/mediaroom/circulars/fepd/sep182023fepd14.pdf,"FEPD Circular No. 14: Export incentive against export from Specialized Zone (EPZ, EZ and Hi-tech Park)",Not Available,18/09/23,14
https://www.bb.org.bd/mediaroom/circulars/brpd/sep172023brpdl40.pdf,BRPD Circular Letter No. 40: Name change of NRB Commercial Bank Limited to NRBC Bank PLC.,Not Available,17/09/23,40
https://www.bb.org.bd/mediaroom/circulars/dmd/sep172023dmdl07.pdf,DMD Circular Letter No. 07: Trading of IRIDP-3 Social Impact Sukuk at negotiated price.,Not Available,17/09/23,07
https://www.bb.org.bd/mediaroom/circulars/brpd/sep132023brpdl39.pdf,BRPD Circular Letter No. 39: Settlement of Fund Taken from Export Facilitation Pre-finance Fund (EFPF).,Not Available,13/09/23,39
https://www.bb.org.bd/mediaroom/circulars/brpd/sep122023brpdl38.pdf,BRPD Circular Letter No. 38: Regarding Loan Rescheduling of Shipbuilding Industry.,Not Available,12/09/23,38
https://www.bb.org.bd/mediaroom/circulars/fid/sep032023dfiml20.pdf,"DFIM Circular Letter No. 20: Regarding amendment of People's Republic of Bangladesh Flag Rules, 1972.",Not Available,03/09/23,20
https://www.bb.org.bd/mediaroom/circulars/brpd/sep032023brpdl36.pdf,BRPD Circular Letter No. 36: Name change of Eastern Bank Limited to Eastern Bank PLC.,Not Available,03/09/23,36
https://www.bb.org.bd/mediaroom/circulars/smespd/sep032023smespd01.pdf,SMESPD Circular No. 01: Placement of Posters in Bank Branches to Enhance Awareness at the Marginal Level about Various Steps taken by Bangladesh Bank and Benefits related to the CMSME Sector.,Not Available,03/09/23,01
https://www.bb.org.bd/mediaroom/circulars/brpd/sep032023brpdl37.pdf,"BRPD Circular Letter No. 37: Appointment of director, contractual advisor and consultant for Bank-Company.",Not Available,03/09/23,37
https://www.bb.org.bd/mediaroom/circulars/dos/aug312023dos02.pdf,DOS Circular No. 02: Policy Regarding Investment in Capital Market by the Scheduled Banks.,Not Available,31/08/23,02
https://www.bb.org.bd/mediaroom/circulars/gbcrd/aug302023sfd02.pdf,SFD Circular No. 02: Refinance Scheme for Environment Friendly Products/Projects/Initiatives,Not Available,30/08/23,02
https://www.bb.org.bd/mediaroom/circulars/fid/aug292023dfim11.pdf,DFIM Circular No. 11: License Surrender of Nagad Finance PLC.,Not Available,29/08/23,11
https://www.bb.org.bd/mediaroom/circulars/brpd/aug282023brpdl35.pdf,"BRPD Circular Letter No. 35: Regarding amendment of People's Republic of Bangladesh Flag Rules, 1972",Not Available,28/08/23,35
https://www.bb.org.bd/mediaroom/circulars/psd/aug282023psdl05.pdf,PSD Circular Letter No. 05: Regarding determination of uniform service charge of MFS for implementation of Universal Pension Scheme,Not Available,28/08/23,05
https://www.bb.org.bd/mediaroom/circulars/brpd/aug272023brpdl34.pdf,BRPD Circular Letter No. 34: Name change of Mercantile Bank Limited to Mercantile Bank PLC.,Not Available,27/08/23,34
https://www.bb.org.bd/mediaroom/circulars/fepd/aug242023fepd13.pdf,FEPD Circular No. 13: Export subsidy/Cash incentive for the financial year 2023-2024,Not Available,24/08/23,13
https://www.bb.org.bd/mediaroom/circulars/fid/aug222023dfiml19.pdf,DFIM Circular Letter No. 19: Deducting source tax from profit against term deposit of mutual fund.,Not Available,22/08/23,19
https://www.bb.org.bd/mediaroom/circulars/fid/aug222023dfiml18.pdf,DFIM Circular Letter No. 18: Name change of LankaBangla Finance Limited to LankaBangla Finance PLC.,Not Available,22/08/23,18
https://www.bb.org.bd/mediaroom/circulars/dos/aug222023dosl22.pdf,DOS Circular Letter No. 22: Intermission of Banking Operations of Global Islami Bank PLC. due to Data Migration to New Core Banking Software.,Not Available,22/08/23,22
https://www.bb.org.bd/mediaroom/circulars/aml/aug212023bfiul01.pdf,BFIU Circular Letter No. 01: Regarding the proscription of activities of the militant group/organization 'Jama'atul Ansar Fil Hindal Sharqiya' in Bangladesh by the Government of the People's Republic of Bangladesh,Not Available,21/08/23,01
https://www.bb.org.bd/mediaroom/circulars/psd/aug212023psd09.pdf,PSD Circular No. 09: Regarding PSP License of Sheba Fintech Ltd,Not Available,21/08/23,09
https://www.bb.org.bd/mediaroom/circulars/fid/aug202023dfim10.pdf,DFIM Circular No. 10: Regarding Loan Rescheduling of Shipbuilding Industry,Not Available,20/08/23,10
https://www.bb.org.bd/mediaroom/circulars/brpd/aug132023brpdl33.pdf,BRPD Circular Letter No. 33: Refinance Scheme for Pre-Shipment Credit.,Not Available,13/08/23,33
https://www.bb.org.bd/mediaroom/circulars/brpd/aug132023brpd32.pdf,BRPD Circular No. 32: Export Facilitation Pre-finance Fund (EFPF).,Not Available,13/08/23,32
https://www.bb.org.bd/mediaroom/circulars/brpd/aug132023brpdl31.pdf,BRPD Circular Letter No. 31: Deducting source tax from profit against term deposit of mutual fund.,Not Available,13/08/23,31
https://www.bb.org.bd/mediaroom/circulars/brpd/aug132023brpdl30.pdf,BRPD Circular Letter No. 30: Taking Measures to Prevent Dengue.,Not Available,13/08/23,30
https://www.bb.org.bd/mediaroom/circulars/brpd/aug082023brpdl29.pdf,BRPD Circular Letter No. 29: Name change of Janata Bank Limited to Janata Bank PLC.,Not Available,08/08/23,29
https://www.bb.org.bd/mediaroom/circulars/fid/aug072023dfim09.pdf,DFIM Circular No. 09: Taking thumb impression on loan related charge documents.,Not Available,07/08/23,09
https://www.bb.org.bd/mediaroom/circulars/acd/aug062023acd02.pdf,ACD Circular No. 02: Agricultural & Rural Credit Policy and Program for the FY 2023-2024,Not Available,06/08/23,02
https://www.bb.org.bd/mediaroom/circulars/fepd/aug062023fepdl08.pdf,"FEPD Circular Letter No. 08: Compliance of Income Tax Law, 2023 instead of Income Tax Ordinance, 1984",Not Available,06/08/23,08
https://www.bb.org.bd/mediaroom/circulars/psd/aug022023psdl08.pdf,PSD Circular No. 08: Issuance of PSO license to DGepay Services Limited,Not Available,02/08/23,08
https://www.bb.org.bd/mediaroom/circulars/brpd/aug022023brpd15.pdf,BRPD Circular No. 15: “Taking thumb impression on loan related charge documents.’’,Not Available,02/08/23,15
https://www.bb.org.bd/mediaroom/circulars/brpd/jul312023brpdl28.pdf,BRPD Circular Letter No. 28: Name change of Islami Bank Bangladesh Limited to Islami Bank Bangladesh PLC.,Not Available,31/07/23,28
https://www.bb.org.bd/mediaroom/circulars/fid/jul272023dfiml17.pdf,DFIM Circular Letter No. 17: Keeping NBFI branches closed in the election area on 30th July 2023 Sunday for Election of 287 Chattogram-10 of National Parliament,Not Available,27/07/23,17
https://www.bb.org.bd/mediaroom/circulars/dos/jul272023dosl21.pdf,DOS Circular Letter No. 21: Keeping scheduled bank branches closed in the election area on 30th July 2023 Sunday for Election of 287 Chattogram-10 of National Parliament.,Not Available,27/07/23,21
https://www.bb.org.bd/mediaroom/circulars/brpd/jul272023brpdl27.pdf,BRPD Circular Letter No. 27: Interest/Profit Rate of Loan/Investment.,Not Available,27/07/23,27
https://www.bb.org.bd/mediaroom/circulars/brpd/jul272023brpdl26.pdf,BRPD Circular Letter No. 26: Restrictions for ensuring discipline in bank-company management.,Not Available,27/07/23,26
https://www.bb.org.bd/mediaroom/circulars/smespd/jul262023smespdl07.pdf,SMESPD Circular Letter No. 07: Incentive facility for loans & advances provided to women entrepreneurs on CMSME sector,Not Available,26/07/23,07
https://www.bb.org.bd/mediaroom/circulars/brpd/jul262023brpd14.pdf,"BRPD Circular No. 14: Implementation of Article 15 (10) of Bank-Company (Amendment) Act, 2023.",Not Available,26/07/23,14
https://www.bb.org.bd/mediaroom/circulars/fid/jul262023dfiml16.pdf,DFIM Circular Letter No. 16: Inclusion of Passing Banking Professional Exam (Former Banking Diploma Examination) in the Promotion Policy of Officers as Mandatory Requirement.,Not Available,26/07/23,16
https://www.bb.org.bd/mediaroom/circulars/fid/jul262023dfiml15.pdf,DFIM Circular Letter No. 15: Implementation of Programs for National Mourning Day 2023.,Not Available,26/07/23,15
https://www.bb.org.bd/mediaroom/circulars/brpd/jul242023brpdl25.pdf,"BRPD Circular Letter No. 25: Bank-Company (Amendment) Act, 2023.",Not Available,24/07/23,25
https://www.bb.org.bd/mediaroom/circulars/dos/jul242023dosl20.pdf,DOS Circular Letter No. 20: Modification of Basel III related Rationalized Input Template (RIT) regarding Capital Adequacy,Not Available,24/07/23,20
https://www.bb.org.bd/mediaroom/circulars/dcm/jul242023dcm03.pdf,DCM Circular No. 3: Clean Note Policy of Bangladesh Bank,Not Available,24/07/23,3
https://www.bb.org.bd/mediaroom/circulars/brpd/jul232023brpdl24.pdf,BRPD Circular Letter No. 24: Inclusion of Passing Banking Professional Exam (Former Banking Diploma Examination) in the Promotion Policy of Officers as Mandatory Requirement.,Not Available,23/07/23,24
https://www.bb.org.bd/mediaroom/circulars/fepd/jul232023fepdl07.pdf,FEPD Circular Letter No. 07: Export incentive against export in CMT basis in RMG/Textile sector.,Not Available,23/07/23,07
https://www.bb.org.bd/mediaroom/circulars/brpd/jul202023brpdl23.pdf,BRPD Circular Letter No. 23: Implementation of Programs for National Mourning Day 2023.,Not Available,20/07/23,23
https://www.bb.org.bd/mediaroom/circulars/psd/jul162023psd07.pdf,"PSD Circular No. 07: Keeping MFS, PSO and PSP offices closed in the related Election Areas on 17th July, 2023.",Not Available,16/07/23,07
https://www.bb.org.bd/mediaroom/circulars/finincld/jul162023fidl01.pdf,FID Circular Letter No. 01: Enhancement of Fund under Refinance Scheme for Digital Nano Loan,Not Available,16/07/23,01
https://www.bb.org.bd/mediaroom/circulars/fid/jul162023dfiml14.pdf,DFIM Circular Letter No. 14: Keeping FIs branches closed in the Related Election areas on 17th & 19th July 2023.,Not Available,16/07/23,14
https://www.bb.org.bd/mediaroom/circulars/fid/jul132023dfim08.pdf,"DFIM Circular No. 08: Guideline on ICT Security, Version 4.0 .",Not Available,13/07/23,08
https://www.bb.org.bd/mediaroom/circulars/brpd/jul132023brpd13.pdf,BRPD Circular No. 13: Regarding Loan Rescheduling of Cold Storage Industry.,Not Available,13/07/23,13
https://www.bb.org.bd/mediaroom/circulars/dos/jul132023dosl19.pdf,DOS Circular Letter No. 19: Keeping scheduled bank branches closed in the Related Election areas on 17th & 19th July 2023.,Not Available,13/07/23,19
https://www.bb.org.bd/mediaroom/circulars/fepd/jul132023fepdl06.pdf,"FEPD Circular Letter No. 06: Export subsidy against export of Software, ITES and Hardware",Not Available,13/07/23,06
https://www.bb.org.bd/mediaroom/circulars/brpd/jul032023brpdl22.pdf,BRPD Circular Letter No. 22: Name change of Uttara Bank Limited to Uttara Bank PLC.,Not Available,03/07/23,22
https://www.bb.org.bd/mediaroom/circulars/psd/jun252023psd06.pdf,PSD Circular No. 06: Issuance of PSO license to Fingerprint Information Technology Limited,Not Available,25/06/23,06
https://www.bb.org.bd/mediaroom/circulars/psd/jun252023psdl04.pdf,PSD Circular Letter No. 04: Regarding the opening of BACH (BACPS & BEFTN) on 27th & 28th June 2023 public holidays before the upcoming Eid-ul-Adha.,Not Available,25/06/23,04
https://www.bb.org.bd/mediaroom/circulars/smespd/jun252023smespdl06.pdf,SMESPD Circular Letter No. 06: Renaming the 'Small Enterprise Refinance Scheme' and Augmentation of Funds.,Not Available,25/06/23,06
https://www.bb.org.bd/mediaroom/circulars/psd/jun252023psd05.pdf,"PSD Circular No. 05: Ensuring uninterrupted ATM, POS, QR Code, Internet Banking, Online e-Payment Gateway and MFS during the Eid-ul-Azha vacation.",Not Available,25/06/23,05
https://www.bb.org.bd/mediaroom/circulars/brpd/jun222023brpdl21.pdf,"BRPD Circular Letter No. 21: Extension of Banking Hour as well as Keeping the Bank Branches/Sub Branches Open adjacent to Qurbani Cattle haat under Dhaka South City Corporation, Dhaka North City Corporation and Chattogram City Corporation.",Not Available,22/06/23,21
https://www.bb.org.bd/mediaroom/circulars/acd/jun222023acd01.pdf,ACD Circular No. 01: Contractual Recruitment of Manpower for Agricultural Credit in Banks,Not Available,22/06/23,01
https://www.bb.org.bd/mediaroom/circulars/fid/jun222023dfiml13.pdf,DFIM Circular Letter No. 13: Holiday for Eid-ul-Azha,Not Available,22/06/23,13
https://www.bb.org.bd/mediaroom/circulars/brpd/jun212023brpdl20.pdf,BRPD Circular Letter No. 20: Loan Classification.,Not Available,21/06/23,20
https://www.bb.org.bd/mediaroom/circulars/dcm/jun212023dcml03.pdf,"DCM Circular Letter No. 03: Providing note detection services by the officials of scheduled banks to the cattle traders in ""Qurbani haat"" for prevention of fake notes.",Not Available,21/06/23,03
https://www.bb.org.bd/mediaroom/circulars/fid/jun212023dfiml12.pdf,DFIM Circular Letter No. 12:The policy to be followed for payment of provident fund and gratuity for contractual employees of financial institutions.,Not Available,21/06/23,12
https://www.bb.org.bd/mediaroom/circulars/dos/jun212023dosl18.pdf,DOS Circular Letter No. 18: Keeping Bank Branches open in industrial areas during the Eid-vacation in limited scale.,Not Available,21/06/23,18
https://www.bb.org.bd/mediaroom/circulars/brpd/jun202023brpd12.pdf,BRPD Circular No. 12: Regarding Loan Rescheduling of Shipbuilding Industry.,Not Available,20/06/23,12
https://www.bb.org.bd/mediaroom/circulars/mpd/jun202023mpd02.pdf,MPD Circular No. 02: Introducing 'Interest Rate Corridor (IRC)',Not Available,20/06/23,02
https://www.bb.org.bd/mediaroom/circulars/fid/jun202023dfim07.pdf,DFIM Circular No. 07:Interest/Profit Rate of Deposit and Loan/Lease/Investment,Not Available,20/06/23,07
https://www.bb.org.bd/mediaroom/circulars/brpd/jun202023brpd11.pdf,BRPD Circular No. 11: Loan Classification.,Not Available,20/06/23,11
https://www.bb.org.bd/mediaroom/circulars/brpd/jun202023brpdl19.pdf,BRPD Circular Letter No. 19: L/C Margin on Import Financing.,Not Available,20/06/23,19
https://www.bb.org.bd/mediaroom/circulars/fid/jun202023dfiml11.pdf,DFIM Circular Letter No. 11: Strengthening of security measures and ensuring fire fighting measures in financial institutions.,Not Available,20/06/23,11
https://www.bb.org.bd/mediaroom/circulars/dcm/jun202023dcml02.pdf,DCM Circular Letter No. 02: Display of notice regarding exchange of soiled and mutilated notes by the scheduled bank branches.,Not Available,20/06/23,02
https://www.bb.org.bd/mediaroom/circulars/brpd/jun192023brpd10.pdf,BRPD Circular No. 10: Guideline on ICT Security,Not Available,19/06/23,10
https://www.bb.org.bd/mediaroom/circulars/brpd/jun192023brpd09.pdf,BRPD Circular No. 09: Interest/Profit Rate of Loan/Investment,Not Available,19/06/23,09
https://www.bb.org.bd/mediaroom/circulars/dos/jun182023dosl17.pdf,DOS Circular Letter No. 17: Keeping scheduled bank branches closed in the Election areas on 21st June 2023 Wednesday for Election of Rajshahi and Sylhet City Corporation and Three Pourashavas.,Not Available,18/06/23,17
https://www.bb.org.bd/mediaroom/circulars/brpd/jun152023brpdl18.pdf,BRPD Circular Letter No. 18: Paid-up Capital of branch-based bank-companies and branchless digital bank-companies.,Not Available,15/06/23,18
https://www.bb.org.bd/mediaroom/circulars/dos/jun152023dosl16.pdf,DOS Circular Letter No. 16: Keeping Hajj activities related scheduled bank branches open on 16 and 17 June 2023,Not Available,15/06/23,16
https://www.bb.org.bd/mediaroom/circulars/feod/jun152023feodl01.pdf,FEOD Circular Letter No. 01: Regarding Online Reporting of Foreign Exchange Transactions.,Not Available,15/06/23,01
https://www.bb.org.bd/mediaroom/circulars/fid/jun132023dfim06.pdf,DFIM Circular No. 06: Appointment & Management of Human Resources in NBFIs.,Not Available,13/06/23,06
https://www.bb.org.bd/mediaroom/circulars/go/jun082023gol01.pdf,GO Circular Letter No. 01: Ex-Bangladesh travel of Managing Director/CEO of Banks/Financial Institutions.,Not Available,08/06/23,01
https://www.bb.org.bd/mediaroom/circulars/gbcrd/jun082023sfdl01.pdf,SFD Circular Letter No. 01: Refinance Fund for Technology Development/Up-gradation of Export Oriented Industries.,Not Available,08/06/23,01
https://www.bb.org.bd/mediaroom/circulars/dos/jun082023dosl15.pdf,"DOS Circular Letter No. 15: Keeping scheduled bank branches closed in the Election areas on 12th June 2023 Monday for Election of Khulna and Barishal City Corporation, Two Pourashava and One Upazila Parishad.",Not Available,08/06/23,15
https://www.bb.org.bd/mediaroom/circulars/dmd/jun062023dmd03.pdf,"DMD Circular No. 03: Guidelines on the Secondary Trading of Government Securities, 2023.",Not Available,06/06/23,03
https://www.bb.org.bd/mediaroom/circulars/fid/jun012023dfiml10.pdf,DFIM Circular Letter No. 10: Name change of Lankan Alliance Finance Limited to Alliance Finance PLC.,Not Available,01/06/23,10
https://www.bb.org.bd/mediaroom/circulars/aml/may302023bfiu28.pdf,"BFIU Circular No. 28: Instructions to be followed by the Financial Institutions for prevention of money laundering, terrorist financing and proliferation financing",Not Available,30/05/23,28
https://www.bb.org.bd/mediaroom/circulars/fid/may292023dfim05.pdf,"DFIM Circular No. 05: Strengthening of Internal Control and Compliance (ICC), Pre-inspection of Loan files and establishment of Dashboard in NBFIs",Not Available,29/05/23,05
https://www.bb.org.bd/mediaroom/circulars/fid/may242023dfim04.pdf,"DFIM Circular No. 04: Indication of Public Limited Company under The Companies (2nd Amendment) Act, 2020.",Not Available,24/05/23,04
https://www.bb.org.bd/mediaroom/circulars/dos/may242023dos01.pdf,"DOS Circular No. 01: Provision against investment in listed and non-listed share, bond/debenture and mutual fund",Not Available,24/05/23,01
https://www.bb.org.bd/mediaroom/circulars/dos/may222023dosl14.pdf,DOS Circular Letter No. 14: Keeping scheduled bank branches closed in the Election areas on 25th May 2023 Thursday for Election of Gazipur City Corporation and By-Election of 3 Upazila Parishad & 7 Union Parishad.,Not Available,22/05/23,14
https://www.bb.org.bd/mediaroom/circulars/brpd/may222023brpdl17.pdf,BRPD Circular Letter No. 17: Regarding Precautionary measures to ensure the safety of the business centers of banks.,Not Available,22/05/23,17
https://www.bb.org.bd/mediaroom/circulars/fid/may212023dfim03.pdf,DFIM Circular No. 03: Displaying Bangladesh Bank's Hotline number (16236) along with FI's own hotline number at a visible place to ensure improved financial services and quick resolution of complaints.,Not Available,21/05/23,03
https://www.bb.org.bd/mediaroom/circulars/fid/may182023dfiml09.pdf,DFIM Circular Letter No. 09: Guidelines on Cloud Computing.,Not Available,18/05/23,09
https://www.bb.org.bd/mediaroom/circulars/psd/may182023psd04.pdf,PSD Circular No. 04: Regarding PSP license of ABG Technologies LTD.,Not Available,18/05/23,04
https://www.bb.org.bd/mediaroom/circulars/fid/may172023dfim02.pdf,DFIM Circular No. 02: Issuance of licence in favour of Nagad Finance PLC. as Financial Institution.,Not Available,17/05/23,02
https://www.bb.org.bd/mediaroom/circulars/brpd/may152023brpdl16.pdf,BRPD Circular Letter No. 16: Name change of Global Islami Bank Limited to Global Islami Bank PLC.,Not Available,15/05/23,16
https://www.bb.org.bd/mediaroom/circulars/fid/may152023dfiml08.pdf,DFIM Circular Letter No. 08: Conducting Meeting in Hybrid Mode.,Not Available,15/05/23,08
https://www.bb.org.bd/mediaroom/circulars/brpd/may152023brpdl15.pdf,BRPD Circular Letter No. 15: Policy regarding payment of provident fund and gratuity for contractual officials and employees of a bank company.,Not Available,15/05/23,15
https://www.bb.org.bd/mediaroom/circulars/brpd/may142023brpdl14.pdf,BRPD Circular Letter No. 14: Name change of Sonali Bank Limited to Sonali Bank PLC.,Not Available,14/05/23,14
https://www.bb.org.bd/mediaroom/circulars/fepd/may112023fepd09.pdf,FEPD Circular No. 09: Cash incentive for export of Potato.,Not Available,11/05/23,09
https://www.bb.org.bd/mediaroom/circulars/brpd/may092023brpd07.pdf,BRPD Circular No. 07: Displaying Bangladesh Bank's Hotline number (16236) along with Bank's own hotline number at a visible place to ensure improved banking services and quick resolution of complaints.,Not Available,09/05/23,07
https://www.bb.org.bd/mediaroom/circulars/fepd/may082023fepdl04.pdf,"FEPD Circular Letter No. 04: Clarification of ""Digital Marketing"" and ""Advertisement Broadcasting"" according to section 56 of Income Tax Ordinance 1984",Not Available,08/05/23,04
https://www.bb.org.bd/mediaroom/circulars/dos/may032023dosl13.pdf,DOS Circular Letter No. 13: Keeping Hajj activities related scheduled bank branches open on 04 May 2023.,Not Available,03/05/23,13
https://www.bb.org.bd/mediaroom/circulars/fepd/may022023fepdl03.pdf,FEPD Circular Letter No. 03: Performing Hajj 1444 Hizri/2023 under Government and Private Management,Not Available,02/05/23,03
https://www.bb.org.bd/mediaroom/circulars/dmd/apr302023dmdl04.pdf,"DMD Circular Letter No. 04: Trading of Sukuk issued against ""Safe Water Supply to the Whole Country"" Project in Secondary Market at Negotiated Price.",Not Available,30/04/23,04
https://www.bb.org.bd/mediaroom/circulars/brpd/apr272023brpdl13.pdf,BRPD Circular Letter No. 13: Regarding Transfer of Jute Sector Outstanding Loans to Block Account.,Not Available,27/04/23,13
https://www.bb.org.bd/mediaroom/circulars/brpd/apr262023brpdl12.pdf,BRPD Circular Letter No. 12: Conducting Meeting in Hybrid Mode.,Not Available,26/04/23,12
https://www.bb.org.bd/mediaroom/circulars/fid/apr262023dfiml07.pdf,DFIM Circular Letter No. 07: Appointment of Directors in Financial Institutions,Not Available,26/04/23,07
https://www.bb.org.bd/mediaroom/circulars/brpd/apr252023brpdl11.pdf,BRPD Circular Letter No. 11: Establishment of Export Facilitation Pre-finance Fund (EFPF).,Not Available,25/04/23,11
https://www.bb.org.bd/mediaroom/circulars/fepd/apr252023fepd08.pdf,FEPD Circular No. 08: Export subsidy against export of crabs and eel,Not Available,25/04/23,08
https://www.bb.org.bd/mediaroom/circulars/dos/apr172023dosl12.pdf,DOS Circular Letter No. 12: Keeping scheduled bank branches closed in the election area on 27th April 2023 Thursday for Election of 285 Chattogram-8 of National Parliament.,Not Available,17/04/23,12
https://www.bb.org.bd/mediaroom/circulars/sd/apr172023sd02.pdf,SD Circular No. 02: Regarding time refixation of NBDC Return reporting.,Not Available,17/04/23,02
https://www.bb.org.bd/mediaroom/circulars/fid/apr172023dfiml06.pdf,DFIM Circular Letter No. 06: Closure of financial institutions on the occasion of Eid-ul-Fitr and fixing the post Eid office time table.,Not Available,17/04/23,06
https://www.bb.org.bd/mediaroom/circulars/psd/apr172023psdl03.pdf,PSD Circular Letter No. 03: Regarding scheduling of BACH (BACPS & BEFTN) on public holidays preceding Eid-ul-Fitr 2023.,Not Available,17/04/23,03
https://www.bb.org.bd/mediaroom/circulars/psd/apr132023psd03.pdf,"PSD Circular No. 03/2023: Ensuring uninterrupted ATM, POS, QR Code, Internet Banking, Online e-Payment Gateway and MFS during the Eid-ul-Fitr vacation.",Not Available,13/04/23,03
https://www.bb.org.bd/mediaroom/circulars/dos/apr132023dosl11e.pdf,DOS Circular Letter No. 11: Remain open of Bank branches in industrial areas during the Eid vacation in limited scale.,Not Available,13/04/23,11
https://www.bb.org.bd/mediaroom/circulars/dos/apr122023dosl10.pdf,DOS Circular Letter No. 10: Keeping Scheduled Bank Branches closed in the area of Mujibnagar Upazilla in Meherpur District on 17 April 2023 Monday for the celebration of Historic Mujibnagar Day,Not Available,12/04/23,10
https://www.bb.org.bd/mediaroom/circulars/psd/apr022023psd02.pdf,PSD Circular No. 02: Issuance of PSP license to Digital Payments Limited,Not Available,02/04/23,02
https://www.bb.org.bd/mediaroom/circulars/brpd/mar292023brpdl10.pdf,BRPD Circular Letter No. 10: Name change of International Finance Investment and Commerce Bank Limited to IFIC Bank PLC.,Not Available,29/03/23,10
https://www.bb.org.bd/mediaroom/circulars/smespd/mar282023smespdl05.pdf,SMESPD Circular Letter No. 05: Temporary Relaxation of CMSME Sector wise Loan/ Investment Disbursement and Scheduling of Recovery of Installments against Pre-Financing Scheme,Not Available,28/03/23,05
https://www.bb.org.bd/mediaroom/circulars/gbcrd/mar232023sfd01.pdf,SFD Circular No. 01: Showing the expenditure related to promote use of Bangla-QR as CSR,Not Available,23/03/23,01
https://www.bb.org.bd/mediaroom/circulars/dos/mar232023dosl09.pdf,DOS Circular Letter No. 09: Keeping Hajj activities related scheduled bank branches open on 25 March 2023.,Not Available,23/03/23,09
https://www.bb.org.bd/mediaroom/circulars/acd/mar212023acdl02.pdf,ACD Circular Letter No. 02: Refinance scheme of 5000 Crore Taka for agriculture sector to ensure food security of the country.,Not Available,21/03/23,02
https://www.bb.org.bd/mediaroom/circulars/dmd/mar202023dmdl03.pdf,"DMD Circular Letter No. 03: Time schedule of Bangladesh Government Bill/Bond Auction, Bangladesh Bank Bill Auction, Repo, ALS & EDSMoney platform transaction during Ramadan.",Not Available,20/03/23,03
https://www.bb.org.bd/mediaroom/circulars/psd/mar202023psdl02.pdf,PSD Circular Letter No. 02: Change in BACH and RTGS Schedule.,Not Available,20/03/23,02
https://www.bb.org.bd/mediaroom/circulars/dcm/mar192023dcml01.pdf,DCM Circular Letter No. 01: Instruction to be followed by scheduled banks for preventing fake note circulation during the month of holy Ramadan/2023,Not Available,19/03/23,01
https://www.bb.org.bd/mediaroom/circulars/brpd/mar192023brpdl09.pdf,BRPD Circular Letter No. 09: Master Circular on Schedule of Charges.,Not Available,19/03/23,09
https://www.bb.org.bd/mediaroom/circulars/fid/mar192023dfiml05.pdf,DFIM Circular Letter No. 05: Office time table of the financial institutions during the month of Holy Ramadan of Hijri 1444.,Not Available,19/03/23,05
https://www.bb.org.bd/mediaroom/circulars/smespd/mar162023smespdl04.pdf,SMESPD Circular Letter No. 04: Regarding target and allocations of sector-wise loans for CMSME Entrepreneurs,Not Available,16/03/23,04
https://www.bb.org.bd/mediaroom/circulars/brpd/mar162023brpd05.pdf,BRPD Circular No. 05: Guidelines on Cloud Computing,Not Available,16/03/23,05
https://www.bb.org.bd/mediaroom/circulars/dos/mar152023dosl08.pdf,DOS Circular Letter No. 08: Office time table of the bank companies during the month of Holy Ramadan of Hijri 1444,Not Available,15/03/23,08
https://www.bb.org.bd/mediaroom/circulars/dos/mar122023dosl07.pdf,"DOS Circular Letter No.07: Instruction to take necessary measures to facilitate casting of vote by the voter employees of the related areas on 13, 16 and 20 march 2023 for election of Upazilla Parishads, Union Parishads and Pourashavas.",Not Available,12/03/23,07
https://www.bb.org.bd/mediaroom/circulars/sd/mar122023sd01.pdf,SD Circular No. 01: Regarding time refixation of SBS-1 reporting,Not Available,12/03/23,01
https://www.bb.org.bd/mediaroom/circulars/brpd/mar062023brpdl08.pdf,BRPD Circular Letter No. 08: Regarding Loan Adjustment of Government Identified Sick/Closed Industries (Non-Textile Sector),Not Available,06/03/23,08
https://www.bb.org.bd/mediaroom/circulars/brpd/mar062023brpdl07.pdf,"BRPD Circular Letter No. 07: Regarding setting the English and Bangla theme for International Women's Day, 8th March, 2023.",Not Available,06/03/23,07
https://www.bb.org.bd/mediaroom/circulars/ismd/mar052023ismd01.pdf,ISMD Circular No. 01: Regarding submission of up-to-date information of branches.,Not Available,05/03/23,01
https://www.bb.org.bd/mediaroom/circulars/brpd/mar022023brpdl06.pdf,"BRPD Circular Letter No. 06: Exemption from the provision of section 26kha(1) of Bank Company Act, 1991 regarding general credit limit to electricity producing companies.",Not Available,02/03/23,06
https://www.bb.org.bd/mediaroom/circulars/fid/feb222023dfim01.pdf,DFIM Circular No. 01: DFIM Circular No. 01: Inclusion of Banking Diploma in the promotion policy as mandatory requirement for senior officer and above official of NBFIs,Not Available,22/02/23,01
https://www.bb.org.bd/mediaroom/circulars/brpd/feb222023brpd04.pdf,"BRPD Circular No. 04: Identification of Limited Company as per The Companies (2nd Amendment) Act, 2020",Not Available,22/02/23,04
https://www.bb.org.bd/mediaroom/circulars/cgd/feb192023cgdl01.pdf,CGD Circular Letter No. 01: Settlement of Guarantee Claim under Credit Guarantee Scheme,Not Available,19/02/23,01
https://www.bb.org.bd/mediaroom/circulars/dcm/feb232023dcm01.pdf,DCM Circular No. 01: Direct destruction of defective and non-circulating notes deposited in the vaults of Bangladesh Bank,Not Available,16/02/23,01
https://www.bb.org.bd/mediaroom/circulars/sd/feb162023sd02.pdf,SD Circular Letter No. 02: Regarding data submission of Foreign Direct Investment according to new time schedule.,Not Available,16/02/23,02
https://www.bb.org.bd/mediaroom/circulars/brpd/feb152023brpdl05.pdf,BRPD Circular Letter No. 05: Refinance Scheme to Support Cinema Hall Owners,Not Available,15/02/23,05
https://www.bb.org.bd/mediaroom/circulars/fid/feb132023dfiml03.pdf,DFIM Circular Letter No. 03: Collecting & Preserving Audited Financial Statement in the Loan Files for Approval & Renewal of Loans of Financial Institutions,Not Available,13/02/23,03
https://www.bb.org.bd/mediaroom/circulars/dos/feb082023dosl06.pdf,DOS Circular Letter No. 06: To observe mourning day for the devastating earthquake in Turkey and Syria,Not Available,08/02/23,06
https://www.bb.org.bd/mediaroom/circulars/psd/feb082023psdl01.pdf,PSD Circular Letter No. 01: Regarding Augmentation of Bangla QR Code Based Payments,Not Available,08/02/23,01
https://www.bb.org.bd/mediaroom/circulars/brpd/feb082023brpd03.pdf,BRPD Circular No. 03: Inclusion of Passing Banking Diploma Examination in the Promotion Policy of Officers as Mandatory Requirement,Not Available,08/02/23,03
https://www.bb.org.bd/mediaroom/circulars/feod/feb072023feod01.pdf,FEOD Circular No. 01: Regarding Endorsement on Passport,Not Available,07/02/23,01
https://www.bb.org.bd/mediaroom/circulars/brpd/feb062023brpdl04.pdf,BRPD Circular Letter No. 04: Preserving audited financial statements in the loan file.,Not Available,06/02/23,04
https://www.bb.org.bd/mediaroom/circulars/dmd/feb052023dmd02.pdf,DMD Circular No. 02: Guidelines for Shari’ah Compliant Mudarabah Liquidity Support (MLS).,Not Available,05/02/23,02
https://www.bb.org.bd/mediaroom/circulars/dos/feb022023dosl05.pdf,DOS Circular Letter No. 05: Regarding Celebration of National Library Day-2023,Not Available,02/02/23,05
https://www.bb.org.bd/mediaroom/circulars/fid/feb012023dfiml02.pdf,DFIM Circular Letter No. 02: Issuance of Bond by NBFIs for collecting long term funds,Not Available,01/02/23,02
https://www.bb.org.bd/mediaroom/circulars/psd/feb012023psd01.pdf,PSD Circular No. 01: Providing permission for Card-Based transaction through Contactless payment service by using NFC technology.,Not Available,01/02/23,01
https://www.bb.org.bd/mediaroom/circulars/smespd/jan312023smespdl02.pdf,"SMESPD Circular Letter No. 02: Conversion of Refinance scheme amounting Taka 25,000 crore to Pre-Finance scheme",Not Available,31/01/23,02
https://www.bb.org.bd/mediaroom/circulars/dos/jan302023dosl04.pdf,DOS Circular Letter No. 04: Keeping scheduled bank branches closed in the election area on 01st February 2023 for Election of some National Parliament Constituency.,Not Available,30/01/23,04
https://www.bb.org.bd/mediaroom/circulars/sd/jan302023sdl01.pdf,SD Circular Letter No. 01: Regarding data submission of Private Sector Medium and Long Term (MLT) Debt according to new time schedule.,Not Available,30/01/23,01
https://www.bb.org.bd/mediaroom/circulars/dmd/jan262023dmdl02.pdf,DMD Circular Letter No. 02: Appointment of Rupali Bank Limited as Primary Dealer.,Not Available,26/01/23,02
https://www.bb.org.bd/mediaroom/circulars/brpd/jan192023brpd02.pdf,BRPD Circular No. 02: Policy Regarding Establishment of Banks’ Business Centers & Their Rent/Lease Related Issues.,Not Available,19/01/23,02
https://www.bb.org.bd/mediaroom/circulars/smespd/jan182023smespdl01.pdf,SMESPD Circular Letter No. 01: Regarding disbursement of loan/investment in working capital sector under 25000 crore refinance scheme in CMSME sector,Not Available,18/01/23,01
https://www.bb.org.bd/mediaroom/circulars/dmd/jan172023dmdl01.pdf,DMD Circular Letter No. 01: Selection of Benchmark Securities and Two-Way Price Quoting.,Not Available,17/01/23,01
https://www.bb.org.bd/mediaroom/circulars/dmd/jan172023dmd01.pdf,"DMD Circular No. 01: Regarding Amendment of Notification ""Issuance and Re-issuance of Bangladesh Government Treasury Bonds""",Not Available,17/01/23,01
https://www.bb.org.bd/mediaroom/circulars/brpd/jan162023brpdl02.pdf,BRPD Circular Letter No. 02: Name change of United Commercial Bank Limited to United Commercial Bank PLC.,Not Available,16/01/23,02
https://www.bb.org.bd/mediaroom/circulars/fid/jan152023dfiml01.pdf,DFIM Circular Letter No. 01: Schedule of Fee/Charges/Commission for Financial Institutions,Not Available,15/01/23,01
https://www.bb.org.bd/mediaroom/circulars/mpd/jan152023mpd01.pdf,MPD Circular No. 01:Refixation of Repo and Reverse Repo interest rates of Bangladesh Bank,Not Available,15/01/23,01
https://www.bb.org.bd/mediaroom/circulars/dos/jan112023dosl02.pdf,DOS Circular Letter No. 02: Instruction to take necessary measures to facilitate casting of vote by the voter employees of the related area on 12th January 2023 for the Mayor By-election of Durgapur Paurashava,Not Available,11/01/23,02
https://www.bb.org.bd/mediaroom/circulars/brpd/jan052023brpdl01.pdf,BRPD Circular Letter No. 01: Loan/Investment Write-off Policy.,Not Available,05/01/23,01
https://www.bb.org.bd/mediaroom/circulars/dos/jan032023dosl01.pdf,DOS Circular Letter No. 01: Instruction to take necessary measures to facilitate casting of vote by the voter employees of the election area on 4th January 2023 for Election of 33 Gaibandha-5 of National Parliament.,Not Available,03/01/23,01
https://www.bb.org.bd/mediaroom/circulars/acd/jan012023acdl01.pdf,ACD Circular Letter No. 01: Regarding Credit Disbursement Under Agricultural and Rural Credit Policy and Program,Not Available,01/01/23,01
https://www.bb.org.bd/mediaroom/circulars/brpd/jan012023brpd01.pdf,BRPD Circular No. 01: Establishment of Export Facilitation Pre-finance Fund (EFPF).,Not Available,01/01/23,01
https://www.bb.org.bd/mediaroom/circulars/dos/dec272022dosl40.pdf,DOS Circular Letter No. 40: Instruction to take necessary measures to facilitate casting of vote by the voter employees of the related areas on 29th December 2022 for election of Union Parishads and Pourashavas.,Not Available,27/12/22,40
https://www.bb.org.bd/mediaroom/circulars/dos/dec262022dosl39.pdf,DOS Circular Letter No. 39: Keeping scheduled bank branches closed in the election area on 27th December 2022 Tuesday for Election of Rangpur City Corporation.,Not Available,26/12/22,39
https://www.bb.org.bd/mediaroom/circulars/fepd/dec262022fepdl46.pdf,"FEPD Circular Letter No. 46: Power delegation to Bangladesh Bank under Section 23 of Sub-section (3) of Foreign Exchange Regulation Act, 1947 (Act No. VII of 1947)",Not Available,26/12/22,46
https://www.bb.org.bd/mediaroom/circulars/brpd/dec222022brpdl54.pdf,BRPD Circular Letter No. 54: L/C Margin on Import Financing,Not Available,22/12/22,54
https://www.bb.org.bd/mediaroom/circulars/brpd/dec222022brpdl53.pdf,BRPD Circular Letter No. 53: Transfer of interest to income account and maintaining provision against loans,Not Available,22/12/22,53
https://www.bb.org.bd/mediaroom/circulars/fid/dec212022dfiml27.pdf,DFIM Circular Letter No. 27: Loan/lease/investment classification of NBFI's,Not Available,21/12/22,27
https://www.bb.org.bd/mediaroom/circulars/fid/dec212022dfiml26.pdf,DFIM Circular Letter No. 26: Reduction of vehicle expenses and usage in NBFI's,Not Available,21/12/22,26
https://www.bb.org.bd/mediaroom/circulars/brpd/dec212022brpdl52.pdf,BRPD Circular Letter No. 52: Regarding Loan Rescheduling and Restructuring,Not Available,21/12/22,52
https://www.bb.org.bd/mediaroom/circulars/dos/dec202022dosl38.pdf,DOS Circular Letter No. 38: Intermission of Banking Operations of Padma Bank Limited due to Migration to New Core Banking Software.,Not Available,20/12/22,38
https://www.bb.org.bd/mediaroom/circulars/dos/dec192022dosl37.pdf,DOS Circular Letter No. 37: Time limit to bring down excess investment in Capital Market,Not Available,19/12/22,37
https://www.bb.org.bd/mediaroom/circulars/acd/dec192022acd08.pdf,ACD Circular No. 08: Formulation of Bangladesh Bank Agricultural Development Common Fund (BBADCF),Not Available,19/12/22,08
https://www.bb.org.bd/mediaroom/circulars/brpd/dec182022brpdl51.pdf,BRPD Circular Letter No. 51: Loan Classification,Not Available,18/12/22,51
https://www.bb.org.bd/mediaroom/circulars/brpd/dec142022brpdl50.pdf,BRPD Circular Letter No. 50: L/C Margin for Import of Rice and Wheat,Not Available,14/12/22,50
https://www.bb.org.bd/mediaroom/circulars/ismd/dec132022ismdl4.pdf,ISMD Circular Letter No. 4: Regarding Submission of Data to Integrated Supervision System (ISS).,Not Available,13/12/22,4
https://www.bb.org.bd/mediaroom/circulars/psd/dec122022psd17.pdf,PSD Circular No. 17: Issuance of PSO (WLMA) License to,Not Available,12/12/22,17
https://www.bb.org.bd/mediaroom/circulars/brpd/dec112022brpdl49.pdf,BRPD Circular Letter No. 49: L/C Margin on Import Financing,Not Available,11/12/22,49
https://www.bb.org.bd/mediaroom/circulars/gbcrd/dec072022sfd07.pdf,SFD Circular No. 07: Green Transformation Fund (GTF) in Taka for export and manufacturing-oriented industries,Not Available,07/12/22,07
https://www.bb.org.bd/mediaroom/circulars/brpd/dec072022brpdl48.pdf,"BRPD Circular Letter No. 48: Avoidance of High Expense for Luxurious Vehicles, Decoration and other Matters",Not Available,07/12/22,48
https://www.bb.org.bd/mediaroom/circulars/dmd/dec052022dmd03.pdf,DMD Circular No. 03: Guidelines and Operating Procedures of Islamic Banks Liquidity Facility (IBLF),Not Available,05/12/22,03
https://www.bb.org.bd/mediaroom/circulars/fepd/dec042022fepdl45.pdf,FEPD Circular Letter No. 45: Regarding Disbursement of Cash Incentive against Inward remittances earned by Armed Forces members from UN Mission,Not Available,04/12/22,45
https://www.bb.org.bd/mediaroom/circulars/brpd/nov302022brpdl47.pdf,BRPD Circular Letter No. 47: Determining Risk Weighted Asset (RWA) in Alternative investment Sector,Not Available,30/11/22,47
https://www.bb.org.bd/mediaroom/circulars/fepd/nov302022fepdl44.pdf,FEPD Circular Letter No. 44: Delisting of raw jute from appendix-2 (SL No:11.17) of Export Policy 2021-2024,Not Available,30/11/22,44
https://www.bb.org.bd/mediaroom/circulars/fid/nov292022dfiml25.pdf,DFIM Circular Letter No. 25: Clarification on the definition of 'Person' given in Section 2(46) and deduction of tax at Source on the payment of interest or profit under section 53F of Income Tax Ordinance 1984.,Not Available,29/11/22,25
https://www.bb.org.bd/mediaroom/circulars/gbcrd/nov292022sfd06.pdf,SFD Circular No. 06: Contribution toward Prime Minister's Education Assistance Trust under Corporate Social Responsibility of Banks and FIs,Not Available,29/11/22,06
https://www.bb.org.bd/mediaroom/circulars/fepd/nov282022fepdl43e.pdf,FEPD Circular Letter No. 43: Refrain from providing banking services to illegal money changers /exchange activities,Not Available,28/11/22,43
https://www.bb.org.bd/mediaroom/circulars/cgd/nov222022cgdl01.pdf,"CGD Circular Letter No. 01: Credit Guarantee Facility against Term Loan to CMSME Sector under Tk. 25,000 Crore Refinance Scheme.",Not Available,22/11/22,01
https://www.bb.org.bd/mediaroom/circulars/acd/nov172022acd07.pdf,ACD Circular No. 07: Refinance scheme of 5000 Crore Taka for agriculture sector to ensure food security of the country.,Not Available,17/11/22,07
https://www.bb.org.bd/mediaroom/circulars/brpd/nov162022brpdl46.pdf,BRPD Circular Letter No. 46: Policy on Interest Waiver,Not Available,16/11/22,46
https://www.bb.org.bd/mediaroom/circulars/brpd/nov142022brpdl45.pdf,BRPD Circular Letter No. 45: Clarification on the definition of 'Person' given in Section 2(46) and deduction of tax at Source on the payment of interest or profit under section 53F of Income Tax Ordinance 1984.,Not Available,14/11/22,45
https://www.bb.org.bd/mediaroom/circulars/dmd/nov102022dmdl10.pdf,"DMD Circular Letter No. 10: Time schedule of Bangladesh Government Bill/Bond Auction, Bangladesh Bank Bill Auction, Repo, ALS & EDSMoney platform transaction.",Not Available,10/11/22,10
https://www.bb.org.bd/mediaroom/circulars/psd/nov102022psd16.pdf,"PSD Circular No. 16: Determination of Platform Fees, Interoperable Fees and Service Charges for transactions through Interoperable Digital Transaction Platform (IDTP)",Not Available,10/11/22,16
https://www.bb.org.bd/mediaroom/circulars/fid/nov102022dfiml24.pdf,DFIM Circular Letter No. 24: Prohibition regarding dealing of virtual assets & virtual currencies and facilitating their exchange/transfer/trading,Not Available,10/11/22,24
https://www.bb.org.bd/mediaroom/circulars/psd/nov102022psdl07.pdf,PSD Circular Letter No. 07: Change in BACH and RTGS Schedule,Not Available,10/11/22,07
https://www.bb.org.bd/mediaroom/circulars/smespd/nov082022smespdl07.pdf,SMESPD Circular Letter No. 07: Regarding ease of policy for disbursement of loan/investment under 25000 crore refinance scheme in CMSME sector.,Not Available,08/11/22,07
https://www.bb.org.bd/mediaroom/circulars/fid/nov082022dfiml23.pdf,DFIM Circular Letter No. 23: Change in office hour for NBFIs,Not Available,08/11/22,23
https://www.bb.org.bd/mediaroom/circulars/brpd/nov082022brpdl44.pdf,"BRPD Circular Letter No. 44: Exemption from the provision of section 26kha(1) of Bank Company Act, 1991 regarding general credit limit to coal-based electricity producing companies.",Not Available,08/11/22,44
https://www.bb.org.bd/mediaroom/circulars/dos/nov032022dosl35.pdf,DOS Circular Letter No. 35: Change in bank office and transaction hours.,Not Available,03/11/22,35
https://www.bb.org.bd/mediaroom/circulars/dos/nov022022dosl34.pdf,DOS Circular Letter No. 34: Instruction to take necessary measures to facilitate casting of vote by the voter employees of the election area on 05th November 2022 for Election of 212 Faridpur-2 of National Parliament.,Not Available,02/11/22,34
https://www.bb.org.bd/mediaroom/circulars/brpd/nov022022brpdl43.pdf,BRPD Circular Letter No. 43: Regarding fixation of 25 March 2020 as cut-off date for the direct recruitment of candidates in the recruitment circulars publishable up to 30 June 2023,Not Available,02/11/22,43
https://www.bb.org.bd/mediaroom/circulars/dos/nov012022dosl33.pdf,DOS Circular Letter No. 33: Instruction to take necessary measures to facilitate casting of vote by the voter employees of the related areas on 2nd November 2022,Not Available,01/11/22,33
https://www.bb.org.bd/mediaroom/circulars/fepd/oct302022fepdl40.pdf,FEPD Circular Letter No. 40: Circulation of specimen signature of FEPD officials,Not Available,30/10/22,40
https://www.bb.org.bd/mediaroom/circulars/brpd/oct272022brpdl42.pdf,BRPD Circular Letter No. 42: Ensuring pre-finance facilities for providing working capital to the affected large Industries and Service sector by the outbreak of Novel Corona Virus (Covid-19) through Restricted Mudaraba Term Deposit,Not Available,26/10/22,42
https://www.bb.org.bd/mediaroom/circulars/fepd/oct262022fepdl38.pdf,FEPD Circular Letter No. 38: Import/Accepted Bill Payment on maturity,Not Available,26/10/22,38
https://www.bb.org.bd/mediaroom/circulars/brpd/oct262022brpdl41.pdf,BRPD Circular Letter No. 41: Policy for Post Import Financing-PIF,Not Available,26/10/22,41
https://www.bb.org.bd/mediaroom/circulars/brpd/oct262022brpd18.pdf,BRPD Circular No. 18: Regarding Loan Adjustment of Government Identified Sick/Closed Industries (Non-Textile Sector),Not Available,25/10/22,18
https://www.bb.org.bd/mediaroom/circulars/dmd/oct242022dmdl09.pdf,DMD Circular Letter No. 09: Considering Passport Number as Unique Identification Number for Purchasing US Dollar Premium Bond and US Dollar Investment Bond,Not Available,24/10/22,09
https://www.bb.org.bd/mediaroom/circulars/fid/oct202022dfim13.pdf,DFIM Circular No. 13: Implementation of Citizen's Charter,Not Available,20/10/22,13
https://www.bb.org.bd/mediaroom/circulars/brpd/oct122022brpdl40.pdf,BRPD Circular Letter No. 40: Prohibition regarding dealing of virtual assets & virtual currencies and facilitating their exchange/transfer/trading,Not Available,12/10/22,40
https://www.bb.org.bd/mediaroom/circulars/fepd/oct122022fepdl37.pdf,FEPD Circular Letter No. 37: Prohibition of issuance of LCs for import of narcotics without license/permit/NOC/prior permission from Department of Narcotics Control.,Not Available,12/10/22,37
https://www.bb.org.bd/mediaroom/circulars/dos/oct112022dosl32.pdf,DOS Circular Letter No. 32: Instruction to take necessary measures to facilitate casting of vote by the voter employees of the election area on 12th October 2022 for Election of 33 Gaibandha-5 of National Parliament.,Not Available,11/10/22,32
https://www.bb.org.bd/mediaroom/circulars/brpd/oct102022brpd17.pdf,BRPD Circular No. 17: Implementation of Citizen’s Charter,Not Available,10/10/22,17
https://www.bb.org.bd/mediaroom/circulars/dmd/oct062022dmd02.pdf,DMD Circular No. 02: Regarding trading of G-Sec on DSE & CSE platform,Not Available,06/10/22,02
https://www.bb.org.bd/mediaroom/circulars/mpd/sep292022mpd03.pdf,MPD Circular No. 03: Re-fixation of Repo interest rate of Bangladesh Bank,Not Available,29/09/22,03
https://www.bb.org.bd/mediaroom/circulars/fid/sep292022dfim12.pdf,"DFIM Circular No. 12: Regarding loan/investment, interest waiver and loan write-off in subsidiary/associate companies",Not Available,29/09/22,12
https://www.bb.org.bd/mediaroom/circulars/dmd/sep292022dmdl08.pdf,DMD Circular Letter No. 08: Appointment of Citizens Bank PLC as Primary Dealer of Government Securities,Not Available,29/09/22,08
https://www.bb.org.bd/mediaroom/circulars/fid/sep252022dfim11.pdf,DFIM Circular No. 11: Regarding Integrity Award (Amendment) Guideline-2022 for Financial Institutions,Not Available,25/09/22,11
https://www.bb.org.bd/mediaroom/circulars/psd/sep222022psd15.pdf,PSD Circular No. 15: Issuance of PSO license to Service Hub Limited.,Not Available,22/09/22,15
https://www.bb.org.bd/mediaroom/circulars/brpd/sep212022brpdl38.pdf,BRPD Circular Letter No. 38: Regarding Rescheduling of Short-term Agricultural Credit.,Not Available,21/09/22,38
https://www.bb.org.bd/mediaroom/circulars/ismd/sep202022ismdl3.pdf,ISMD Circular Letter No. 3: Master Circular Regarding Submission of Data to Integrated Supervision System (ISS),Not Available,20/09/22,3
https://www.bb.org.bd/mediaroom/circulars/feod/sep192022feod01.pdf,FEOD Circular No. 01: About Unique ID reporting on Online TM Form Monitoring System(OTFMS) and Online Inward Remittance Monitoring System(OIRMS),Not Available,19/09/22,01
https://www.bb.org.bd/mediaroom/circulars/fepd/sep192022fepd26.pdf,FEPD Circular No. 26: Export subsidy/Cash incentive for the financial year 2022-2023,Not Available,19/09/22,26
https://www.bb.org.bd/mediaroom/circulars/gbcrd/sep182022sfdl02.pdf,SFD Circular Letter No. 02: Regarding Dedicated Sustainable Finance Help Desk,Not Available,18/09/22,02
https://www.bb.org.bd/mediaroom/circulars/acd/sep182022acd06.pdf,ACD Circular No. 06: Disbursing agricultural credit for salt cultivation at 4% concessional interest rate,Not Available,18/09/22,06
https://www.bb.org.bd/mediaroom/circulars/dfim/sep182022dfiml22.pdf,DFIM Circular Letter No. 22: Taking Necessary Steps to Save Electricity and Fuel.,Not Available,18/09/22,22
https://www.bb.org.bd/mediaroom/circulars/fepd/sep072022fepdl2022-4706.pdf,FEPD Circular Letter No. 2022-4706: Encashment/Deposit of Foreign Currency held by resident Bangladeshi,Not Available,07/09/22,2022
https://www.bb.org.bd/mediaroom/circulars/brpd/sep072022brpdl37.pdf,"BRPD Circular Letter No. 37: Regarding Efficient Use of Fuel and Electricity, and Energy Efficient Use of Air Conditioners.",Not Available,07/09/22,37
https://www.bb.org.bd/mediaroom/circulars/dmd/sep062022dmdl07.pdf,DMD Circular Letter No. 07: Cancellation of 360 Days Term Repo Facilities,Not Available,06/09/22,07
https://www.bb.org.bd/mediaroom/circulars/brpd/sep062022brpdl36.pdf,BRPD Circular Letter No. 36: Regarding Evening Banking Operation at Bank Branches,Not Available,06/09/22,36
https://www.bb.org.bd/mediaroom/circulars/brpd/sep052022brpdl35.pdf,BRPD Circular Letter No. 35: Regarding Cost Minimization and Practising Austerities,Not Available,05/09/22,35
https://www.bb.org.bd/mediaroom/circulars/brpd/sep052022brpdl34.pdf,BRPD Circular Letter No 34: Regarding National Integrity Award (Amendment) Guideline - 2022,Not Available,05/09/22,34
https://www.bb.org.bd/mediaroom/circulars/psd/sep042022psd14.pdf,PSD Circular No. 14: Inter-distributor Cash Management of Mobile Financial Services (MFS) Provider.,Not Available,04/09/22,14
https://www.bb.org.bd/mediaroom/circulars/fid/sep042022dfim10.pdf,DFIM Circular No. 10: Master Circular on Loan/Lease/investment Rescheduling/Restructuring of NBFI's.,Not Available,04/09/22,10
https://www.bb.org.bd/mediaroom/circulars/fid/aug292022dfim09.pdf,DFIM Circular No. 09: Appointment of Directors in Financial Institutions,Not Available,29/08/22,09
https://www.bb.org.bd/mediaroom/circulars/fid/aug252022dfiml21.pdf,DFIM Circular Letter No. 21: Regarding Publicity and Taking Action on Offshore Tax Amnesty in Accordance With Income Tax Ordinance,Not Available,25/08/22,21
https://www.bb.org.bd/mediaroom/circulars/acd/aug252022acd05.pdf,ACD Circular No. 05: Refinance scheme of Taka 1000.00 Crore for increasing production of wheat and maize,Not Available,25/08/22,05
https://www.bb.org.bd/mediaroom/circulars/dmd/aug232022dmdl06.pdf,"DMD Circular Letter No. 06: Time schedule of Bangladesh Government/Bangladesh Bank Bill/Bond/Repo auction & ALS, EDSMoney platform transaction",Not Available,23/08/22,06
https://www.bb.org.bd/mediaroom/circulars/psd/aug232022psd13.pdf,"PSD Circular No. 13: Issuance of PSO license to ""Optimum Solution & Services Limited""",Not Available,23/08/22,13
https://www.bb.org.bd/mediaroom/circulars/fid/aug232022dfiml20.pdf,DFIM Circular Letter No. 20: Office time table of the Financial Institutions,Not Available,23/08/22,20
https://www.bb.org.bd/mediaroom/circulars/psd/aug232022psdl06.pdf,PSD Circular Letter No. 06: Change in BACH and RTGS Schedule.,Not Available,23/08/22,06
https://www.bb.org.bd/mediaroom/circulars/dos/aug222022dosl31.pdf,DOS Circular Letter No. 31: Change in bank office and transaction hours,Not Available,22/08/22,31
https://www.bb.org.bd/mediaroom/circulars/smespd/aug142022smespd05.pdf,SMESPD Circular No. 05: Cluster financing in CMSME sector,Not Available,14/08/22,05
https://www.bb.org.bd/mediaroom/circulars/fid/aug142022dfiml19.pdf,DFIM Circular Letter No. 19: Components of Capital Market Investment of Financial Institutions,Not Available,14/08/22,19
https://www.bb.org.bd/mediaroom/circulars/cgd/aug102022cgd02.pdf,"CGD Circular No. 02: Credit Guarantee Facility against Term Loan to CMSME Sector under Tk. 25,000 Crore Refinance Scheme",Not Available,10/08/22,02
https://www.bb.org.bd/mediaroom/circulars/fepd/aug082022fepdl3968.pdf,FEPD(Remi:-1)/1/2022-3968: Regarding Publicity and Taking Action on Offshore Tax Amnesty in Accordance With Income Tax Ordinance,Not Available,08/08/22,
https://www.bb.org.bd/mediaroom/circulars/dos/aug042022dosl30.pdf,DOS Circular Letter No. 30: Regarding Exposure limit of Banks in Capital Market.,Not Available,04/08/22,30
https://www.bb.org.bd/mediaroom/circulars/brpd/aug032022brpdl33.pdf,BRPD Circular Letter No. 33:Regarding Loan Rescheduling and Restructuring.,Not Available,03/08/22,33
https://www.bb.org.bd/mediaroom/circulars/fid/aug022022dfiml18.pdf,DFIM Circular Letter No. 18: Implementation of Programs for National Mourning Day 2022,Not Available,02/08/22,18
https://www.bb.org.bd/mediaroom/circulars/brpd/jul312022brpdl32.pdf,BRPD Circular Letter No. 32: Implementation of Programs for National Mourning Day 2022,Not Available,31/07/22,32
https://www.bb.org.bd/mediaroom/circulars/acd/jul282022acd04.pdf,ACD Circular No. 04: Agricultural & Rural Credit Policy and Program for the FY 2022-2023,Not Available,28/07/22,04
https://www.bb.org.bd/mediaroom/circulars/brpd/jul282022brpdl31.pdf,BRPD Circular Letter No. 31: Financial Stimulus Package to Mitigate Probable Economic Impact Due to Breakout of Novel Corona Virus (COVID-19),Not Available,28/07/22,31
https://www.bb.org.bd/mediaroom/circulars/aml/jul272022bfiul01.pdf,BFIU Circular Letter No. 01: Regarding Account Opening in the Scheduled Banks by Non-Resident Bangladeshis,Not Available,27/07/22,01
https://www.bb.org.bd/mediaroom/circulars/brpd/jul272022brpdl30.pdf,BRPD Circular Letter No. 30: Suspension/ Reduction of Operational and Development Expense,Not Available,27/07/22,30
https://www.bb.org.bd/mediaroom/circulars/fid/jul272022dfiml16.pdf,DFIM Circular Letter No. 16: Saving Expense of Electricity and Fuel.,Not Available,27/07/22,16
https://www.bb.org.bd/mediaroom/circulars/psd/jul272022psdl05.pdf,PSD Circular Letter No. 05: Guidelines for Trust Fund management in payment and settlement services,Not Available,27/07/22,05
https://www.bb.org.bd/mediaroom/circulars/brpd/jul262022brpdl29.pdf,"BRPD Circular Letter No. 29: Exemption from the provision of section 26kha(1) of Bank Company Act, 1991 regarding general credit limit to electricity producing companies",Not Available,26/07/22,29
https://www.bb.org.bd/mediaroom/circulars/brpd/jul262022brpdl28.pdf,BRPD Circular Letter No. 28: Saving/Reducing Expense of Energy and Fuel.,Not Available,26/07/22,28
https://www.bb.org.bd/mediaroom/circulars/dos/jul252022dosl29.pdf,DOS Circular Letter No. 29: Instruction to take necessary measures to facilitate casting of vote by the voter employees of the related areas on 27th July 2022 for election of Pourashavas,Not Available,25/07/22,29
https://www.bb.org.bd/mediaroom/circulars/dmd/jul252022dmdl05.pdf,"DMD Circular Letter No. 05: Regarding compliance of clause 48 of Finance Act, 2022 in investing more than Taka 5 (Five) lac in Sanchayapatra and Post Office savings bank accounts",Not Available,25/07/22,05
https://www.bb.org.bd/mediaroom/circulars/gbcrd/jul242022sfd04.pdf,SFD Circular No. 04: Refinance Scheme for Environment Friendly Products/ Projects/Initiatives,Not Available,24/07/22,04
https://www.bb.org.bd/mediaroom/circulars/smespd/jul242022smespdl04.pdf,SMESPD Circular Letter No. 04: Special loan/investment facility provided to CMSME sector affected by Novel Corona Virus (COVID-19) pandemic,Not Available,24/07/22,04
https://www.bb.org.bd/mediaroom/circulars/cib/jul212022cibl03.pdf,"CIB Circular Letter No. 03: Registration fee for CIB online services, imposition and realization of service charges for CIB reports generated through CIB online system, penalties imposed on banks and FIs failed to contribute batch monthly contribution in time and for disclosure of credit information contained in CIB reports and exaction of money as penalties for these from banks/FIs concerned.",Not Available,21/07/22,03
https://www.bb.org.bd/mediaroom/circulars/cgd/jul212022cgd01.pdf,CGD Circular No. 01: Formation of 'Credit Guarantee Department',Not Available,21/07/22,01
https://www.bb.org.bd/mediaroom/circulars/dmd/jul202022dmd01.pdf,DMD Circular No. 01: Instructions to follow in Sale & after Sale service of Sanchaypatra,Not Available,20/07/22,01
https://www.bb.org.bd/mediaroom/circulars/dos/jul202022dosl28.pdf,DOS Circular Letter No. 28: Submission of Statement regarding Large Loan (Form L),Not Available,20/07/22,28
https://www.bb.org.bd/mediaroom/circulars/finincld/jul202022fidl03.pdf,"FID Circular Letter No. 03: Refinance Scheme for the affected low income professionals, farmers, marginal/micro businessmen due to novel coronavirus",Not Available,20/07/22,03
https://www.bb.org.bd/mediaroom/circulars/smespd/jul192022smespd04.pdf,"SMESPD Circular No. 04: Introducing Refinance Scheme against financing to Cottage, Micro, Small and Medium (CMSME) Enterprises",Not Available,19/07/22,04
https://www.bb.org.bd/mediaroom/circulars/fid/jul192022dfiml15.pdf,DFIM Circular Letter No. 15: Instruction regarding the name of Brahmanbaria District,Not Available,19/07/22,15
https://www.bb.org.bd/mediaroom/circulars/fepd/jul182022fepdl26.pdf,FEPD Circular Letter No. 26: Special Tax Treatment in respect of undisclosed offshore assets,Not Available,18/07/22,26
https://www.bb.org.bd/mediaroom/circulars/brpd/jul182022brpd16.pdf,BRPD Circular No. 16: Master Circular on Loan Rescheduling and Restructuring,Not Available,18/07/22,16
https://www.bb.org.bd/mediaroom/circulars/dos/jul142022dosl27.pdf,DOS Circular Letter No. 27: Instruction regarding the name of Brahmanbaria District,Not Available,14/07/22,27
https://www.bb.org.bd/mediaroom/circulars/fepd/jul132022fepdl23.pdf,FEPD Circular Letter No. 23: Reporting Tax and Vat Information on Online TM Form Monitoring System (OTFMS) and Online Inward Remittance Monitoring System (OIRMS),Not Available,13/07/22,23
https://www.bb.org.bd/mediaroom/circulars/brpd/jul072022brpdl27.pdf,BRPD Circular Letter No. 27: Resolving Existing Difficulties of Raw Jute Exporters,Not Available,07/07/22,27
https://www.bb.org.bd/mediaroom/circulars/psd/jul072022psd12.pdf,"PSD Circular No. 12: Ensuring uninterrupted ATM, POS, Internet Banking, Online e-Payment Gateway and MFS services during the Eid-ul-Azha vacation",Not Available,07/07/22,12
https://www.bb.org.bd/mediaroom/circulars/fepd/jul052022fepd11.pdf,FEPD Circular No. 11: Export incentive against export of Jute Diversified Products,Not Available,05/07/22,11
https://www.bb.org.bd/mediaroom/circulars/brpd/jul052022brpdl26.pdf,BRPD Circular Letter No. 26: Extension of Banking Hour as well as Keeping the Bank Branches/Sub Branches Open adjacent to Qurbani Cattle haat under Dhaka South and North City Corporation,Not Available,05/07/22,26
https://www.bb.org.bd/mediaroom/circulars/psd/jul052022psd11.pdf,PSD Circular No. 11: Regarding Re-fixation of Mobile Financial Services (MFS) Transaction Limit.,Not Available,05/07/22,11
https://www.bb.org.bd/mediaroom/circulars/brpd/jul042022brpdl25.pdf,BRPD Circular Letter No. 25: L/C Margin on Import Financing,Not Available,04/07/22,25
https://www.bb.org.bd/mediaroom/circulars/brpd/jul032022brpdl24.pdf,BRPD Circular Letter No. 24: Company Matter No. 299 of 2019 (MM Structural and Holding Limited and others Vs. International Leasing and Financial Services Limited (ILFSL) and others).,Not Available,03/07/22,24
https://www.bb.org.bd/mediaroom/circulars/psd/jul032022psdl04.pdf,PSD Circular Letter No. 04: Disbursing inward remittance to customer accounts through IBFT in NPSB system,Not Available,03/07/22,04
https://www.bb.org.bd/mediaroom/circulars/dos/jul032022dosl26.pdf,"DOS Circular Letter No. 26: Keeping scheduled bank branches of garments industry areas open on 08 and 09 July, 2022 for the payment of garment workers' wages, bonus and other allowances before Eid-ul-Azha.",Not Available,03/07/22,26
https://www.bb.org.bd/mediaroom/circulars/brpd/jun302022brpd15.pdf,BRPD Circular No. 15: Loan Rescheduling of Leather Sector for the Purpose of Purchasing Raw Hides,Not Available,30/06/22,15
https://www.bb.org.bd/mediaroom/circulars/dos/jun302022dosl25.pdf,DOS Circular Letter No. 25: Keeping Hajj activities related scheduled bank branches open on 02 July 2022,Not Available,30/06/22,25
https://www.bb.org.bd/mediaroom/circulars/mpd/jun302022mpd02.pdf,MPD Circular No. 02: Re-fixation of Repo interest rate of Bangladesh Bank,Not Available,30/06/22,02
https://www.bb.org.bd/mediaroom/circulars/dos/jun302022dosl24.pdf,DOS Circular Letter No. 24:Instructions to follow hygiene for preventing the expansion of COVID-19,Not Available,30/06/22,24
https://www.bb.org.bd/mediaroom/circulars/acd/jun302022acdl03.pdf,ACD Circular Letter No. 03: Refinance scheme of Taka 3000 crore for agriculture sector to combat financial crisis due to Covid-19 pandemic,Not Available,30/06/22,03
https://www.bb.org.bd/mediaroom/circulars/dcm/jun292022dcml02.pdf,DCM Circular Letter No. 02: Providing note detection services by the officials of scheduled banks to the cattle traders in,Not Available,29/06/22,02
https://www.bb.org.bd/mediaroom/circulars/fid/jun282022dfiml14.pdf,DFIM Circular Letter No. 14: Restrictions for ensuring discipline in NBFI's management,Not Available,28/06/22,14
https://www.bb.org.bd/mediaroom/circulars/fid/jun282022dfiml13.pdf,DFIM Circular Letter No. 13: Loan/Lease/Investment Classification,Not Available,28/06/22,13
https://www.bb.org.bd/mediaroom/circulars/fid/jun272022dfiml12.pdf,DFIM Circular Letter No. 12: Regarding Implementation of the Guidelines For Customer Services and Complaint Management,Not Available,27/06/22,12
https://www.bb.org.bd/mediaroom/circulars/acd/jun272022acdl02.pdf,ACD Circular Letter No. 02: Agriculture loan facility for the flood affected farmers of North & North-eastern region of the country,Not Available,27/06/22,02
https://www.bb.org.bd/mediaroom/circulars/acd/jun272022acdl01.pdf,ACD Circular Letter No. 01: Refinance scheme on Milk Production and Artificial Insemination sector,Not Available,27/06/22,01
https://www.bb.org.bd/mediaroom/circulars/dos/jun232022dosl23.pdf,DOS Circular Letter No. 23: Keeping Hajj activities related scheduled bank branches open on 25 June 2022,Not Available,23/06/22,23
https://www.bb.org.bd/mediaroom/circulars/ismd/jun232022ismdl02.pdf,ISMD Circular Letter No. 02: Regarding Submission of Data to Integrated Supervision System,Not Available,23/06/22,02
https://www.bb.org.bd/mediaroom/circulars/brpd/jun222022brpd14.pdf,BRPD Circular No. 14: Loan Classification,Not Available,22/06/22,14
https://www.bb.org.bd/mediaroom/circulars/brpd/jun222022brpd13.pdf,"BRPD Circular No. 13: Providing banking services to freedom fighters, elderly, widows and special-need customers with special care",Not Available,22/06/22,13
https://www.bb.org.bd/mediaroom/circulars/dos/jun222022dosl22.pdf,DOS Circular Letter No. 22: Refinance Scheme for Ship Building Industry.,Not Available,22/06/22,22
https://www.bb.org.bd/mediaroom/circulars/smespd/jun202022smespdl02.pdf,SMESPD Circular Letter No. 02: Incentive facility against loans & advances provided to women entrepreneurs of CMSME sector,Not Available,20/06/22,02
https://www.bb.org.bd/mediaroom/circulars/psd/jun202022psd10.pdf,PSD Circular No. 10: Continuation of Payment Services in Sylhet & other flood affected areas.,Not Available,20/06/22,10
https://www.bb.org.bd/mediaroom/circulars/finincld/jun202022fid02.pdf,FID Circular Letter No. 02: Refinance Scheme for Digital Nano Loan,Not Available,20/06/22,02
https://www.bb.org.bd/mediaroom/circulars/dfim/jun202022dfiml11.pdf,DFIM Circular Letter No. 11: Policy regarding the appointment of Chief Executive Officer in Financial Institutions,Not Available,20/06/22,11
https://www.bb.org.bd/mediaroom/circulars/gbcrd/jun192022sfd02.pdf,SFD Circular No. 02: : Refinance Scheme for Pre-shipment Credit to Mitigate the Crisis Due to Novel Corona Virus.,Not Available,19/06/22,02
https://www.bb.org.bd/mediaroom/circulars/dos/jun192022dosl21.pdf,DOS Circular Letter No. 21: Conducting banking services in the flood affected areas,Not Available,19/06/22,21
https://www.bb.org.bd/mediaroom/circulars/dfim/jun162022dfiml10.pdf,DFIM Circular Letter No. 10: Special Policy on Loan Repayment through One Time Exit,Not Available,16/06/22,10
https://www.bb.org.bd/mediaroom/circulars/dos/jun162022dosl20.pdf,DOS Circular Letter No. 20: Keeping Hajj activities related scheduled bank branches open on 18 June 2022,Not Available,16/06/22,20
https://www.bb.org.bd/mediaroom/circulars/brpd/jun152022brpd12.pdf,"BRPD Circular No. 12: Regarding involvement of bank directors and their related organizations in the procurement activities of goods, services etc of bank company",Not Available,15/06/22,12
https://www.bb.org.bd/mediaroom/circulars/brpd/jun132022brpdl23.pdf,BRPD Circular Letter No. 23: Regarding Receive and Disposal of Clients' Complaint and Application,Not Available,13/06/22,23
https://www.bb.org.bd/mediaroom/circulars/dos/jun132022dosl19.pdf,DOS Circular Letter No. 19: DOS Circular Letter No.19: Instruction to take necessary measures to facilitate casting of vote by the voter employees of the related areas on 15th June 2022.,Not Available,13/06/22,19
https://www.bb.org.bd/mediaroom/circulars/dos/jun092022dosl18.pdf,DOS Circular Letter No. 18: Keeping Hajj activities related scheduled bank branches open on 11 June 2022.,Not Available,09/06/22,18
https://www.bb.org.bd/mediaroom/circulars/fepd/jun082022fepd10.pdf,FEPD Circular No. 10: Export incentive against export of light engineering products under advance payment.,Not Available,08/06/22,10
https://www.bb.org.bd/mediaroom/circulars/fid/jun082022dfiml09.pdf,DFIM Circular Letter No. 09: Regarding service offer to Freedom Fighters and Special needs clients on a priority basis,Not Available,08/06/22,09
https://www.bb.org.bd/mediaroom/circulars/brpd/jun072022brpdl22.pdf,"BRPD Circular Letter No. 22: Providing ""Statement of Transaction"" and ""Balance Confirmation Certificate"" of bank account to clients",Not Available,07/06/22,22
https://www.bb.org.bd/mediaroom/circulars/fid/jun072022dfiml08.pdf,DFIM Circular Letter No. 08: Loan/Lease/Investment Write-off Policy for Financial Institutions,Not Available,07/06/22,08
https://www.bb.org.bd/mediaroom/circulars/fid/jun062022dfiml07.pdf,DFIM Circular Letter No. 07: Regarding 'Population and Housing census 2022',Not Available,06/06/22,07
https://www.bb.org.bd/mediaroom/circulars/psd/jun062022psd09.pdf,PSD Circular No. 09: Change of designation title 'General Manager' and 'Deputy General Manager' of Bangladesh Bank.,Not Available,06/06/22,09
https://www.bb.org.bd/mediaroom/circulars/acd/jun062022acd03.pdf,ACD Circular No. 03: Agriculture loan facility for the flood affected farmers,Not Available,05/06/22,03
https://www.bb.org.bd/mediaroom/circulars/brpd/jun022022brpd11.pdf,BRPD Circular No. 11: Refinance Scheme for Digital Nano Loan,Not Available,02/06/22,11
https://www.bb.org.bd/mediaroom/circulars/dos/jun022022dosl17.pdf,DOS Circular Letter No. 17: Notification for Relaxation of Statutory Liquidity Ratio (SLR) of Padma Bank Limited,Not Available,02/06/22,17
https://www.bb.org.bd/mediaroom/circulars/brpd/jun022022brpdl21.pdf,BRPD Circular Letter No. 21: Single Borrower and Large Loan Exposure Limit.,Not Available,02/06/22,21
https://www.bb.org.bd/mediaroom/circulars/brpd/jun012022brpd10.pdf,BRPD Circular No. 10: Change of designation title 'General Manager' and 'Deputy General Manager' of Bangladesh Bank,Not Available,01/06/22,10
https://www.bb.org.bd/mediaroom/circulars/brpd/jun012022brpdl20.pdf,BRPD Circular Letter No. 20: Restrictions for ensuring discipline in bank-company management.,Not Available,01/06/22,20
https://www.bb.org.bd/mediaroom/circulars/brpd/jun012022brpdl19.pdf,BRPD Circular Letter No. 19: Proper implementation of 'Population and Housing census 2022',Not Available,01/06/22,19
https://www.bb.org.bd/mediaroom/circulars/fepd/may292022fepdl20.pdf,FEPD Circular Letter No. 20: Remittance for all type of expenses of hajj pilgrims in Saudi Arabia under private management for the Hijri year 1443,Not Available,29/05/22,20
https://www.bb.org.bd/mediaroom/circulars/fepd/may302022fepdl19.pdf,FEPD Circular Letter No. 19: Regarding Additional Expenses for Performing Hajj 1443 Hizri/2022 under Government and Private Management,Not Available,29/05/22,19
https://www.bb.org.bd/mediaroom/circulars/fid/may292022dfiml06.pdf,DFIM Circular Letter No. 06: Limitation on Ex-Bangladesh travel of NBFI's officials and employees,Not Available,29/05/22,06
https://www.bb.org.bd/mediaroom/circulars/fid/may292022dfim08.pdf,DFIM Circular No. 08: Preservation of records and files relating to loan/lease/investment of NBFI's,Not Available,29/05/22,08
https://www.bb.org.bd/mediaroom/circulars/dos/may282022dosl16.pdf,DOS Circular Letter No. 16: Keeping Hajj activities related bank branches open on 28 May 2022,Not Available,28/05/22,16
https://www.bb.org.bd/mediaroom/circulars/fepd/may262022fepdl16.pdf,FEPD Circular Letter No. 16: Performing Hajj 1443 Hizri/2022 under Government and Private Management,Not Available,26/05/22,16
https://www.bb.org.bd/mediaroom/circulars/brpd/may262022brpd09.pdf,BRPD Circular No. 09: Refinance Scheme for Ship Building Industry,Not Available,26/05/22,09
https://www.bb.org.bd/mediaroom/circulars/ismd/may262022ismdl01.pdf,ISMD Circular Letter No. 01: Regarding Submission of Data to Integrated Supervision System (ISS).,Not Available,26/05/22,01
https://www.bb.org.bd/mediaroom/circulars/brpd/may242022brpdl18.pdf,BRPD Circular Letter No. 18: Policy on Interest Waiver,Not Available,24/05/22,18
https://www.bb.org.bd/mediaroom/circulars/brpd/may232022brpdl17.pdf,BRPD Circular Letter No. 17: Limitation on Ex-Bangladesh travel of bank officials and employees,Not Available,23/05/22,17
https://www.bb.org.bd/mediaroom/circulars/fepd/may222022fepdl15e.pdf,FEPD Circular Letter No. 15: Easing disbursement of cash incentive against wage earners' remittance through legal channel,Not Available,23/05/22,15
https://www.bb.org.bd/mediaroom/circulars/brpd/may222022brpdl16.pdf,BRPD Circular Letter No. 16: Limitation on Ex-Bangladesh travel of bank officials and employees,Not Available,22/05/22,16
https://www.bb.org.bd/mediaroom/circulars/acd/may222022acd02.pdf,"ACD Circular No. 02: Regarding emphasizing on disbursement of agricultural credit at 4% concessional interest rate for cultivating import substitute crops (pulses, oilseeds, spices and maize)",Not Available,22/05/22,02
https://www.bb.org.bd/mediaroom/circulars/sd/may192022sdl04.pdf,SD Circular Letter No. 04: Regarding Update of District Code for Remittance Reporting Input Template,Not Available,19/05/22,04
https://www.bb.org.bd/mediaroom/circulars/brpd/may182022brpd08.pdf,BRPD Circular No. 08: Refinance Scheme for Pre-Shipment Credit to Mitigate the Crisis due to Novel Corona Virus,Not Available,18/05/22,08
https://www.bb.org.bd/mediaroom/circulars/dos/may172022dosl15.pdf,DOS Circular Letter No. 15: Keeping Hajj activities related scheduled bank branches open on 21 May 2022.,Not Available,17/05/22,15
https://www.bb.org.bd/mediaroom/circulars/fepd/may162022fepdl101.pdf,FEPD Letter No 101: Outward remittances from balances held in foreign currency accounts maintained by non-resident Bangladeshis/persons residing abroad,Not Available,16/05/22,101
https://www.bb.org.bd/mediaroom/circulars/fid/may192022dfim07.pdf,DFIM Circular No. 07: Restrictions for ensuring discipline in NBFI's management,Not Available,12/05/22,07
https://www.bb.org.bd/mediaroom/circulars/brpd/may112022brpdl15.pdf,BRPD Circular Letter No. 15: Restrictions for ensuring discipline in bank-company management,Not Available,11/05/22,15
https://www.bb.org.bd/mediaroom/circulars/brpd/may102022brpdl14.pdf,BRPD Circular Letter No. 14: L/C Margin on Import Financing,Not Available,10/05/22,14
https://www.bb.org.bd/mediaroom/circulars/psd/may102022psd08.pdf,PSD Circular No. 08: Inclusion of NBFI's in BD-RTGS System,Not Available,10/05/22,08
https://www.bb.org.bd/mediaroom/circulars/fepd/may092022fepd08.pdf,FEPD Circular No. 08: Local value addition requirement for export incentive/cash subsidy in RMG/textile sector.,Not Available,09/05/22,08
https://www.bb.org.bd/mediaroom/circulars/brpd/may082022brpdl13.pdf,BRPD Circular Letter No. 13: Refinance Scheme to Support Cinema Hall Owners,Not Available,08/05/22,13
https://www.bb.org.bd/mediaroom/circulars/psd/apr282022psdl03.pdf,PSD Circular Letter No. 03: Redefining the limit of online fund transfer from one bank account to another bank account and cancellation of the maximum number of daily transactions of Internet Banking Fund Transfer (IBFT) through NPSB,Not Available,28/04/22,03
https://www.bb.org.bd/mediaroom/circulars/dos/apr282022dosl14.pdf,DOS Circular Letter No. 14: Conducting Banking Service in Limited Scale on 29 and 30 April 2022,Not Available,28/04/22,14
https://www.bb.org.bd/mediaroom/circulars/psd/apr282022psd07.pdf,"PSD Circular No. 07: Ensuring uninterrupted ATM, POS, Internet Banking, Online e-Payment Gateway and MFS services during the Eid-ul-Fitr vacation",Not Available,28/04/22,07
https://www.bb.org.bd/mediaroom/circulars/brpd/apr272022brpd07.pdf,BRPD Circular No. 07: Enhancement of Working Capital Limit,Not Available,27/04/22,07
https://www.bb.org.bd/mediaroom/circulars/dmd/apr262022dmdl04.pdf,DMD Circular Letter No. 04: Keeping EDSMoney platform open on 29 and 30 April 2022 for interbank money market transaction,Not Available,26/04/22,04
https://www.bb.org.bd/mediaroom/circulars/brpd/apr262022brpdl12.pdf,BRPD Circular Letter No. 12: Policy for Post Import Financing-PIF,Not Available,26/04/22,12
https://www.bb.org.bd/mediaroom/circulars/psd/apr252022psd06.pdf,PSD Circular No. 06: Regarding Refixation of Mobile Financial Services (MFS) Transaction Limit,Not Available,25/04/22,06
https://www.bb.org.bd/mediaroom/circulars/brpd/apr212022brpd06.pdf,BRPD Circular No. 06:Policy on Interest Waiver,Not Available,21/04/22,06
https://www.bb.org.bd/mediaroom/circulars/brpd/apr212022brpdl11.pdf,BRPD Circular Letter No. 11: Prudential Guidelines for Agent Banking Operation in Bangladesh.,Not Available,21/04/22,11
https://www.bb.org.bd/mediaroom/circulars/dos/apr202022dosl13.pdf,DOS Circular Letter No. 13: Intermission of Banking Operations of EXIM Bank Ltd. due to Upgradation of existing Core Banking Software,Not Available,20/04/22,13
https://www.bb.org.bd/mediaroom/circulars/brpd/apr192022brpd05.pdf,BRPD Circular No. 05: Rescheduling of Short-term Agricultural Credit,Not Available,19/04/22,05
https://www.bb.org.bd/mediaroom/circulars/aml/apr182022bfiu27.pdf,"BFIU Circular No. 27: Instructions to be followed by insurance companies for prevention of money laundering, terrorist financing and proliferation financing",Not Available,18/04/22,27
https://www.bb.org.bd/mediaroom/circulars/fid/apr182022dfim06.pdf,DFIM Circular No. 06: Rationalization of Rate of Interest/Profit on Deposit and Loan/Lease/Investment.,Not Available,18/04/22,06
https://www.bb.org.bd/mediaroom/circulars/dos/apr182022dosl12.pdf,"DOS Circular Letter No. 12: Keeping scheduled bank branches of garments industry areas open on 29 and 30 April, 2022 for the payment of garment workers' wages, bonus and other allowances before Eid-ul-Fitr.",Not Available,18/04/22,12
https://www.bb.org.bd/mediaroom/circulars/fepd/apr182022fepd05.pdf,FEPD Circular No. 05: Export incentive/cash subsidy against export of agricultural and agro-processed product,Not Available,18/04/22,05
https://www.bb.org.bd/mediaroom/circulars/dos/apr162022dosl11.pdf,DOS Circular Letter No. 11: Keeping Scheduled Bank Branches closed in the area of Mujibnagar Upazilla in Meherpur District on 17 April 2022 Sunday for observing Historic Mujibnagar Day,Not Available,16/04/22,11
https://www.bb.org.bd/mediaroom/circulars/dmd/apr122022dmdl03.pdf,DMD Circular Letter No. 03: Regarding Investment Limit and Rate Refixation of US Dollar Premium and Investment Bond,Not Available,12/04/22,03
https://www.bb.org.bd/mediaroom/circulars/brpd/apr122022brpd04.pdf,BRPD Circular No. 04: Classification and Provisioning of Other Assets.,Not Available,12/04/22,04
https://www.bb.org.bd/mediaroom/circulars/brpd/apr112022brpdl10.pdf,BRPD Circular Letter No. 10: L/C Margin on Import Financing,Not Available,11/04/22,10
https://www.bb.org.bd/mediaroom/circulars/fepd/apr112022fepdl10.pdf,"FEPD Circular Letter No. 10: Export incentive against export of Software, ITES and Hardware.",Not Available,11/04/22,10
https://www.bb.org.bd/mediaroom/circulars/cib/apr102022cibl02.pdf,"CIB Circular Letter No. 02: Registration fee for CIB online services, imposition and realization of service charges for CIB reports generated through CIB online system, penalties imposed on banks and FIs failed to contribute batch monthly contribution in time and for disclosure of credit information contained in CIB reports and exaction of money as penalties for these from banks/FIs concerned.",Not Available,10/04/22,02
https://www.bb.org.bd/mediaroom/circulars/brpd/apr072022brpdl09.pdf,BRPD Circular Letter No. 09: Master Circular on Loan Rescheduling: Transfer of Interest charged on Rescheduled Loans to Income Account,Not Available,07/04/22,09
https://www.bb.org.bd/mediaroom/circulars/fid/mar312022dfiml05.pdf,DFIM Circular Letter No. 05: Office time table of the Financial Institutions during the month of Holy Ramadan of Hijri 1443,Not Available,31/03/22,05
https://www.bb.org.bd/mediaroom/circulars/psd/mar312022psdl02.pdf,PSD Circular Letter No. 02: Time schedule of Banks (BACH & RTGS) for the Month of Holy Ramadan of Hijri 1443,Not Available,31/03/22,02
https://www.bb.org.bd/mediaroom/circulars/dos/mar302022dos01.pdf,DOS Circular No. 01: Submission of Statement regarding Large Loan. Download Form L,Not Available,30/03/22,01
https://www.bb.org.bd/mediaroom/circulars/dos/mar302022dosl10.pdf,DOS Circular Letter No. 10: Office time table of the bank companies during the month of Holy Ramadan of Hijri 1443,Not Available,30/03/22,10
https://www.bb.org.bd/mediaroom/circulars/dcm/mar302022dcml01.pdf,DCM Circular Letter No. 01: Instruction to be followed by scheduled banks for preventing fake note circulation during the month of holy Ramadan/2022.,Not Available,30/03/22,01
https://www.bb.org.bd/mediaroom/circulars/fid/mar292022dfiml04.pdf,DFIM Circular Letter No. 04: Collecting & Preserving Audited Financial Statement in the Loan Files for Approval & Renewal of Loans of Financial Institutions,Not Available,29/03/22,04
https://www.bb.org.bd/mediaroom/circulars/dos/mar292022dosl09.pdf,DOS Circular Letter No. 09: Intermission of Banking Services of Jamuna Bank Limited due to Migration to New Core Banking Software.,Not Available,29/03/22,09
https://www.bb.org.bd/mediaroom/circulars/finincld/mar272022fid01.pdf,FID Circular No. 01: Financial Literacy Guidelines for Banks and Financial Institutions,Not Available,27/03/22,01
https://www.bb.org.bd/mediaroom/circulars/psd/mar222022psdl01.pdf,PSD Circular Letter No. 01: Providing permission for Card-based payments through Contactless Payment Service using NFC technology,Not Available,22/03/22,01
https://www.bb.org.bd/mediaroom/circulars/sd/mar212022sd03.pdf,SD Circular No. 03: Regarding Allocation of OBU code for Bank Companies.,Not Available,21/03/22,03
https://www.bb.org.bd/mediaroom/circulars/fid/mar132022dfim05.pdf,DFIM Circular No. 05: Regarding inadmissible expenses of financial institutions for mobilizing deposits,Not Available,13/03/22,05
https://www.bb.org.bd/mediaroom/circulars/brpd/mar102022brpdl08.pdf,BRPD Circular Letter No. 08: L/C Margin and Commission on Import Financing for Essential Consumer Goods,Not Available,10/03/22,08
https://www.bb.org.bd/mediaroom/circulars/eef/mar062022eefl01.pdf,EEF Circular Letter No. 01: Submission of EOI for establishment of Food processing and Agro based and ICT projects under Entrepreneurship supports(ESF) loan.,Not Available,06/03/22,01
https://www.bb.org.bd/mediaroom/circulars/dmd/feb282022dmdl02.pdf,"DMD Circular Letter No. 02: Implementation of ""Guidelines on Electronic Dealing System for Interbank Money Market (EDSMoney)""",Not Available,28/02/22,02
https://www.bb.org.bd/mediaroom/circulars/brpd/feb232022brpdl07.pdf,BRPD Circular Letter No. 07: Guidelines on Internal Credit Risk Rating System,Not Available,23/02/22,07
https://www.bb.org.bd/mediaroom/circulars/smespd/feb222022smespdl01.pdf,SMESPD Circular Letter No. 01: Regarding Selection of SME Lead Bank,Not Available,22/02/22,01
https://www.bb.org.bd/mediaroom/circulars/psd/feb222022psd05.pdf,"PSD Circular No. 05: Issuance of PSO license to ""Softtech Innovation Limited""",Not Available,22/02/22,05
https://www.bb.org.bd/mediaroom/circulars/fid/feb202022dfiml03.pdf,DFIM Circular Letter No. 03: Increasing Moratorium period of Loans/Lease/Advances given to Ship Building Industry due to Novel Coronavirus,Not Available,20/02/22,03
https://www.bb.org.bd/mediaroom/circulars/fid/feb202022dfiml02.pdf,"DFIM Circular Letter No. 02: Bankers’ Books Evidence Act, 2021",Not Available,20/02/22,02
https://www.bb.org.bd/mediaroom/circulars/fid/feb152022dfim04.pdf,DFIM Circular No. 04: Special Policy on Loan Repayment through One Time Exit.,Not Available,15/02/22,04
https://www.bb.org.bd/mediaroom/circulars/fid/feb152022dfim03.pdf,DFIM Circular No. 03: Components of Capital Market Investment of Financial Institutions,Not Available,15/02/22,03
https://www.bb.org.bd/mediaroom/circulars/brpd/feb152022brpdl06.pdf,BRPD Circular Letter No. 06: Application and Recovery of Non-transactional Fee/Charges on Credit Card,Not Available,15/02/22,06
https://www.bb.org.bd/mediaroom/circulars/feod/feb132022feodl01.pdf,"FEOD Circular Letter No. 01: Regarding duly reporting of back to back local LCs and ""Acceptance"" against back to back local LCs in Online Import Monitoring System (OIMS).",Not Available,13/02/22,01
https://www.bb.org.bd/mediaroom/circulars/fepd/feb092022fepdl08.pdf,FEPD Circular Letter No. 08: Regarding deduction from income of non-residents and other related issues: Section 56 of Income Tax Ordinance 1984.,Not Available,09/02/22,08
https://www.bb.org.bd/mediaroom/circulars/dos/feb082022dosl08.pdf,DOS Circular Letter No. 08: Instruction to take necessary measures to facilitate casting of vote by the voter employees of the related areas on 10th February 2022.,Not Available,08/02/22,08
https://www.bb.org.bd/mediaroom/circulars/fid/feb062022dfiml01.pdf,DFIM Circular Letter No. 01: Conducting Activities of Financial Institutions up to 21 February 2022,Not Available,06/02/22,01
https://www.bb.org.bd/mediaroom/circulars/sd/feb062022sdl02.pdf,SD Circular Letter No. 02: Regarding the submission of Islamic Financial Transactions related data through new data template.,Not Available,06/02/22,02
https://www.bb.org.bd/mediaroom/circulars/dos/feb062022dosl07.pdf,DOS Circular Letter No. 07: Instruction to take necessary measures to facilitate casting of vote by the voter employees of the related areas on 07 February 2022.,Not Available,06/02/22,07
https://www.bb.org.bd/mediaroom/circulars/dos/feb032022dosl06.pdf,DOS Circular Letter No. 06: Instructions for Conducting Banking Service to prevent the expansion of Corona Virus Disease (Covid-19) from 07 February 2022 to 21 February 2022,Not Available,03/02/22,06
https://www.bb.org.bd/mediaroom/circulars/psd/feb022022psd03.pdf,"PSD Circular No. 03: Issuance of PSO license to ""Walletmix Limited""",Not Available,02/02/22,03
https://www.bb.org.bd/mediaroom/circulars/brpd/feb012022brpdl05.pdf,BRPD Circular Letter No. 05: Regarding salary of entry level officials and employees of bank-company.,Not Available,01/02/22,05
https://www.bb.org.bd/mediaroom/circulars/dos/jan302022dosl05.pdf,DOS Circular Letter No. 05: Instruction to take necessary measures to facilitate casting of vote by the voter employees of the related areas on 31st January 2022 for election of Pouroshova and Union Parishads,Not Available,30/01/22,05
https://www.bb.org.bd/mediaroom/circulars/fepd/jan302022fepdl07.pdf,"FEPD Circular Letter No. 07: Export incentive against export of Software, ITES and Hardware.",Not Available,30/01/22,07
https://www.bb.org.bd/mediaroom/circulars/feid/jan262022feidl01.pdf,"FEID Circular Letter No. 01: Gazette Notification on “Capital Account Transaction (Overseas Equity Investment) Rules, 2022.”",Not Available,26/01/22,01
https://www.bb.org.bd/mediaroom/circulars/psd/jan252022psd02.pdf,PSD Circular No. 02: Continuation of Uninterrupted Payment Services in Response to COVID-19,Not Available,25/01/22,02
https://www.bb.org.bd/mediaroom/circulars/brpd/jan252022brpdl04.pdf,BRPD Circular Letter No. 04: Regarding salary of entry level officials and employees of bank-company.,Not Available,25/01/22,04
https://www.bb.org.bd/mediaroom/circulars/fid/jan242022dfim02.pdf,DFIM Circular No. 02: Conducting Activities of Financial Institutions up to 06 February 2022,Not Available,24/01/22,02
https://www.bb.org.bd/mediaroom/circulars/dos/jan242022dosl04.pdf,DOS Circular Letter No. 04: Instructions for Conducting Banking Service to prevent the expansion of Corona Virus Disease (Covid-19) up to 06 February 2022,Not Available,24/01/22,04
https://www.bb.org.bd/mediaroom/circulars/dos/jan232022dosl03.pdf,DOS Circular Letter No. 03: Instructions to follow Hygiene for preventing the expansion of Corona Virus Disease (Covid-19),Not Available,23/01/22,03
https://www.bb.org.bd/mediaroom/circulars/smespd/jan232022smespd01.pdf,"SMESPD Circular No. 01: Regarding Credit Guarantee Facility for Marginal/Landless Farmers, Low Income Professionals, School Banking Account Holders and Small Traders who have accounts of TK.10/50/100.",Not Available,23/01/22,01
https://www.bb.org.bd/mediaroom/circulars/brpd/jan202022brpd02.pdf,BRPD Circular No. 02: Regarding salary of entry level officials and employees of bank-company.,Not Available,20/01/22,02
https://www.bb.org.bd/mediaroom/circulars/brpd/jan202022brpdl03.pdf,BRPD Circular Letter No. 03: Increasing Moratorium period of Loans/Advances given to Ship Building Industry due to Novel Coronavirus,Not Available,20/01/22,03
https://www.bb.org.bd/mediaroom/circulars/fepd/jan202022fepdl04.pdf,FEPD Circular Letter No. 04: Cash incentive against wage earners' remittance through legal channel.,Not Available,20/01/22,04
https://www.bb.org.bd/mediaroom/circulars/psd/jan182022psd01.pdf,PSD Circular No. 01: Guidelines for Local Factoring/Receivable Financing through Digital Platform - Pilot Phase,Not Available,18/01/22,01
https://www.bb.org.bd/mediaroom/circulars/fepd/jan182022fepdl03.pdf,FEPD Circular Letter No. 03: LC opening without renewed IRC.,Not Available,18/01/22,03
https://www.bb.org.bd/mediaroom/circulars/dmd/jan172022dmdl01.pdf,DMD Circular Letter No. 01: Regarding Investment in Sanchaya Bonds,Not Available,17/01/22,01
https://www.bb.org.bd/mediaroom/circulars/fid/jan162022dfim01.pdf,DFIM Circular No. 01: Arrangement of a separate board meeting for compliance of comprehensive inspection report (s) on NBFIs,Not Available,16/01/22,01
https://www.bb.org.bd/mediaroom/circulars/fepd/jan162022fepd02.pdf,"FEPD Circular No. 02: Export incentive against export of Software, ITES and Hardware",Not Available,16/01/22,02
https://www.bb.org.bd/mediaroom/circulars/dos/jan132022dosl02.pdf,DOS Circular Letter No. 02: Instruction to take necessary measures to facilitate casting of vote by the voter employees of the related areas on 16th January 2022,Not Available,13/01/22,02
https://www.bb.org.bd/mediaroom/circulars/sd/jan122022sdl01.pdf,"SD Circular Letter No. 01: Regarding Submission of NBFI 2, NBFI 3 and Other Returns",Not Available,12/01/22,01
https://www.bb.org.bd/mediaroom/circulars/brpd/jan112022brpdl02.pdf,"BRPD Circular Letter No. 02: Banker's books evidence act, 2021",Not Available,11/01/22,02
https://www.bb.org.bd/mediaroom/circulars/brpd/jan092022brpdl01.pdf,BRPD Circular Letter No. 01: Payment of ‘Haor/Deep/Char Allowance’ to Permanent employees of State Owned Commercial Banks working in 16 Upazilas announced as Haor/Deep/Char.,Not Available,09/01/22,01
https://www.bb.org.bd/mediaroom/circulars/finincld/jan052022fidl01.pdf,FID Circular Letter No. 01: Determining the Lower Limit of Credit Guarantee Scheme Facility under Tk. 500 Crore Refinance Scheme for 10/50/100 Tk. Account Holders.,Not Available,05/01/22,01
https://www.bb.org.bd/mediaroom/circulars/dos/jan032022dosl01.pdf,DOS Circular Letter No. 01: Instruction to take necessary measures to facilitate casting of vote by the voter employees of the related areas on 5th January 2022 for election of Union Parishads,Not Available,03/01/22,01
https://www.bb.org.bd/mediaroom/circulars/acd/jan032022acd01.pdf,ACD Circular No. 01: Refinance scheme of Taka 500 crore to create employment and to eliminate poverty for the people who have returned home due to Covid 19 pandemic and other reasons,Not Available,03/01/22,01
https://www.bb.org.bd/mediaroom/circulars/fepd/jan022022fepdl01.pdf,FEPD Circular Letter No. 01: To increase the rate of cash incentive against wage earners' remittance through legal channel,Not Available,02/01/22,01
https://www.bb.org.bd/mediaroom/circulars/brpd/dec302021brpdl53.pdf,BRPD Circular Letter No. 53: Loan Classification and Transfer of interest/profit to income account against loans/investments,Not Available,30/12/21,53
https://www.bb.org.bd/mediaroom/circulars/dmd/dec302021dmdl09.pdf,DMD Circular Letter No. 09: Appointment of Rupali Bank Limited as Primary Dealer of Government Securities,Not Available,30/12/21,09
https://www.bb.org.bd/mediaroom/circulars/smespd/dec302021smespdl11.pdf,"SMESPD Circular Letter No. 11: Regarding Redetermining of Loan Limit Under Credit Guarantee Scheme for Cottage, Micro and Small Enterprises (CMSE)",Not Available,30/12/21,11
https://www.bb.org.bd/mediaroom/circulars/brpd/dec292021brpdl52.pdf,BRPD Circular Letter No. 52: Transfer of interest/profit to income account and maintaining provision against loans/investments.,Not Available,29/12/21,52
https://www.bb.org.bd/mediaroom/circulars/brpd/dec292021brpdl51.pdf,BRPD Circular Letter No. 51: Loan Classification.,Not Available,29/12/21,51
https://www.bb.org.bd/mediaroom/circulars/brpd/dec282021brpd23.pdf,BRPD Circular No. 23: Policy regarding the operation of Dormant Account,Not Available,28/12/21,23
https://www.bb.org.bd/mediaroom/circulars/dos/dec272021dosl53.pdf,DOS Circular Letter No. 53: Regarding submission of quarterly statement of sector wise outstanding loans and advances through on-line platform. Rationalized Input Template (RIT),Not Available,27/12/21,53
https://www.bb.org.bd/mediaroom/circulars/fepd/dec262021fepdl32.pdf,FEPD Circular Letter No. 32: Redefining the rate of wastage in making fabrics from yarn and garments from fabrics in knit garments.,Not Available,26/12/21,32
https://www.bb.org.bd/mediaroom/circulars/dmd/dec232021dmdl07.pdf,DMD Circular Letter No. 07: Providing Liquidity Support to Primary Dealers,Not Available,23/12/21,07
https://www.bb.org.bd/mediaroom/circulars/dmd/dec232021dmdl08.pdf,DMD Circular Letter No. 08: Selection of Benchmark Securities and Two-Way Price Quoting,Not Available,23/12/21,08
https://www.bb.org.bd/mediaroom/circulars/dos/dec222021dosl52.pdf,DOS Circular Letter No. 52: Instruction to take necessary measures to facilitate casting of vote by the voter employees of the related areas on 26th December 2021 for election of Pourashavas and Union Parishads,Not Available,22/12/21,52
https://www.bb.org.bd/mediaroom/circulars/fid/dec192021dfiml33.pdf,"DFIM Circular Letter No. 33: Regarding Loan Classification, Transfer of interest/profit to income account and maintaining provision against loans/investments",Not Available,19/12/21,33
https://www.bb.org.bd/mediaroom/circulars/fid/dec192021dfiml32.pdf,DFIM Circular Letter No. 32: Submission of sectorwise loan/lease statement by Non-Banking Financial Institutions,Not Available,19/12/21,32
https://www.bb.org.bd/mediaroom/circulars/dos/dec152021dosl51.pdf,DOS Circular Letter No. 51: Regarding the Observance of the instructions for the Swearing-in Ceremony of the Golden Jubilee of Victory and the Mujib Year,Not Available,15/12/21,51
https://www.bb.org.bd/mediaroom/circulars/brpd/dec142021brpdl50.pdf,BRPD Circular Letter No. 50: Transfer of interest/profit to income account and maintaining provision against loans/investments,Not Available,14/12/21,50
https://www.bb.org.bd/mediaroom/circulars/smespd/dec142021smespdl10.pdf,"SMESPD Circular Letter No. 10: Regarding Policy of Credit Guarantee Scheme for Cottage, Micro and Small Enterprises (CMSE)",Not Available,14/12/21,10
https://www.bb.org.bd/mediaroom/circulars/brpd/dec092021brpdl49.pdf,BRPD Circular Letter No. 49: Refinance Scheme to Support Cinema Hall Owners.,Not Available,09/12/21,49
https://www.bb.org.bd/mediaroom/circulars/fid/dec092021dfiml31.pdf,"DFIM Circular Letter No. 31: Regarding Holiday, 2022",Not Available,09/12/21,31
https://www.bb.org.bd/mediaroom/circulars/did/dec082021didl02.pdf,DID Circular Letter No. 02: Regarding Submission of Detail Information for Assessing Deposit Insurance Premium,Not Available,08/12/21,02
https://www.bb.org.bd/mediaroom/circulars/brpd/nov252021brpdl48.pdf,BRPD Circular Letter No. 48: Regarding fixation of 25 March 2020 as cut-off date for the direct recruitment of candidates in the recruitment circulars publishable up to 31 December 2021,Not Available,25/11/21,48
https://www.bb.org.bd/mediaroom/circulars/fepd/nov252021fepdl31.pdf,FEPD Circular Letter No. 31: Cash incentive/Export incentive in textile and other sectors.,Not Available,25/11/21,31
https://www.bb.org.bd/mediaroom/circulars/dos/nov242021dosl50.pdf,DOS Circular Letter No. 50: Instruction to take necessary measures to facilitate casting of vote by the voter employees of the related areas on 28th November 2021 for election of Pourashavas and Union Parishads,Not Available,24/11/21,50
https://www.bb.org.bd/mediaroom/circulars/brpd/nov172021brpdl47.pdf,BRPD Circular Letter No. 47: Displaying the list of unclaimed deposits and valuables of banks in Bangladesh Bank website,Not Available,17/11/21,47
https://www.bb.org.bd/mediaroom/circulars/psd/nov172021psd11.pdf,PSD Circular No. 11: Issuance of PSP license to 'Progoti Systems Limited',Not Available,17/11/21,11
https://www.bb.org.bd/mediaroom/circulars/dmd/nov152021dmdl06.pdf,"DMD Circular Letter No. 06: Use of Govt, Semi-govt, Autonomous, Semi-autonomous Institutions' Name List (Prepared By Ministry of Public Adminstration) in case of Pensioner Sanchaypatra Selling.",Not Available,15/11/21,06
https://www.bb.org.bd/mediaroom/circulars/fepd/nov152021fepdl30.pdf,FEPD Circular Letter No. 30: Export Incentive against export of Aromatic rice,Not Available,15/11/21,30
https://www.bb.org.bd/mediaroom/circulars/fepd/nov102021fepdl29.pdf,FEPD Circular Letter No. 29: Regarding submission of statement of VAT deducted at source against services provided by non residents,Not Available,10/11/21,29
https://www.bb.org.bd/mediaroom/circulars/fepd/nov102021fepd38.pdf,FEPD Circular No. 38: Export incentive against export of Cement Sheet.,Not Available,10/11/21,38
https://www.bb.org.bd/mediaroom/circulars/fepd/nov102021fepd37.pdf,FEPD Circular No. 37: Export incentive against export of MS Steel Products.,Not Available,10/11/21,37
https://www.bb.org.bd/mediaroom/circulars/fepd/nov102021fepd36.pdf,FEPD Circular No.36: Export incentive against export of Bicycle and its parts.,Not Available,10/11/21,36
https://www.bb.org.bd/mediaroom/circulars/fepd/nov102021fepd35.pdf,FEPD Circular No. 35: Export incentive against export of Tea,Not Available,10/11/21,35
https://www.bb.org.bd/mediaroom/circulars/fepd/nov102021fepd34.pdf,"FEPD Circular No. 34: Export incentive against export from Specialized Zone (BEZA, BEPZA and Hi-tech Park)",Not Available,10/11/21,34
https://www.bb.org.bd/mediaroom/circulars/dos/nov092021dosl49.pdf,DOS Circular Letter No. 49: Instruction to take necessary measures to facilitate casting of vote by the voter employees of the related areas on 11th November 2021 for election of Union Parishads.,Not Available,09/11/21,49
https://www.bb.org.bd/mediaroom/circulars/fepd/nov082021fepdl28.pdf,FEPD Circular Letter No. 28: Cancellation of Petroleum License -KSRM Billet Industries Ltd. & Uniglory Accessories Ltd,Not Available,08/11/21,28
https://www.bb.org.bd/mediaroom/circulars/dos/oct312021dosl47.pdf,DOS Circular Letter No. 47: Instruction to take necessary measures to facilitate casting of vote by the voter employees of the related areas on 2nd November 2021,Not Available,31/10/21,47
https://www.bb.org.bd/mediaroom/circulars/finincld/oct282021fid02.pdf,"FID Circular No. 02: Refinance Scheme for the affected low income professionals,farmers, marginal/micro businessmen due to novel coronavirus",Not Available,28/10/21,02
https://www.bb.org.bd/mediaroom/circulars/dos/oct272021dosl46.pdf,DOS Circular Letter No. 46: Revision of existing formula and format of quarterly statement of sector-wise outstanding loans and advances.,Not Available,27/10/21,46
https://www.bb.org.bd/mediaroom/circulars/acd/oct262021acd03.pdf,ACD Circular No. 03: Regarding inclusion of new fruits/crops in Agricultural & Rural Credit Policy and Programme of FY 2021-2022.,Not Available,26/10/21,03
https://www.bb.org.bd/mediaroom/circulars/dos/oct252021dosl45.pdf,DOS Circular Letter No. 45: Refinance against working capital financing to Hotel/Motel/Theme Park of Tourism Sector for employees' salaries-allowances.,Not Available,25/10/21,45
https://www.bb.org.bd/mediaroom/circulars/psd/oct182021psd10e.pdf,PSD Circular No. 10: Determination of Fees/Charges for domestic transactions routed through NPSB and Card schemes,Not Available,18/10/21,10
https://www.bb.org.bd/mediaroom/circulars/dos/oct172021dosl44.pdf,DOS Circular Letter No. 44: Submission of information on Non-Banking Asset (NBA),Not Available,17/10/21,44
https://www.bb.org.bd/mediaroom/circulars/fid/oct172021dfiml30.pdf,DFIM Circular Letter No. 30: Re-fixation of holiday for Eid-e-Milad-un-Nabi (S),Not Available,17/10/21,30
https://www.bb.org.bd/mediaroom/circulars/dos/oct142021dosl43.pdf,DOS Circular Letter No. 43: Re-fixation of holiday for Eid-e-Milad-un-Nabi (S),Not Available,14/10/21,43
https://www.bb.org.bd/mediaroom/circulars/brpd/oct132021brpdl46.pdf,BRPD Circular Letter No. 46: Cancellation of the Letter of Commitment for Bank’s Undertaking for Line of Credit,Not Available,13/10/21,46
https://www.bb.org.bd/mediaroom/circulars/dos/oct062021dosl41.pdf,DOS Circular Letter No. 41: Keeping scheduled bank branches closed to facilitate casting vote by the voter employees of the related areas on 7th October 2021 for Election of Upazilla Parishads and Pourashava,Not Available,06/10/21,41
https://www.bb.org.bd/mediaroom/circulars/brpd/oct042021brpdl45.pdf,BRPD Circular Letter No. 45: Loan Classification,Not Available,04/10/21,45
https://www.bb.org.bd/mediaroom/circulars/brpd/sep302021brpdl44.pdf,BRPD Circular Letter No. 44: Refinance Scheme for Pre-Shipment Credit to Mitigate the Crisis due to Novel Coronavirus.,Not Available,30/09/21,44
https://www.bb.org.bd/mediaroom/circulars/brpd/sep282021brpdl43.pdf,BRPD Circular Letter No. 43: Special Facilities for Institutions of Leather Sector which are Relocated to Tannery Industrial Estate at Savar,Not Available,28/09/21,43
https://www.bb.org.bd/mediaroom/circulars/dcm/sep282021dcml04.pdf,"DCM Circular Letter No. 04: Avoid writing, stamping seal and stapling note packet in new and re-issuable Bank and Currency notes",Not Available,28/09/21,04
https://www.bb.org.bd/mediaroom/circulars/did/sep282021didl01.pdf,DID Circular Letter No. 01: Regarding Submission of Significant Information,Not Available,28/09/21,01
https://www.bb.org.bd/mediaroom/circulars/dmd/sep282021dmdl05.pdf,DMD Circular Letter No. 05: Reduction of Commission on the sale of 5 (five) Savings Instruments,Not Available,28/09/21,05
https://www.bb.org.bd/mediaroom/circulars/dos/sep272021dosl40.pdf,DOS Circular Letter No. 40: Constitution of Special Fund for Capital Market and Investment Policy.,Not Available,27/09/21,40
https://www.bb.org.bd/mediaroom/circulars/dos/sep272021dosl39.pdf,DOS Circular Letter No. 39: Constitution of Special Fund for Capital Market and Investment Policy.,Not Available,27/09/21,39
https://www.bb.org.bd/mediaroom/circulars/fepd/sep272021fepd31.pdf,FEPD Circular No. 31: Instructions to be followed by Licenced Money Changers for Preventing Fake Note Circulation,Not Available,27/09/21,31
https://www.bb.org.bd/mediaroom/circulars/dmd/sep262021dmdl04.pdf,DMD Circular Letter No. 04: Refixation of savings instruments' profit rate.,Not Available,26/09/21,04
https://www.bb.org.bd/mediaroom/circulars/fepd/sep212021fepdl26.pdf,FEPD Circular Letter No. 26: Appointment of Audit firm for Cash incentive/Export subsidy in textile and other sectors,Not Available,21/09/21,26
https://www.bb.org.bd/mediaroom/circulars/fepd/sep202021fepd29.pdf,FEPD Circular No. 29: Export subsidy/Cash incentive for the financial year 2021-2022,Not Available,20/09/21,29
https://www.bb.org.bd/mediaroom/circulars/brpd/sep202021brpd22.pdf,BRPD Circular No. 22: Policy for Non-Banking Asset (NBA).,Not Available,20/09/21,22
https://www.bb.org.bd/mediaroom/circulars/finincld/sep192021fidl02.pdf,FID Circular Letter No. 02: Regarding transaction of 'Bangabandhu Shikkha Bima' policy through School Banking Account.,Not Available,19/09/21,02
https://www.bb.org.bd/mediaroom/circulars/brpd/sep162021brpd21.pdf,BRPD Circular No. 21: Arbitrary Termination of Bank Employees.,Not Available,16/09/21,21
https://www.bb.org.bd/mediaroom/circulars/dos/sep162021dosl38.pdf,DOS Circular Letter No.38: Keeping scheduled bank branches closed to facilitate casting of vote by the voter employees of the related areas on 20 th September 2021 for Election of 9 Pourashavas and 161 Union Parishads.,Not Available,16/09/21,38
https://www.bb.org.bd/mediaroom/circulars/fid/sep142021dfim09.pdf,DFIM Circular No. 09: Master Circular: Loan/Lease/Investment Rescheduling for Financial Institutions,Not Available,14/09/21,09
https://www.bb.org.bd/mediaroom/circulars/dos/sep142021dosl37.pdf,DOS Circular Letter No. 37: Intermission of Banking Operations of Mercantile Bank Limited due to Reimplementation of Core Banking Software.,Not Available,14/09/21,37
https://www.bb.org.bd/mediaroom/circulars/acd/sep142021acd02.pdf,ACD Circular No. 02: Refinance scheme of Taka 3000 crore for agriculture sector to combat financial crisis due to Covid-19 pandemic,Not Available,14/09/21,02
https://www.bb.org.bd/mediaroom/circulars/brpd/sep092021brpdl42.pdf,BRPD Circular Letter No. 42: Loan Rescheduling of Leather Sector for the Purpose of Purchasing Raw Hides,Not Available,09/09/21,42
https://www.bb.org.bd/mediaroom/circulars/smespd/sep092021smespd09.pdf,SMESPD Circular No. 09: Implementation instructions on effectiveness of special loans & advances provided to CMSME sector affected by COVID-19,Not Available,09/09/21,09
https://www.bb.org.bd/mediaroom/circulars/fid/sep072021dfiml29.pdf,DFIM Circular Letter No. 29: Prohibition of taking mailing or postal or delivery services through Courier Services having no license,Not Available,07/09/21,29
https://www.bb.org.bd/mediaroom/circulars/fepd/sep062021fepdl24.pdf,FEPD Circular Letter No. 24: Submission of certificate issued by BTMA for export subsidy in RMG/Textile sector.,Not Available,06/09/21,24
https://www.bb.org.bd/mediaroom/circulars/fepd/sep062021fepd28.pdf,FEPD Circular No. 28: Submission of certificate issued by exporter's association for export subsidy against export of jute goods.,Not Available,06/09/21,28
https://www.bb.org.bd/mediaroom/circulars/fepd/sep062021fepd27.pdf,FEPD Circular No. 27: Submission of Application for Export subsidy/Cash incentive.,Not Available,06/09/21,27
https://www.bb.org.bd/mediaroom/circulars/finincld/sep052021fid01.pdf,FID Circular No. 01: Tk. 500 Crore Refinance Scheme for 10/50/100 Tk. Account Holders,Not Available,05/09/21,01
https://www.bb.org.bd/mediaroom/circulars/dos/sep022021dosl36.pdf,"DOS Circular Letter No.36: Keeping scheduled bank branches closed to facilitate casting of vote by the voter employees in the election area on 4th September, 2021 for Election of 231 Sylhet-3 of national parliament.",Not Available,02/09/21,36
https://www.bb.org.bd/mediaroom/circulars/dmd/sep012021dmdl03.pdf,DMD Circular Letter No. 03: Regarding the Selection of Benchmark Government Securities and Two-Way Price Quoting,Not Available,01/09/21,03
https://www.bb.org.bd/mediaroom/circulars/fid/sep012021dfiml28.pdf,DFIM Circular Letter No. 28: Regarding Loan/Lease/Advance Classification for Financial Institutions,Not Available,01/09/21,28
https://www.bb.org.bd/mediaroom/circulars/dos/aug312021dosl35.pdf,DOS Circular Letter No. 35: Constitution of Special Fund for Capital Market and Investment Policy.,Not Available,31/08/21,35
https://www.bb.org.bd/mediaroom/circulars/psd/aug292021psdl13.pdf,PSD Circular Letter No. 13: Regarding prohibition of receiving customers' money directly to the digital commerce enterprises' bank account,Not Available,29/08/21,13
https://www.bb.org.bd/mediaroom/circulars/brpd/aug272021brpd19.pdf,BRPD Circular No. 19: Loan Classification,Not Available,26/08/21,19
https://www.bb.org.bd/mediaroom/circulars/psd/aug252021psdl12.pdf,PSD Circular Letter No. 12: Instruction Related to Bill Payment of Credit Cards and P2P Transactions of MFS Provider,Not Available,25/08/21,12
https://www.bb.org.bd/mediaroom/circulars/fepd/aug252021fepdl21.pdf,FEPD Circular Letter No. 21: Submission of statement of VAT deducted at source against services provided by non residents,Not Available,25/08/21,21
https://www.bb.org.bd/mediaroom/circulars/fid/aug232021dfiml27e.pdf,DFIM Circular Letter No. 27: Maintaining Statutory Liquidity Ratio (SLR).,Not Available,23/08/21,27
https://www.bb.org.bd/mediaroom/circulars/fid/aug182021dfiml26.pdf,DFIM Circular Letter No. 26: Re-fixation of holiday for Ashura,Not Available,18/08/21,26
https://www.bb.org.bd/mediaroom/circulars/dos/aug182021dosl34.pdf,DOS Circular Letter No. 34: Information regarding Post Import Financing,Not Available,18/08/21,34
https://www.bb.org.bd/mediaroom/circulars/brpd/aug182021brpd18.pdf,BRPD Circular No. 18: Implementation of Basel III in Bangladesh,Not Available,18/08/21,18
https://www.bb.org.bd/mediaroom/circulars/fid/aug172021dfim08.pdf,DFIM Circular No. 08: Collecting & Preserving Audited Financial Statement in the Loan Files for Approval & Renewal of Loans of Financial Institutions,Not Available,17/08/21,08
https://www.bb.org.bd/mediaroom/circulars/fid/aug172021dfim07.pdf,DFIM Circular No. 07: Release of Loan/Lease/Investment of Financial Institutions,Not Available,17/08/21,07
https://www.bb.org.bd/mediaroom/circulars/smespd/aug172021smespd08.pdf,SMESPD Circular No. 08: Incentive facility for loans & advances provided to women entrepreneurs on CMSME sector,Not Available,17/08/21,08
https://www.bb.org.bd/mediaroom/circulars/gbcrd/aug172021sfdl05.pdf,SFD Circular Letter No. 05: About Sustainability Rating Methodology for Banks & FIs,Not Available,17/08/21,05
https://www.bb.org.bd/mediaroom/circulars/dos/aug122021dosl33.pdf,DOS Circular Letter No. 33: Re-fixation of holiday for Ashura,Not Available,12/08/21,33
https://www.bb.org.bd/mediaroom/circulars/fid/aug102021dfiml25.pdf,DFIM Circular Letter No. 25: Resuming Normal Office Activities of Financial Institutions,Not Available,10/08/21,25
https://www.bb.org.bd/mediaroom/circulars/psd/aug102021psdl11.pdf,PSD Circular Letter No. 11: Continuation of Uninterrupted Banking and Payment Services in Response to COVID-19,Not Available,10/08/21,11
https://www.bb.org.bd/mediaroom/circulars/dos/aug092021dosl32.pdf,DOS Circular Letter No. 32: Conducting Normal Banking Services.,Not Available,09/08/21,32
https://www.bb.org.bd/mediaroom/circulars/brpd/aug082021brpd17.pdf,BRPD Circular No. 17: Rationalization of Rate of Interest/Profit on Deposit,Not Available,08/08/21,17
https://www.bb.org.bd/mediaroom/circulars/smespd/aug052021smespd07.pdf,"SMESPD Circular No. 07: Regarding Policy of Credit Guarantee Scheme for Cottage, Micro and Small Enterprises (CMSE)",Not Available,05/08/21,07
https://www.bb.org.bd/mediaroom/circulars/fid/aug052021dfiml24.pdf,DFIM Circular Letter No. 24: Conducting Activities of Financial Institutions from 06 to 10 August 2021,Not Available,05/08/21,24
https://www.bb.org.bd/mediaroom/circulars/dos/aug052021dosl31.pdf,DOS Circular Letter No. 31: Conducting Banking Service from 06 August 2021 to 10 August 2021.,Not Available,05/08/21,31
https://www.bb.org.bd/mediaroom/circulars/brpd/aug052021brpdl41.pdf,BRPD Circular Letter No. 41: Fit and Proper Test Criteria of Chief Financial Officer and Chief Information Technology Officer,Not Available,05/08/21,41
https://www.bb.org.bd/mediaroom/circulars/smespd/aug042021smespdl09.pdf,SMESPD Circular Letter No. 09: Ensuring the achievement against target for CMSME loans/advances to women entrepreneurs.,Not Available,04/08/21,09
https://www.bb.org.bd/mediaroom/circulars/gbcrd/aug042021sfdl04.pdf,SFD Circular Letter No. 04: Operating special CSR Activities and Reporting under Corporate Social Responsibility (CSR) of banks to mitigate COVID-19 crisis.,Not Available,04/08/21,04
https://www.bb.org.bd/mediaroom/circulars/gbcrd/aug042021sfdl03.pdf,SFD Circular Letter No. 03: Target Fixation of Green Finance & Sustainable Finance.,Not Available,04/08/21,03
https://www.bb.org.bd/mediaroom/circulars/fid/aug022021dfim06.pdf,DFIM Circular No. 06: Financial stimulus package to mitigate probable economic impact due to breakout of Novel Corona Virus (COVID-19).,Not Available,02/08/21,06
https://www.bb.org.bd/mediaroom/circulars/brpd/jul292021brpdl40.pdf,BRPD Circular Letter No. 40: Financial stimulus package to mitigate probable economic impact due to breakout of Novel Corona Virus (COVID-19).,Not Available,29/07/21,40
https://www.bb.org.bd/mediaroom/circulars/psd/jul292021psdl10.pdf,PSD Circular Letter No. 10: Continuation of Uninterrupted Banking and Payment Services in Response to COVID-19.,Not Available,29/07/21,10
https://www.bb.org.bd/mediaroom/circulars/fid/jul292021dfiml23.pdf,DFIM Circular Letter No. 23: Conducting Activities of Financial Institutions from 01 to 05 August 2021.,Not Available,29/07/21,23
https://www.bb.org.bd/mediaroom/circulars/acd/jul292021acd01.pdf,ACD Circular No. 01: Agricultural & Rural Credit Policy and Program for the FY 2021-2022.,Not Available,29/07/21,01
https://www.bb.org.bd/mediaroom/circulars/dos/jul282021dosl30.pdf,DOS Circular Letter No. 30: Conducting Banking Service from 1 to 05 August 2021,Not Available,28/07/21,30
https://www.bb.org.bd/mediaroom/circulars/brpd/jul282021brpdl39.pdf,BRPD Circular Letter No. 39: Financial stimulus package to mitigate probable economic impact due to breakout of Novel Corona Virus (COVID-19),Not Available,28/07/21,39
https://www.bb.org.bd/mediaroom/circulars/fepd/jul282021fepdl20.pdf,FEPD Circular Letter No. 20: Cancellation of Petroleum License -Confidence Electric Limited,Not Available,28/07/21,20
https://www.bb.org.bd/mediaroom/circulars/fid/jul262021dfim05.pdf,DFIM Circular No. 05: Ex-Bangladesh travel of Managing Director/CEO of a Financial Institution.,Not Available,26/07/21,05
https://www.bb.org.bd/mediaroom/circulars/fepd/jul192021fepdl19.pdf,"FEPD Circular Letter No. 19: Interim direction regarding renewal of Registration Certificate (Import, Export and Indenting) for the year of 2021-2022",Not Available,19/07/21,19
https://www.bb.org.bd/mediaroom/circulars/fid/jul192021dfiml22.pdf,DFIM Circular Letter No. 22: Regarding Loan/Lease/Advance Classification for Financial Institutions,Not Available,19/07/21,22
https://www.bb.org.bd/mediaroom/circulars/brpd/jul182021brpdl38.pdf,BRPD Circular Letter No. 38: Extension of Banking Hour as well as Keeping the Bank Branches/Sub Branches Open adjacent to Qurbani Cattle haat under Dhaka South and North City Corporation,Not Available,18/07/21,38
https://www.bb.org.bd/mediaroom/circulars/brpd/jul152021brpd16.pdf,BRPD Circular No. 16: Stimulus package as working capital loans/investments to pay salaries-allowances for the workers of Hotel/Motel/Theme park of tourism sector,Not Available,15/07/21,16
https://www.bb.org.bd/mediaroom/circulars/fid/jul142021dfiml21.pdf,DFIM Circular Letter No. 21: Conducting Activities of Financial Institutions from 15 July 2021 to 05 August 2021,Not Available,14/07/21,21
https://www.bb.org.bd/mediaroom/circulars/psd/jul142021psdl09.pdf,PSD Circular Letter No. 09: Continuation of Uninterrupted Banking and Payment Services in Response to COVID-19,Not Available,14/07/21,09
https://www.bb.org.bd/mediaroom/circulars/brpd/jul132021brpd15.pdf,BRPD Circular No. 15: Special Facilities to Leather Sector for Purchasing Raw hides.,Not Available,13/07/21,15
https://www.bb.org.bd/mediaroom/circulars/dos/jul132021dosl29.pdf,DOS Circular Letter No. 29: Conducting Banking Service from 15 July 2021 to 05 August 2021.,Not Available,13/07/21,29
https://www.bb.org.bd/mediaroom/circulars/dcm/jul132021dcml03.pdf,DCM Circular Letter No. 03: Providing note detection services by the officials of scheduled banks to the cattle traders in,Not Available,13/07/21,03
https://www.bb.org.bd/mediaroom/circulars/brpd/jul122021brpd14.pdf,BRPD Circular No. 14: Prudential Regulations for Consumer Financing,Not Available,12/07/21,14
https://www.bb.org.bd/mediaroom/circulars/brpd/jul122021brpdl37.pdf,BRPD Circular Letter No. 37: Operating Special CSR Activities under Corporate Social Responsibility (CSR)of Banks To Mitigate COVID-19 Crisis.,Not Available,12/07/21,37
https://www.bb.org.bd/mediaroom/circulars/brpd/jul122021brpdl36.pdf,BRPD Circular Letter No. 36: Inclusion of industries situated outside BEZA/BEPZA/ Hi-Tech Park under stimulus packages declared by the Government due to breakout of Novel Corona Virus (COVID-19),Not Available,12/07/21,36
https://www.bb.org.bd/mediaroom/circulars/smespd/jul122021smespdl08.pdf,"SMESPD Circular Letter No. 08: Regarding accomplishment of Participation Agreement with Banks and Financial Institutions for Credit Guarantee Scheme under Cottage, Micro and Small Enterprises (CMSE) Sector",Not Available,12/07/21,08
https://www.bb.org.bd/mediaroom/circulars/dcm/jul082021dcml02.pdf,DCM Circular Letter No. 02/2021: Providing note detection services by the officials of scheduled banks to the cattle traders in,Not Available,08/07/21,02
https://www.bb.org.bd/mediaroom/circulars/fid/jul072021dfiml20.pdf,DFIM Circular Letter No. 20: Conducting Activities of Financial Institutions from 08 July 2021 to 14 July 2021.,Not Available,07/07/21,20
https://www.bb.org.bd/mediaroom/circulars/psd/jul072021psdl8.pdf,PSD Circular Letter No. 08: Continuation of Uninterrupted Banking and Payment Services in Response to COVID-19,Not Available,07/07/21,08
https://www.bb.org.bd/mediaroom/circulars/dos/jul062021dosl28.pdf,DOS Circular Letter No. 28: Conducting Banking Service from 08 July 2021 to 14 July 2021,Not Available,06/07/21,28
https://www.bb.org.bd/mediaroom/circulars/brpd/jul062021brpdl35.pdf,BRPD Circular Letter No. 35: Verification of Financial Statements submitted by borrowers,Not Available,06/07/21,35
https://www.bb.org.bd/mediaroom/circulars/brpd/jul052021brpdl34.pdf,BRPD Circular Letter No. 34: Ex-Bangladesh travel of Managing Director/CEO of a Bank-Company,Not Available,05/07/21,34
https://www.bb.org.bd/mediaroom/circulars/fid/jul052021dfiml19.pdf,DFIM Circular Letter No. 19: Regarding Loan/Lease/Advance Classification for Financial Institutions,Not Available,05/07/21,19
https://www.bb.org.bd/mediaroom/circulars/brpd/jul052021brpdl33.pdf,BRPD Circular Letter No. 33: Restructuring Bank Inspection Departments of Bangladesh Bank Head Office,Not Available,05/07/21,33
https://www.bb.org.bd/mediaroom/circulars/fepd/jul052021fepdl18.pdf,FEPD Circular Letter No. 18: Gold Policy-2018 (Amended)-2021,Not Available,05/07/21,18
https://www.bb.org.bd/mediaroom/circulars/smespd/jul042021smespdl07.pdf,SMESPD Circular Letter No. 07: Special loan/investment facility for CMSME sector affected by Novel Corona Virus (COVID-19) pandemic.,Not Available,04/07/21,07
https://www.bb.org.bd/mediaroom/circulars/fepd/jul012021fepd24.pdf,"FEPD Circular No. 24: Issuance a permission as permissible importers favoring gold refiniries permitted by the Ministry of Commerce to import gold ore/dore under FER Act, 1947",Not Available,01/07/21,24
https://www.bb.org.bd/mediaroom/circulars/psd/jun302021psd08.pdf,PSD Circular No. 08: Fund release policy for digital commerce enterprises,Not Available,30/06/21,08
https://www.bb.org.bd/mediaroom/circulars/fid/jun302021dfiml18.pdf,DFIM Circular Letter No. 18: Conducting Activities of Financial Institutions from 01 July 2021 to 07 July 2021,Not Available,30/06/21,18
https://www.bb.org.bd/mediaroom/circulars/psd/jun302021psd09.pdf,PSD Circular No. 09: Continuation of Uninterrupted Banking and Payment Services in Response to COVID-19,Not Available,30/06/21,09
https://www.bb.org.bd/mediaroom/circulars/brpd/jun302021brpdl32.pdf,BRPD Circular Letter No. 32: Prohibition of taking mailing or postal or delivery services through Courier Services having no license,Not Available,30/06/21,32
https://www.bb.org.bd/mediaroom/circulars/dos/jun302021dosl27.pdf,DOS Circular Letter No. 27: Conducting Banking Service from 01 July 2021 to 07 July 2021,Not Available,30/06/21,27
https://www.bb.org.bd/mediaroom/circulars/brpd/jun292021brpdl31.pdf,BRPD Circular Letter No. 31: Preserving audited financial statements in the loan file.,Not Available,29/06/21,31
https://www.bb.org.bd/mediaroom/circulars/brpd/jun272021brpd13.pdf,BRPD Circular No. 13: Loan Classification,Not Available,27/06/21,13
https://www.bb.org.bd/mediaroom/circulars/brpd/jun222021brpdl30.pdf,BRPD Circular Letter No. 30: Special Facilities for Institutions of Leather Sector which are Relocated to Tannery Industrial Estate at Savar.,Not Available,22/06/21,30
https://www.bb.org.bd/mediaroom/circulars/fid/jun212021dfiml17.pdf,DFIM Circular Letter No. 17: Regarding Cyber Security and Database Backup maintenance of NBFI.,Not Available,21/06/21,17
https://www.bb.org.bd/mediaroom/circulars/brpd/jun212021brpdl29.pdf,BRPD Circular Letter No. 29: Operating Special CSR Activities under Corporate Social Responsibility (CSR)of Banks To Mitigate COVID-19 Crisis.,Not Available,21/06/21,29
https://www.bb.org.bd/mediaroom/circulars/dos/jun202021dosl26.pdf,DOS Circular Letter No. 26: Instruction to take necessary measures to facilitate casting of vote by the voter employees of the related areas,Not Available,20/06/21,26
https://www.bb.org.bd/mediaroom/circulars/fepd/jun172021fepd21.pdf,FEPD Circular No. 21: Cash Incentive against export of Handicrafts,Not Available,17/06/21,21
https://www.bb.org.bd/mediaroom/circulars/fepd/jun172021fepdl15.pdf,FEPD Circular Letter No. 15: Export subsidy/Cash Incentive against export of Diversified Jute products,Not Available,17/06/21,15
https://www.bb.org.bd/mediaroom/circulars/brpd/jun172021brpd28.pdf,"BRPD Circular Letter No. 28: 333 Related Guidelines, 2021",Not Available,17/06/21,28
https://www.bb.org.bd/mediaroom/circulars/psd/jun172021psdl07.pdf,PSD Circular Letter No. 07: Continuation of Uninterrupted Banking and Payment Services in Response to COVID-19,Not Available,17/06/21,07
https://www.bb.org.bd/mediaroom/circulars/fid/jun162021dfiml16.pdf,DFIM Circular Letter No. 16: Conducting Activities of Financial Institutions from 17 June 2021 to 15 July 2021,Not Available,16/06/21,16
https://www.bb.org.bd/mediaroom/circulars/dos/jun162021dosl25.pdf,DOS Circular Letter No. 25: Conducting Banking Service from 17 June 2021 to 15 July 2021,Not Available,16/06/21,25
https://www.bb.org.bd/mediaroom/circulars/cib/jun162021cib01.pdf,CIB Circular No. 01: Introduction of new changes in CIB Online System,Not Available,16/06/21,01
https://www.bb.org.bd/mediaroom/circulars/brpd/jun132021brpd12.pdf,BRPD Circular No. 12: Policy for Post Import Financing-PIF,Not Available,13/06/21,12
https://www.bb.org.bd/mediaroom/circulars/smespd/jun132021smespdl06.pdf,SMESPD Circular Letter No. 06: Regarding the monthly statement on loan/investment registered under Credit Guarantee Scheme,Not Available,13/06/21,06
https://www.bb.org.bd/mediaroom/circulars/brpd/jun102021brpd11.pdf,BRPD Circular No. 11: Master Circular on Schedule of Charges,Not Available,10/06/21,11
https://www.bb.org.bd/mediaroom/circulars/fepd/jun072021fepdl14.pdf,FEPD Circular Letter No. 14: Submission of challan copy of Govt. fee to Jute Directorate collected against Export of Jute and Jute goods,Not Available,07/06/21,14
https://www.bb.org.bd/mediaroom/circulars/fid/jun062021dfiml15.pdf,DFIM Circular Letter No. 15: Conducting Activities of Financial Institutions from 07 June 2021 to 16 June 2021,Not Available,06/06/21,15
https://www.bb.org.bd/mediaroom/circulars/dos/jun062021dosl24.pdf,DOS Circular Letter No. 24: Conducting Banking Service from 07 June 2021 to 16 June 2021,Not Available,06/06/21,24
https://www.bb.org.bd/mediaroom/circulars/eef/jun032021eefl01.pdf,EEF Circular Letter No. 01: Amendment of ESF Policy-2018,Not Available,03/06/21,01
https://www.bb.org.bd/mediaroom/circulars/dmd/jun022021dmdl02.pdf,"DMD Circular Letter No. 02: Amendment of Rule:5 (Sub-rule: 5,6 & 7) of Sanchaypatra Rules, 1977",Not Available,02/06/21,02
https://www.bb.org.bd/mediaroom/circulars/brpd/jun012021brpd10.pdf,BRPD Circular No. 10: Rescheduling of Short-term Agricultural Credit,Not Available,01/06/21,10
https://www.bb.org.bd/mediaroom/circulars/fid/may302021dfiml14.pdf,DFIM Circular Letter No. 14: Conducting Activities of Financial Institutions from 31 May 2021 to 06 June 2021,Not Available,30/05/21,14
https://www.bb.org.bd/mediaroom/circulars/psd/may302021psdl06.pdf,PSD Circular Letter No. 06: Continuation of Uninterrupted Banking and Payment Services in Response to COVID-19,Not Available,30/05/21,06
https://www.bb.org.bd/mediaroom/circulars/dos/may302021dosl23.pdf,DOS Circular Letter No. 23 : Conducting Banking Service from 31 May 2021 to 06 June 2021.,Not Available,30/05/21,23
https://www.bb.org.bd/mediaroom/circulars/dos/may252021dosl22.pdf,DOS Circular Letter No. 22: Conducting Banking Services in Locked down area,Not Available,25/05/21,22
https://www.bb.org.bd/mediaroom/circulars/psd/may232021psdl05.pdf,PSD Circular Letter No. 05: Continuation of Uninterrupted Banking and Payment Services in Response to COVID-19,Not Available,23/05/21,05
https://www.bb.org.bd/mediaroom/circulars/fid/may232021dfiml13.pdf,DFIM Circular Letter No. 13: Conducting Activities of Financial Institutions from 24 May 2021 to 30 May 2021,Not Available,23/05/21,13
https://www.bb.org.bd/mediaroom/circulars/dos/may232021dosl21.pdf,DOS Circular Letter No. 21 : Conducting Banking Service from 24 May 2021 to 30 May 2021.,Not Available,23/05/21,21
https://www.bb.org.bd/mediaroom/circulars/fid/may162021dfiml12.pdf,DFIM Circular Letter No. 12: Conducting Activities of Financial Institutions from 17 May 2021 to 23 May 2021,Not Available,16/05/21,12
https://www.bb.org.bd/mediaroom/circulars/dos/may162021dosl20.pdf,DOS Circular Letter No. 20 : Conducting Banking Service from 17 May 2021 to 23 May 2021,Not Available,16/05/21,20
https://www.bb.org.bd/mediaroom/circulars/brpd/may122021brpdl07.pdf,"BRPD Circular Letter No. 27: Appointment of director, contractual advisor and consultant for Bank-Company.",Not Available,12/05/21,27
https://www.bb.org.bd/mediaroom/circulars/psd/may062021psdl04.pdf,PSD Circular Letter No. 04:Continuation of Uninterrupted Banking and Payment Services in Response to COVID-19,Not Available,06/05/21,04
https://www.bb.org.bd/mediaroom/circulars/psd/may062021psd07.pdf,PSD Circular No. 07: Regarding distribution of cash received from the value declared products/parcels of the licensed Courier Services through banking channel,Not Available,06/05/21,07
https://www.bb.org.bd/mediaroom/circulars/psd/may062021psd06.pdf,PSD Circular No. 06: Regarding 'Guidelines for trust fund management in payment and settlement services',Not Available,06/05/21,06
https://www.bb.org.bd/mediaroom/circulars/dos/may052021dosl19.pdf,DOS Circular Letter No. 19: Conducting Banking Service from 06 May 2021 to 16 May 2021.,Not Available,05/05/21,19
https://www.bb.org.bd/mediaroom/circulars/fid/may052021dfiml11.pdf,DFIM Circular Letter No. 11: Conducting Activities of Financial Institutions from 06 May 2021 to 16 May 2021,Not Available,05/05/21,11
https://www.bb.org.bd/mediaroom/circulars/gbcrd/apr292021sfdl02.pdf,"SFD Circular Letter No. 02: Time Extension for Quarterly Reports Submission of January-March, 2021",Not Available,29/04/21,02
https://www.bb.org.bd/mediaroom/circulars/fid/apr282021dfiml10.pdf,DFIM Circular Letter No. 10: Conducting Activities of Financial Institutions from 29 April 2021 to 05 May 2021,Not Available,28/04/21,10
https://www.bb.org.bd/mediaroom/circulars/dos/apr282021dosl18.pdf,DOS Circular Letter No. 18: Conducting Banking Service from 29 April 2021 to 5 May 2021,Not Available,28/04/21,18
https://www.bb.org.bd/mediaroom/circulars/dos/apr282021dosl17.pdf,DOS Circular Letter No. 17: Time Extension for Submission of Annual Audit Report,Not Available,28/04/21,17
https://www.bb.org.bd/mediaroom/circulars/brpd/apr262021brpd09.pdf,BRPD Circular No. 09: Operating Special CSR Activities under Corporate Social Responsibility (CSR )of Banks To Mitigate COVID-19 Crisis.,Not Available,26/04/21,09
https://www.bb.org.bd/mediaroom/circulars/smespd/apr262021smespdl05.pdf,SMESPD Circular Letter No. 05: Establishment of own 'Start-up Fund' by Scheduled Banks,Not Available,26/04/21,05
https://www.bb.org.bd/mediaroom/circulars/brpd/apr262021brpdl26.pdf,BRPD Circular Letter No. 26: Refinance Scheme for Pre-Shipment Credit to Mitigate the Crisis due to Novel Coronavirus,Not Available,26/04/21,26
https://www.bb.org.bd/mediaroom/circulars/brpd/apr222021brpd08.pdf,BRPD Circular No. 08: Re-fixation of Rate of Interest on Agricultural and Rural Credit.,Not Available,22/04/21,08
https://www.bb.org.bd/mediaroom/circulars/brpd/apr222021brpdl25.pdf,BRPD Circular Letter No. 25: Conveyance facility for bank employees working at the bank amidst Coronavirus (COVID-19) outbreak.,Not Available,22/04/21,25
https://www.bb.org.bd/mediaroom/circulars/fid/apr212021dfiml09.pdf,DFIM Circular Letter No. 09 Conducting Activities of Financial Institutions from 22 April 2021 to 28 April 2021,Not Available,21/04/21,09
https://www.bb.org.bd/mediaroom/circulars/psd/apr212021psdl03.pdf,PSD Circular Letter No. 03 Continuation of Uninterrupted Banking and Payment Services in Response to COVID-19,Not Available,21/04/21,03
https://www.bb.org.bd/mediaroom/circulars/dos/apr202021dosl16.pdf,DOS Circular Letter No. 16: Conducting Banking Service from 22 April 2021 to 28 April 2021,Not Available,20/04/21,16
https://www.bb.org.bd/mediaroom/circulars/fid/apr202021dfim03.pdf,DFIM Circular No. 03: Regarding Loan/Lease/Advance Classification for Financial Institutions,Not Available,20/04/21,03
https://www.bb.org.bd/mediaroom/circulars/smespd/apr192021smespdl04.pdf,SMESPD Circular Letter No. 04: Establishment of Refinance Fund titled ‘Start-up Fund’ amounting BDT500 (Five Hundred) Crore by Bangladesh Bank & Establishment of ‘Start-up Fund’ by Scheduled Banks from their own fund.,Not Available,19/04/21,04
https://www.bb.org.bd/mediaroom/circulars/brpd/apr192021brpdl24.pdf,BRPD Circular Letter No. 24: Compensation for bank employees working at the bank amidst Coronavirus (COVID-19) outbreak,Not Available,19/04/21,24
https://www.bb.org.bd/mediaroom/circulars/brpd/apr132021brpdl23.pdf,BRPD Circular Letter No. 23: Stimulus package to face probable economic impact of Bangladesh due to Novel Corona Virus(Covid-19),Not Available,13/04/21,23
https://www.bb.org.bd/mediaroom/circulars/dos/apr132021dosl15.pdf,DOS Circular Letter No. 15: Conducting Banking Service from 14 April 2021 to 21 April 2021,Not Available,13/04/21,15
https://www.bb.org.bd/mediaroom/circulars/psd/apr132021psdl02.pdf,PSD Circular Letter No. 02: Continuation of Uninterrupted Banking and Payment Services in Response to COVID-19,Not Available,13/04/21,02
https://www.bb.org.bd/mediaroom/circulars/dos/apr132021dosl14.pdf,DOS Circular Letter No. 14: Banking Hour for 13 April 2021.,Not Available,13/04/21,14
https://www.bb.org.bd/mediaroom/circulars/psd/apr122021psd05.pdf,PSD Circular No. 05: Regarding the continuation of ATM and MFS services within COVID-19 situation,Not Available,12/04/21,05
https://www.bb.org.bd/mediaroom/circulars/dos/apr122021dosl13.pdf,DOS Circular Letter No. 13: Keeping bank branches closed from 14 April 2021 to 21 April 2021,Not Available,12/04/21,13
https://www.bb.org.bd/mediaroom/circulars/smespd/apr122021smespdl03.pdf,"SMESPD Circular Letter No. 03: Special loan/investment facility of BDT20,000 crore provided to CMSME sector affected by Novel Corona Virus (COVID-19) pandemic",Not Available,12/04/21,03
https://www.bb.org.bd/mediaroom/circulars/fepd/apr122021fepdl08.pdf,"FEPD Circular Letter No. 08: Direction for uninterrupted continuation of production, transport and delivery chain of consumer products for daily necessities and electronic products in pandemic situation",Not Available,12/04/21,08
https://www.bb.org.bd/mediaroom/circulars/brpd/apr122021brpdl22.pdf,BRPD Circular Letter No. 22: Special Facilities for Institutions of Leather Sector which are Relocated to Tannery Industrial Estate at Savar,Not Available,12/04/21,22
https://www.bb.org.bd/mediaroom/circulars/brpd/apr112021brpdl21.pdf,BRPD circular letter no. 21: Master Circular on Schedule of Charges,Not Available,11/04/21,21
https://www.bb.org.bd/mediaroom/circulars/dos/apr112021dosl12.pdf,DOS circular letter no. 12: Conducting Banking Service in Limited Scale.,Not Available,11/04/21,12
https://www.bb.org.bd/mediaroom/circulars/fid/apr042021dfiml08.pdf,DFIM Circular Letter No. 08: Instructions for the Financial Institutions to Prevent the Spread of COVID-19,Not Available,04/04/21,08
https://www.bb.org.bd/mediaroom/circulars/psd/apr042021psd04.pdf,PSD Circular No. 04: Continuation of Uninterrupted Banking and Payment Services in Response to COVID-19,Not Available,04/04/21,04
https://www.bb.org.bd/mediaroom/circulars/brpd/apr042021brpdl20.pdf,BRPD Circular Letter No. 20: Formation & Responsibilities of Board of Directors of a Bank Company.,Not Available,04/04/21,20
https://www.bb.org.bd/mediaroom/circulars/dos/apr042021dosl11.pdf,DOS Circular Letter No. 11: Conducting Banking Service in Limited Scale,Not Available,04/04/21,11
https://www.bb.org.bd/mediaroom/circulars/fepd/apr042021fepdl1923.pdf,FEPD Letter: FEPD(HRM)/30/2021-1923 : Transfer of bank officials involved in foreign exchange transection reporting,Not Available,04/04/21,
https://www.bb.org.bd/mediaroom/circulars/dmd/apr012021dmdl01.pdf,DMD Circular Letter No. 01: Application forms for Sanchaypatra Purchase.,Not Available,01/04/21,01
https://www.bb.org.bd/mediaroom/circulars/brpd/mar312021brpdl19.pdf,BRPD Circular Letter No. 19: Directives to Prevent Outbreak of Corona Virus Disease 2019 (COVID-19),Not Available,31/03/21,19
https://www.bb.org.bd/mediaroom/circulars/acd/mar312021acdl01.pdf,ACD Circular Letter No. 01: Refinance scheme of 5000 crore taka for providing working capital in agriculture sector due to break-out of Novel Corona Virus,Not Available,31/03/21,01
https://www.bb.org.bd/mediaroom/circulars/dos/mar312021dosl10.pdf,"DOS Circular Letter No. 10: Waiver of the section 33 of the Bank-Company Act, 1991 to Padma Bank Limited.",Not Available,31/03/21,10
https://www.bb.org.bd/mediaroom/circulars/smespd/mar292021smespd04.pdf,SMESPD Circular No. 04: Establishment of Refinance Fund titled ‘Start-up Fund’ amounting BDT500 (Five Hundred) Crore by Bangladesh Bank & Establishment of ‘Start-up Fund’ by Scheduled Banks from their own fund.,Not Available,29/03/21,04
https://www.bb.org.bd/mediaroom/circulars/dos/mar292021dosl09.pdf,DOS Circular Letter No. 09: Instruction to take necessary measures to facilitate casting of vote in Pourashavas polls.,Not Available,29/03/21,09
https://www.bb.org.bd/mediaroom/circulars/fepd/mar292021fepd14.pdf,FEPD Circular No. 14: Submission of Shipping Document for Cash Incentive.,Not Available,29/03/21,14
https://www.bb.org.bd/mediaroom/circulars/brpd/mar282021brpdl18.pdf,BRPD Circular Letter No. 18: L/C Margin on Import Financing for Essential Consumer Goods,Not Available,28/03/21,18
https://www.bb.org.bd/mediaroom/circulars/fid/mar252021dfiml06.pdf,DFIM Circular Letter No-06: Re-fixation of holiday for Shab-e-Barat.,Not Available,25/03/21,
https://www.bb.org.bd/mediaroom/circulars/brpd/mar242021brpd05.pdf,BRPD Circular No. 05: Loan Classification,Not Available,24/03/21,05
https://www.bb.org.bd/mediaroom/circulars/brpd/mar232021brpdl17.pdf,BRPD Circular Letter No. 17: Wearing Mask and Ensuring Health Safety Measures to Prevent Outbreak of COVID-19,Not Available,23/03/21,17
https://www.bb.org.bd/mediaroom/circulars/fid/mar222021dfiml04.pdf,DFIM Circular Letter No. 04: Regarding Dividend Declaration by Financial Institutions.,Not Available,22/03/21,04
https://www.bb.org.bd/mediaroom/circulars/dos/mar222021dosl08.pdf,DOS Circular Letter No. 08: Re-fixation of holiday for Shab-e-Barat.,Not Available,22/03/21,08
https://www.bb.org.bd/mediaroom/circulars/fid/mar212021dfiml05.pdf,DFIM Circular Letter No. 05: Directives to Prevent Outbreak of Corona Virus Disease 2019 (COVID-19),Not Available,21/03/21,05
https://www.bb.org.bd/mediaroom/circulars/fepd/mar212021fepdl05.pdf,"FEPD Circular Letter No. 05: Regarding taking license of Bangladesh Energy Regulatory Commission (BERC) for the import of petroleum products (HS Code No. 27.09, 27.10, 27.11, 27.12 and 27.13) according to Import Policy Oder, 2015-18",Not Available,21/03/21,05
https://www.bb.org.bd/mediaroom/circulars/psd/mar162021psd03.pdf,"PSD Circular No. 03: Issuance of PSP license to ""Green & Red Technologies Ltd""",Not Available,16/03/21,03
https://www.bb.org.bd/mediaroom/circulars/dos/mar162021dosl07.pdf,DOS Circular Letter No. 07: Dividend Declaration Policy for Banks,Not Available,16/03/21,07
https://www.bb.org.bd/mediaroom/circulars/dos/mar152021dosl06.pdf,DOS Circular Letter No. 06: Temporarily Closed Banking Operations of Global Islami Bank Limited due to Data Migration.,Not Available,15/03/21,06
https://www.bb.org.bd/mediaroom/circulars/fepd/mar152021fepdl04.pdf,"FEPD Circular Letter No. 04: Regarding Gazette Notification under section 23(2) of Foreign Exchange Regulation Act, 1947",Not Available,15/03/21,04
https://www.bb.org.bd/mediaroom/circulars/brpd/mar112021brpdl16.pdf,BRPD Circular Letter No. 16: Account Opening Form & KYC Profile of the Banks,Not Available,11/03/21,16
https://www.bb.org.bd/mediaroom/circulars/smespd/mar092021smespdl02.pdf,SMESPD Circular Letter No. 02: Special loan/investment facility provided to CMSME sector affected by Novel Corona Virus (COVID-19) pandemic,Not Available,09/03/21,02
https://www.bb.org.bd/mediaroom/circulars/fepd/mar082021fepdl03.pdf,FEPD Circular Letter No. 03: Submission of Wage Earners' Remittance data through Rationalized Input Template (RIT),Not Available,08/03/21,03
https://www.bb.org.bd/mediaroom/circulars/aml/mar082021bfiul01.pdf,BFIU Circular Letter No. 01: Regarding extension of time to implement guidelines for prevention of Trade Based Money Laundering,Not Available,07/03/21,01
https://www.bb.org.bd/mediaroom/circulars/psd/mar072021psd02e.pdf,PSD Circular No. 02: Regarding Commercial Advertisement in Different Print/Electronic/Social Media.,Not Available,07/03/21,02
https://www.bb.org.bd/mediaroom/circulars/dos/mar032021dosl05.pdf,DOS Circular Letter No. 05: Refinance scheme for providing term loan/investment facilities to establish or renovate and modernize the Cinema Halls.,Not Available,03/03/21,05
https://www.bb.org.bd/mediaroom/circulars/sd/mar022021sd01.pdf,SD Circular No. 01: Regarding updated format of SBS-2 and SBS-3 returns.,Not Available,02/03/21,01
https://www.bb.org.bd/mediaroom/circulars/fid/feb282021dfim02.pdf,DFIM Circular No. 02: Ensuring Proper Utilization of Loan/Lease/Advance,Not Available,28/02/21,02
https://www.bb.org.bd/mediaroom/circulars/dos/feb252021dosl04.pdf,DOS Circular Letter No. 04 : Instruction to take necessary measures to facilitate casting of vote for General Election of Pourashava and By-Election of Upazilla Parishad and Union Parishad,Not Available,25/02/21,04
https://www.bb.org.bd/mediaroom/circulars/brpd/feb242021brpdl15.pdf,BRPD Circular Letter No. 15: Time extension for repayment of loans/investments from stimulus Fund for active export oriented industries workers as salary due to breakout of Corona Virus (COVID-19).,Not Available,24/02/21,15
https://www.bb.org.bd/mediaroom/circulars/fid/feb242021dfim01.pdf,DFIM Circular No. 01: Regarding Dividend Declaration by Financial Institutions.,Not Available,24/02/21,01
https://www.bb.org.bd/mediaroom/circulars/brpd/feb232021brpdl14.pdf,BRPD Circular Letter No. 14: Guidelines on Internal Credit Risk Rating System,Not Available,23/02/21,14
https://www.bb.org.bd/mediaroom/circulars/brpd/feb232021brpdl13.pdf,BRPD Circular Letter No. 13: Directives to Prevent Outbreak of Corona Virus Disease 2019 (COVID-19),Not Available,23/02/21,13
https://www.bb.org.bd/mediaroom/circulars/brpd/feb222021brpdl12.pdf,BRPD Circular Letter No. 12: Offshore Banking Operation of the Banks.,Not Available,22/02/21,12
https://www.bb.org.bd/mediaroom/circulars/dmd/feb222021dmd01.pdf,DMD Circular No. 01: Opening Business Partner (BP) ID in Market Infrastructure (MI) Module.,Not Available,22/02/21,01
https://www.bb.org.bd/mediaroom/circulars/fid/feb182021dfiml03.pdf,DFIM Circular Letter No. 03: Regarding Transfer of Jute Sector Outstanding Loans to Block Account,Not Available,18/02/21,03
https://www.bb.org.bd/mediaroom/circulars/ismc/feb162021ismcl01.pdf,ISMD Circular Letter No. 01: Submission of Data to Integrated Supervision System (ISS),Not Available,16/02/21,01
https://www.bb.org.bd/mediaroom/circulars/brpd/feb142021brpd04.pdf,BRPD Circular No. 04: Refinance Scheme to support Cinema Hall Owners,Not Available,14/02/21,04
https://www.bb.org.bd/mediaroom/circulars/brpd/feb112021brpdl11.pdf,BRPD Circular Letter No. 11: To Complete Registration for COVID-19 Vaccine.,Not Available,11/02/21,11
https://www.bb.org.bd/mediaroom/circulars/dos/feb112021dosl03.pdf,DOS Circular Letter No. 03: Instruction to take necessary measures to facilitate casting of vote in Pourashavas polls.,Not Available,11/02/21,03
https://www.bb.org.bd/mediaroom/circulars/dos/feb072021dos01.pdf,DOS Circular No. 01: Dividend Declaration Policy for Banks,Not Available,07/02/21,01
https://www.bb.org.bd/mediaroom/circulars/dos/feb042021dosl02.pdf,DOS Circular Letter No. 02: Intermission of Banking Operations of Mercantile Bank Limited due to Data Centre Relocation.,Not Available,04/02/21,02
https://www.bb.org.bd/mediaroom/circulars/brpd/feb042021brpdl10.pdf,BRPD Circular Letter No. 10: Submission of VAT on Registration and Renewal Fee of Certificates issued by office of the Chief Controller of Import and Export in a single Invoice Code,Not Available,04/02/21,10
https://www.bb.org.bd/mediaroom/circulars/gbcrd/feb032021sfdl01.pdf,SFD Circular Letter No. 01: Refinance Scheme for Green Products/Initiatives/Projects,Not Available,03/02/21,01
https://www.bb.org.bd/mediaroom/circulars/smespd/feb012021smespd03.pdf,"SMESPD Circular No. 03: Credit Guarantee Scheme for Cottage, Micro and Small Enterprises",Not Available,01/02/21,03
https://www.bb.org.bd/mediaroom/circulars/brpd/jan312021brpdl09.pdf,BRPD Circular Letter No. 09: Offshore Banking Operation of the Banks.,Not Available,31/01/21,09
https://www.bb.org.bd/mediaroom/circulars/smespd/jan312021smespdl02.pdf,SMESPD Circular No. 02: Regarding Amendment of Manual of Credit Guarantee Scheme,Not Available,31/01/21,02
https://www.bb.org.bd/mediaroom/circulars/brpd/jan312021brpdl08.pdf,BRPD Circular Letter No. 08: To Emphasize on 'No Mask-No Service' Slogan,Not Available,31/01/21,08
https://www.bb.org.bd/mediaroom/circulars/brpd/jan312021brpd03.pdf,BRPD Circular No. 03: Loan Classification.,Not Available,31/01/21,03
https://www.bb.org.bd/mediaroom/circulars/fid/jan252021dfiml02.pdf,DFIM Circular Letter No. 02: Providing the list of officials for the purpose of availing COVID-19 vaccine,Not Available,25/01/21,02
https://www.bb.org.bd/mediaroom/circulars/dos/jan252021dosl01.pdf,DOS Circular Letter No. 01: Instruction to take necessary measures to facilitate casting of vote in CCC polls,Not Available,25/01/21,01
https://www.bb.org.bd/mediaroom/circulars/smespd/jan242021smespd01.pdf,SMESPD Circular No. 01: Regarding Selection of Lead Bank & Lead Bank Calendar-2021,Not Available,24/01/21,01
https://www.bb.org.bd/mediaroom/circulars/brpd/jan212021brpd02.pdf,"BRPD Circular No. 02: Submission of yearly statement to the Board of Directors by the Directors, Managing Directors and the officers immediate two tiers below the Managing Director regarding particulars of their own and of family business",Not Available,21/01/21,02
https://www.bb.org.bd/mediaroom/circulars/brpd/jan212021brpdl07.pdf,BRPD Circular Letter No. 07: Providing the list of officials for the purpose of availing COVID-19 vaccine,Not Available,21/01/21,07
https://www.bb.org.bd/mediaroom/circulars/fid/jan202021dfiml01.pdf,DFIM Circular Letter No. 01: Regarding Abolition of Requirement to use the General Seal of the Company.,Not Available,20/01/21,01
https://www.bb.org.bd/mediaroom/circulars/gbcrd/jan172021sfd02.pdf,SFD Circular No. 02: Refinance Fund for Technology Development/Up-gradation of Export Oriented Industries.,Not Available,17/01/21,02
https://www.bb.org.bd/mediaroom/circulars/smedp-2/jan132021smedp-2l02.pdf,SMEDP-2 Circular Letter No. 02: Enhancement of Refinance Ceiling and Working Capital Limit under SMEDP-2,Not Available,13/01/21,02
https://www.bb.org.bd/mediaroom/circulars/psd/jan122021psdl01.pdf,PSD Circular Letter No. 01: Issuance of PSO license to Portonics Limited.,Not Available,12/01/21,01
https://www.bb.org.bd/mediaroom/circulars/brpd/jan122021brpdl06.pdf,BRPD Circular Letter No. 06: Financial stimulus package to mitigate probable economic impact due to breakout of Novel Corona Virus (COVID-19),Not Available,12/01/21,06
https://www.bb.org.bd/mediaroom/circulars/gbcrd/jan112021sfd01.pdf,SFD Circular No. 01: Target and Achievement of Sustainable Finance & Green Finance.,Not Available,11/01/21,01
https://www.bb.org.bd/mediaroom/circulars/brpd/jan062021brpd01.pdf,BRPD Circular No. 01: Special Facilities for Institutions of Leather Sector which are Relocated to Tannery Industrial Estate at Savar,Not Available,06/01/21,01
https://www.bb.org.bd/mediaroom/circulars/brpd/jan062021brpdl05.pdf,BRPD Circular Letter No. 05: Guidelines on Internal Credit Risk Rating System,Not Available,06/01/21,05
https://www.bb.org.bd/mediaroom/circulars/psd/jan062021psd01.pdf,PSD Circular No. 01: Guidelines for 'Bangla QR' Code Based Payments,Not Available,06/01/21,01
https://www.bb.org.bd/mediaroom/circulars/brpd/jan042021brpdl03.pdf,"BRPD Circular Letter No. 03: Compliance of Firearms License Issue, Renewal & Use Policy-2016",Not Available,04/01/21,03
https://www.bb.org.bd/mediaroom/circulars/brpd/jan042021brpdl04.pdf,BRPD Circular Letter No. 04: Preserving audited financial statements in the loan file,Not Available,04/01/21,04
https://www.bb.org.bd/mediaroom/circulars/brpd/jan042021brpdl02.pdf,BRPD Circular Letter No. 02: Regarding Transfer of Jute Sector Outstanding Loans to Block Account.,Not Available,04/01/21,02
https://www.bb.org.bd/mediaroom/circulars/brpd/jan042021brpdl01.pdf,BRPD Circular Letter No. 01:Enlistment of insurance company by Bank.,Not Available,04/01/21,01
https://www.bb.org.bd/mediaroom/circulars/smespd/jan032021smespdl01.pdf,"SMESPD Circular Letter No. 01: Special loan/investment facility of BDT20,000 crore provided to CMSME sector affected by Novel Corona Virus (COVID-19) pandemic.",Not Available,03/01/21,01
https://www.bb.org.bd/mediaroom/circulars/brpd/dec312020brpdl61.pdf,"BRPD Circular Letter No. 61: Conversion of NRB Global Bank Ltd. to Islamic Bank renaming as ""Global Islami Bank Ltd""",Not Available,31/12/20,61
https://www.bb.org.bd/mediaroom/circulars/brpd/dec312020brpdl62.pdf,BRPD Circular Letter No. 62: Conversion of Standard Bank Ltd. to Islamic Bank.,Not Available,31/12/20,62
https://www.bb.org.bd/mediaroom/circulars/gbcrd/dec312020sfd06.pdf,SFD Circular No. 06: Sustainability Rating for Banks and Financial Institutions,Not Available,31/12/20,06
https://www.bb.org.bd/mediaroom/circulars/gbcrd/dec312020sfd05.pdf,SFD Circular No. 05: Sustainable Finance Policy for Banks and Financial Institutions Reporting Format,Not Available,31/12/20,05
https://www.bb.org.bd/mediaroom/circulars/brpd/dec302020brpdl60.pdf,BRPD Circular Letter No. 60: Providing documents for taking prior approval for appointing/reappointing directors of the banking companies,Not Available,30/12/20,60
https://www.bb.org.bd/mediaroom/circulars/dos/dec302020dosl41.pdf,DOS Circular Letter No. 41: Keeping scheduled bank branches open on 31/12/2020 for facilitating submission of nomination paper of related Pourashava areas.,Not Available,30/12/20,41
https://www.bb.org.bd/mediaroom/circulars/brpd/dec302020brpdl59.pdf,BRPD Circular Letter No. 59: Loan Classification,Not Available,30/12/20,59
https://www.bb.org.bd/mediaroom/circulars/acd/dec292020acdl03.pdf,ACD Circular Letter No. 03: Refinance scheme of 5000 crore taka for providing working capital in agriculture sector due to break-out of Novel Corona Virus.,Not Available,29/12/20,03
https://www.bb.org.bd/mediaroom/circulars/dos/dec272020dosl40.pdf,DOS Circular Letter No. 40: Instruction to take necessary measures to facilitate casting of vote by the voter employees of the related areas.,Not Available,27/12/20,40
https://www.bb.org.bd/mediaroom/circulars/brpd/dec272020brpd19.pdf,BRPD Circular No. 19: Providing Loan and Credit Card Facilities to IT Freelancers having virtual ID Card.,Not Available,27/12/20,19
https://www.bb.org.bd/mediaroom/circulars/dos/dec242020dosl39.pdf,DOS Circular Letter No. 39: Intermission of some Banking Services & Operations of Standard Bank Ltd. due to Migration from Conventional CBS to Islamic CBS,Not Available,24/12/20,39
https://www.bb.org.bd/mediaroom/circulars/dmd/dec212020dmdl09.pdf,DMD Circular Letter No. 09: Amendment of NRB Bond Rules,Not Available,21/12/20,09
https://www.bb.org.bd/mediaroom/circulars/dmd/dec202020dmdl10.pdf,DMD Circular Letter No. 10: Amendment of Sanchaypatra Rules & Policy,Not Available,20/12/20,10
https://www.bb.org.bd/mediaroom/circulars/brpd/dec152020brpdl58.pdf,"BRPD Circular Letter No. 58: Scheduling of ""CITIZENS BANK PLC"".",Not Available,15/12/20,58
https://www.bb.org.bd/mediaroom/circulars/brpd/dec152020brpdl57.pdf,BRPD Circular Letter No. 57: Abolition of requirement to use the general seal of the Company.,Not Available,15/12/20,57
https://www.bb.org.bd/mediaroom/circulars/brpd/dec102020brpdl56.pdf,BRPD Circular Letter No. 56: Loan Classification.,Not Available,10/12/20,56
https://www.bb.org.bd/mediaroom/circulars/dos/dec082020dosl38.pdf,DOS Circular Letter No. 38: Instruction to take necessary measures to facilitate casting of vote by the voter employees of the related areas.,Not Available,08/12/20,38
https://www.bb.org.bd/mediaroom/circulars/dmd/dec062020dmdl08.pdf,"DMD Circular Letter No. 08: Issuance of Duplicate of Lost, Stolen, Destroyed or Damaged Sanchaypatra through National Saving Scheme Online Management System.",Not Available,06/12/20,08
https://www.bb.org.bd/mediaroom/circulars/fepd/dec022020fepdl40.pdf,FEPD Circular Letter No. 40: Cash incentive against wage earners' remittances sent through legal channels,Not Available,02/12/20,40
https://www.bb.org.bd/mediaroom/circulars/dmd/nov302020dmdl07.pdf,"DMD Circular Letter No. 07:Regarding amendment of Sanchyapatra Rules, 1977 (Amended upto 23 May, 2015)",Not Available,30/11/20,07
https://www.bb.org.bd/mediaroom/circulars/dos/nov262020dosl37.pdf,DOS Circular Letter No. 37: Keeping scheduled bank branches OPEN at Sitakunda Municipality area on 27-28th November 2020 Friday and Saturday for facilitating submission of nomination paper,Not Available,26/11/20,37
https://www.bb.org.bd/mediaroom/circulars/smespd/nov262020smespdl16.pdf,"SMESPD Circular Letter No. 16: Special loan/investment facility of BDT20,000 crore provided to CMSME sector affected by Novel Corona Virus (COVID-19) pandemic.",Not Available,26/11/20,16
https://www.bb.org.bd/mediaroom/circulars/smedp-2/nov232020smedp-2l01.pdf,SMEDP-2 Circular Letter No. 01: Reduction of Interest Rate under Second Small and Medium Sized Enterprise Development Project (SMEDP2).,Not Available,23/11/20,01
https://www.bb.org.bd/mediaroom/circulars/smespd/nov192020smespdl14.pdf,SMESPD Circular Letter No. 14: Special loan/investment facility provided to CMSME sector affected by Novel Corona Virus (COVID-19) pandemic,Not Available,19/11/20,14
https://www.bb.org.bd/mediaroom/circulars/psd/nov162020psd09.pdf,PSD Circular No. 09: About Opening of Personal Retail Account.,Not Available,16/11/20,09
https://www.bb.org.bd/mediaroom/circulars/brpd/nov122020brpdl55.pdf,BRPD Circular Letter No. 55: Prohibiting presence of non-member at bank's Board Meetings,Not Available,12/11/20,55
https://www.bb.org.bd/mediaroom/circulars/fid/nov112020dfiml07.pdf,DFIM Circular Letter No. 07: Instruction to take necessary measures to facilitate casting of vote by the voter employees of the related constituents,Not Available,11/11/20,07
https://www.bb.org.bd/mediaroom/circulars/dos/nov112020dosl35.pdf,DOS Circular Letter No. 35: Instruction to take necessary measures to facilitate casting of vote by the voter employees of the related constituents.,Not Available,11/11/20,35
https://www.bb.org.bd/mediaroom/circulars/dmd/nov102020dmd06.pdf,DMD Circular No. 06: Selection of Benchmark Government Securities and Two-Way Price Quoting,Not Available,10/11/20,06
https://www.bb.org.bd/mediaroom/circulars/finincld/nov092020fidl02.pdf,"FID Circular Letter No. 02: Refinance Scheme for the COVID-19 affected low income professionals, farmers and holders of small and marginal businesses.",Not Available,09/11/20,02
https://www.bb.org.bd/mediaroom/circulars/smespd/nov032020smespd04.pdf,SMESPD Circular No. 04: Manual of Credit Guarantee Scheme,Not Available,03/11/20,04
https://www.bb.org.bd/mediaroom/circulars/brpd/nov032020brpdl54.pdf,BRPD Circular Letter No. 54: Signature of CEOs/Managing Directors of banks in the statements/reports for regular submission to the Central Bank,Not Available,03/11/20,54
https://www.bb.org.bd/mediaroom/circulars/smespd/nov012020smespdl13.pdf,SMESPD Circular Letter No. 13: Special loan/investment facility provided to CMSME sector affected by Novel Corona Virus (COVID-19) pandemic.,Not Available,01/11/20,13
https://www.bb.org.bd/mediaroom/circulars/fid/nov012020dfiml06.pdf,DFIM Circular Letter No. 06: Regarding Loan/Lease/Advance Classification for Financial Institutions.,Not Available,01/11/20,06
https://www.bb.org.bd/mediaroom/circulars/brpd/oct292020brpdl53.pdf,BRPD Circular Letter No. 53: Enhancement of working capital facilities under stimulus packages for industrial and service sector companies affected from the Novel Corona Virus (COVID-19) outbreak,Not Available,29/10/20,53
https://www.bb.org.bd/mediaroom/circulars/dos/oct282020dosl33.pdf,"DOS Circular Letter No. 33: Keeping scheduled bank branches closed in the election area on 29th October, 2020 Thursday for the occasion of General Election/By-Election of various Union Parishads",Not Available,28/10/20,33
https://www.bb.org.bd/mediaroom/circulars/smespd/oct282020smespdl12.pdf,SMESPD Circular Letter No. 12: Special loan/investment facility provided to CMSME sector affected by Novel Corona Virus(COVID-19) pandemic,Not Available,28/10/20,12
https://www.bb.org.bd/mediaroom/circulars/psd/oct222020psd07.pdf,PSD Circular No. 07: Launching Interoperable transactions among banks and MFS providers through National Payment Switch Bangladesh (NPSB),Not Available,22/10/20,07
https://www.bb.org.bd/mediaroom/circulars/dos/oct222020dosl32.pdf,DOS Circular Letter No. 32: DOS Circular Letter No. 32: Intermission of Banking Services of Mutual Trust Bank Ltd. due to Migration to New Core Banking Software,Not Available,22/10/20,32
https://www.bb.org.bd/mediaroom/circulars/smespd/oct212020smespdl11.pdf,SMESPD Circular Letter No. 11: Availing refinance facility against loan/investment disbursed to CMSME sector,Not Available,21/10/20,11
https://www.bb.org.bd/mediaroom/circulars/dmd/oct212020dmd05.pdf,DMD Circular No. 05: Guidelines on Sukuk Issue and Management under Shariah Based Investment Contract,Not Available,21/10/20,05
https://www.bb.org.bd/mediaroom/circulars/brpd/oct202020brpdl52.pdf,BRPD Circular Letter No. 52: Loan Classification and Provisioning,Not Available,20/10/20,52
https://www.bb.org.bd/mediaroom/circulars/fepd/oct202020fepd45.pdf,FEPD Circular No. 45: Submission of Application for Export subsidy/Cash incentive,Not Available,20/10/20,45
https://www.bb.org.bd/mediaroom/circulars/dos/oct192020dosl31.pdf,"DOS Circular Letter No. 31: Keeping scheduled bank branches closed in the election area on 20th October, 2020 Tuesday for the occasion of General Election/By-Election of various Union Parishads and Upazila Parishads.",Not Available,19/10/20,31
https://www.bb.org.bd/mediaroom/circulars/dos/oct182020dosl30.pdf,DOS Circular Letter No. 30: Modification of Basel III related Rationalised Input Template (RIT),Not Available,18/10/20,30
https://www.bb.org.bd/mediaroom/circulars/brpd/oct182020brpdl51.pdf,BRPD Circular Letter No. 51: Financial stimulus package to mitigate probable economic impact due to breakout of Novel Corona Virus (COVID-19),Not Available,18/10/20,51
https://www.bb.org.bd/mediaroom/circulars/psd/oct152020psdl12.pdf,PSD Circular Letter No. 12: Properly Informing Customers about Type and Charges of Mobile Financial Services (MFS).,Not Available,15/10/20,12
https://www.bb.org.bd/mediaroom/circulars/dos/oct142020dosl29.pdf,DOS Circular Letter No. 29: Keeping scheduled bank branches closed in the election area on 17th October 2020 Saturday for Election of 51 Naogaon-6 and 178 Dhaka-5 of Eleven National Parliament.,Not Available,14/10/20,29
https://www.bb.org.bd/mediaroom/circulars/brpd/oct132020brpd18.pdf,"BRPD Circular No. 18: To Allocate a Particular Number for Banking Diploma Examination, Part-1 and Part-2 in the Promotion Policy of Bank Officers.",Not Available,13/10/20,18
https://www.bb.org.bd/mediaroom/circulars/dos/oct082020dos28.pdf,"DOS Circular Letter No. 28 : Keeping scheduled bank branches closed in the election area on 10th October 2020 Saturday for General/By-Election of Union Parishads, Pourashavas & Upazilla Parishad.",Not Available,08/10/20,28
https://www.bb.org.bd/mediaroom/circulars/fepd/oct052020fepdl37.pdf,"FEPD Circular Letter No. 37: Transfer of fund upto 0.03% against export proceeds of 100% export oriented garment industries to Central Fund (RMG sector) A/C maintained at Sonali Bank Ltd, Ramna Corporate Branch",Not Available,05/10/20,37
https://www.bb.org.bd/mediaroom/circulars/brpd/oct012020brpdl50.pdf,BRPD Circular Letter No. 50: To include all industries of BEZA/BEPZA/Hi-Tech Park under stimulus packages declared by the Government due to breakout of Novel Corona Virus (COVID-19).,Not Available,01/10/20,50
https://www.bb.org.bd/mediaroom/circulars/fepd/sep302020fepdl36.pdf,FEPD Circular Letter No. 36: Cash incentive against wage earners' remittances sent through legal channels,Not Available,30/09/20,36
https://www.bb.org.bd/mediaroom/circulars/fepd/sep302020fepdl35.pdf,FEPD Circular Letter No. 35: Instructions to be followed for sending application to Bangladesh Bank.,Not Available,30/09/20,35
https://www.bb.org.bd/mediaroom/circulars/brpd/sep292020brpdl49.pdf,BRPD Circular Letter No. 49:Loan Rescheduling of Leather Sector for the Purpose of Purchasing Raw Hides.,Not Available,29/09/20,49
https://www.bb.org.bd/mediaroom/circulars/brpd/sep292020brpdl48.pdf,BRPD Circular Letter No. 48: Determination of risk weight against investments in different forms of Alternative Investment,Not Available,29/09/20,48
https://www.bb.org.bd/mediaroom/circulars/brpd/sep282020brpd17.pdf,BRPD Circular No. 17: Loan Classification.,Not Available,28/09/20,17
https://www.bb.org.bd/mediaroom/circulars/smespd/sep282020smespdl10.pdf,SMESPD Circular Letter No. 10: Refinance Scheme for providing working capital loan/investment facility to CMSME sector affected by COVID-19 pandemic.,Not Available,28/09/20,10
https://www.bb.org.bd/mediaroom/circulars/eef/sep272020eefl01_eoiform%20.pdf,EEF Circular Letter No. 01: Submission of EOI for establishment of Food Processing & Agro-based and ICT Projects under Entrepreneurship Support Fund' (ESF) Loan EOI Form  |  Guideline of EOI Form  |  ESF Policies,Not Available,27/09/20,01
https://www.bb.org.bd/mediaroom/circulars/finincld/sep272020fidl01.pdf,"FID Circular Letter No. 01: Refinance Scheme for the COVID-19 affected low income professionals, farmers and holders of small and marginal businesses.",Not Available,27/09/20,01
https://www.bb.org.bd/mediaroom/circulars/brpd/sep242020brpdl47.pdf,BRPD Circular Letter No. 47: Fixing Rate of Interest/Profit on Credit Card.,Not Available,24/09/20,47
https://www.bb.org.bd/mediaroom/circulars/dos/sep242020dosl27.pdf,DOS Circular Letter No. 27: Constitution of Special Fund for Capital Market and Investment Policy.,Not Available,24/09/20,27
https://www.bb.org.bd/mediaroom/circulars/fepd/sep232020fepdl34.pdf,FEPD Circular Letter No. 34: Cash incentive against wage earners' remittances sent through legal channels,Not Available,23/09/20,34
https://www.bb.org.bd/mediaroom/circulars/dos/sep222020dosl26.pdf,DOS Circular Letter No. 26: Keeping scheduled bank branches closed in the election area on 26th September 2020 Saturday for Election of 71 Pabna-4 of National Parliament.,Not Available,22/09/20,26
https://www.bb.org.bd/mediaroom/circulars/smespd/sep212020smespdl09.pdf,SMESPD Circular Letter No. 09: Monitoring of CMSME loan/investment disbursed under stimulus package for COVID-19,Not Available,21/09/20,09
https://www.bb.org.bd/mediaroom/circulars/fepd/linkedcirculars_sep212020fepd39.pdf,FEPD Circular No. 39: Export subsidy/Cash incentive for the financial year 2020-2021 Linked Circulars,Not Available,21/09/20,39
https://www.bb.org.bd/mediaroom/circulars/fepd/sep212020fepdl33.pdf,FEPD Circular Letter No. 33: Appointment of Audit firm for Cash incentive/Export subsidy in textile and other sectors.,Not Available,21/09/20,33
https://www.bb.org.bd/mediaroom/circulars/acd/sep202020acdl02.pdf,ACD Circular Letter No. 02: Refinance scheme of 5000 crore taka for providing working capital in agriculture sector due to break-out of Novel Corona Virus,Not Available,20/09/20,02
https://www.bb.org.bd/mediaroom/circulars/brpd/sep172020brpdl46.pdf,BRPD Circular Letter No. 46:L/C Margin for Onion Import.,Not Available,17/09/20,46
https://www.bb.org.bd/mediaroom/circulars/dmd/sep102020dmdl06.pdf,DMD Circular Letter No. 06: Regarding auto reinvestment in 5-years term Bangladesh Schanchyapatra.,Not Available,10/09/20,06
https://www.bb.org.bd/mediaroom/circulars/fepd/sep102020fepdl31.pdf,"FEPD Circular Letter No. 31: ""Cash incentive against wage earners' remittances sent through legal channels.",Not Available,10/09/20,31
https://www.bb.org.bd/mediaroom/circulars/gbcrd/sep092020sfdl05.pdf,SFD Circular Letter No. 05: Regarding Green Finance Target.,Not Available,09/09/20,05
https://www.bb.org.bd/mediaroom/circulars/dmd/sep072020dmdl05.pdf,DMD Circular Letter No. 05: Regarding Further Clarification of the Rule related to,Not Available,07/09/20,05
https://www.bb.org.bd/mediaroom/circulars/ismc/sep072020ismc01.pdf,ISMD Circular No. 01: Master Circular Regarding Submission of Data to Integrated Supervision System(ISS),Not Available,07/09/20,01
https://www.bb.org.bd/mediaroom/circulars/psd/sep062020psdl11.pdf,PSD Circular Letter No. 11: To revise the transaction limit in Internet Banking Fund Transfer(IBFT) through NPSB.,Not Available,06/09/20,11
https://www.bb.org.bd/mediaroom/circulars/smespd/sep032020smespdl08.pdf,SMESPD Circular Letter No. 08:Special Loan or Investment facility for CMSME sector affected by COVID-19 pandemic.,Not Available,03/09/20,08
https://www.bb.org.bd/mediaroom/circulars/brpd/sep032020brpdl45.pdf,"BRPD Circular Letter No. 45: Regarding registration of textile Industries including buying houses under The Textile Act, 2018",Not Available,03/09/20,45
https://www.bb.org.bd/mediaroom/circulars/brpd/sep022020brpdl44.pdf,BRPD Circular Letter No. 44: Ensuring proper utilization of loan.,Not Available,02/09/20,44
https://www.bb.org.bd/mediaroom/circulars/smespd/aug312020smespdl07.pdf,SMESPD Circular Letter No. 07: Special Loan or Investment facility for CMSME sector affected by COVID-19 pandemic.,Not Available,31/08/20,07
https://www.bb.org.bd/mediaroom/circulars/brpd/aug312020brpdl43.pdf,BRPD Circular Letter No. 43:Avoidance of the increasing trend of rate of interest on existing loan account,Not Available,31/08/20,43
https://www.bb.org.bd/mediaroom/circulars/gbcrd/aug272020sfdl04.pdf,SFD Circular Letter No. 04: Refinance Scheme for Pre-Shipment Credit to Mitigate the Crisis due to Novel Corona Virus,Not Available,27/08/20,04
https://www.bb.org.bd/mediaroom/circulars/fid/aug262020dfiml05.pdf,DFIM Circular Letter No. 05: Regarding Loan/Lease/Advance Classification for Financial Institutions,Not Available,26/08/20,05
https://www.bb.org.bd/mediaroom/circulars/fepd/aug252020fepd35.pdf,FEPD Circular No. 35: Export subsidy for SME in textile/RMG sectors.,Not Available,25/08/20,35
https://www.bb.org.bd/mediaroom/circulars/brpd/aug232020brpdl42.pdf,BRPD Circular Letter No. 42: Refinance Scheme for Pre-Shipment Credit to Mitigate the Crisis due to Novel Coronavirus,Not Available,23/08/20,42
https://www.bb.org.bd/mediaroom/circulars/brpd/aug182020brpdl41.pdf,BRPD Circular Letter No. 41: Directives to Prevent Outbreak of Corona Virus Disease 2019 (COVID-19),Not Available,18/08/20,41
https://www.bb.org.bd/mediaroom/circulars/fepd/aug122020fepdl29.pdf,FEPD Circular Letter No. 29: Appointment of Audit firm for Cash incentive/Export subsidy in textile and other sectors.,Not Available,12/08/20,29
https://www.bb.org.bd/mediaroom/circulars/fid/aug092020dfiml04.pdf,DFIM Circular Letter No. 04: Regarding extension of term to maturity of term loans and leases for Financial Institutions.,Not Available,09/08/20,04
https://www.bb.org.bd/mediaroom/circulars/dos/aug062020dosl25.pdf,DOS Circular Letter No. 25: Regarding Refinance Scheme against Stimulus Packages for Large Industry and Service sector,Not Available,06/08/20,25
https://www.bb.org.bd/mediaroom/circulars/dos/jul302020dosl24.pdf,DOS Circular Letter No. 24: Policy Regarding Investment in Equity Shares of Private Infrastructure Companies under DOS Circular no-03/2019 by the Scheduled banks,Not Available,30/07/20,24
https://www.bb.org.bd/mediaroom/circulars/feod/jul302020feodl01.pdf,FEOD Circular Letter No. 01: Regarding Submission Hard Copy of Licenced Money Changer's (MCs) Transactions,Not Available,30/07/20,01
https://www.bb.org.bd/mediaroom/circulars/brpd/jul302020brpdl40.pdf,BRPD Circular Letter No. 40: Account Opening Form & KYC Profile of the Banks,Not Available,30/07/20,40
https://www.bb.org.bd/mediaroom/circulars/acd/jul292020acdl01.pdf,ACD Circular Letter No. 01: Strengthening agricultural loan disbursement among the three hill tract people of country.,Not Available,29/07/20,01
https://www.bb.org.bd/mediaroom/circulars/mpd/jul292020mpd06.pdf,MPD Circular No. 06: Re-fixation of Bank Rate.,Not Available,29/07/20,06
https://www.bb.org.bd/mediaroom/circulars/mpd/jul292020mpd05.pdf,MPD Circular No. 05: Re-fixation of Repo and Reverse Repo interest rates of Bangladesh Bank.,Not Available,29/07/20,05
https://www.bb.org.bd/mediaroom/circulars/psd/jul292020psd06.pdf,"PSD Circular No. 06: Ensuring uninterrupted ATM, POS, e-PG, and MFS services during the Eid-ul-Adha vacation.",Not Available,29/07/20,06
https://www.bb.org.bd/mediaroom/circulars/dos/jul282020dosl23.pdf,"DOS Circular Letter No. 23 : Keeping branches of scheduled banks open in specified areas on 31 July, 2020",Not Available,28/07/20,23
https://www.bb.org.bd/mediaroom/circulars/brpd/jul272020brpdl39.pdf,BRPD Circular Letter No. 39:Extension of Banking Hour as well as Keeping the Bank Branches Open in the Dhaka,Not Available,27/07/20,39
https://www.bb.org.bd/mediaroom/circulars/smespd/jul272020smespd03.pdf,"SMESPD Circular No. 03:Credit Guarantee Scheme for Cottage, Micro and Small Enterprises",Not Available,27/07/20,03
https://www.bb.org.bd/mediaroom/circulars/dcm/jul232020dcmb02.pdf,"DCM Circular Letter No. 02 Providing note detecting services by the officials of scheduled banks to the cattle traders in ""Qurbani haat"" for prevention of fake notes.",Not Available,23/07/20,02
https://www.bb.org.bd/mediaroom/circulars/acd/jul232020acd4.pdf,ACD Circular No. 4: Agriculture loan facility for the flood affected farmers.,Not Available,23/07/20,4
https://www.bb.org.bd/mediaroom/circulars/smespd/jul232020smespdl06.pdf,SMESPD Circular Letter No. 06: Making Loan/Investment Application more Borrower Friendly for CMSME Entrepreneur.,Not Available,23/07/20,06
https://www.bb.org.bd/mediaroom/circulars/acd/jul222020acd03.pdf,ACD Circular No. 03:Agricultural & Rural Credit Policy and Program for the FY 2020-2021,Not Available,22/07/20,03
https://www.bb.org.bd/mediaroom/circulars/brpd/jul222020brpdl38.pdf,BRPD Circular Letter No. 38:Refinance Scheme for Pre-Shipment Credit to Mitigate the Crisis due to Novel Coronavirus,Not Available,22/07/20,38
https://www.bb.org.bd/mediaroom/circulars/dos/jul222020dosl22.pdf,DOS Circular Letter No. 22: Keeping branches of scheduled banks open in specified areas on 25 July 2020,Not Available,22/07/20,22
https://www.bb.org.bd/mediaroom/circulars/dmd/jul212020dmd4.pdf,"DMD Circular No. 4: Formation of ""Government Securities Investment Window"" for providing cliental services of Treasury Bills and Bonds.",Not Available,21/07/20,4
https://www.bb.org.bd/mediaroom/circulars/brpd/jul202020brpdl37.pdf,BRPD Circular Letter No. 37: Loan Rescheduling of Leather Sector for the Purpose of Purchasing Raw Hides,Not Available,20/07/20,37
https://www.bb.org.bd/mediaroom/circulars/dcp/jul142020dcp03.pdf,"DCP Circular No. 03: Distribution of Art Collection of Bangladesh Bank-Paintings, Murals, Sculpture",Not Available,14/07/20,03
https://www.bb.org.bd/mediaroom/circulars/fepd/jul142020fepd27.pdf,FEPD Circular No. 27: Export subsidy against the export of Light engineering products in advance TT.,Not Available,14/07/20,27
https://www.bb.org.bd/mediaroom/circulars/dos/jul132020dosl21.pdf,DOS Circular Letter No. 21: Keeping scheduled bank branches closed in the election area on 14th July 2020 Tuesday for Election of 36 Bogura-1 and 90 Jashore-6 of National Parliament.,Not Available,13/07/20,21
https://www.bb.org.bd/mediaroom/circulars/brpd/jul092020brpdl36.pdf,BRPD Circular Letter No. 36 : Loan Rescheduling of Leather Sector for the Purpose of Purchasing Raw Hides.,Not Available,09/07/20,36
https://www.bb.org.bd/mediaroom/circulars/finincld/jul062020fid02.pdf,FID Circular No. 02: Disbursement of cash assistance to 50 Lac COVID-19 affected families during Mujibborsho,Not Available,06/07/20,02
https://www.bb.org.bd/mediaroom/circulars/brpd/jul052020brpd15.pdf,BRPD Circular No. 15: Loan Rescheduling of Leather Sector for the Purpose of Purchasing Raw Hides,Not Available,05/07/20,15
https://www.bb.org.bd/mediaroom/circulars/brpd/jul022020brpdl35.pdf,BRPD Circular Letter No. 35: Implementation of stimulus packages declared by Bangladesh Bank.,Not Available,02/07/20,35
https://www.bb.org.bd/mediaroom/circulars/brpd/jun302020brpdl34.pdf,BRPD Circular Letter No. 34: Conducting Board Meeting through video conference to prevent outbreak of Coronavirus (COVID-19).,Not Available,30/06/20,34
https://www.bb.org.bd/mediaroom/circulars/brpd/jun252020brpdl33.pdf,BRPD Circular Letter No. 33: Financial stimulus package to mitigate probable economic impact due to breakout of Novel Corona Virus (COVID-19).,Not Available,25/06/20,33
https://www.bb.org.bd/mediaroom/circulars/smespd/jun222020smespdl05.pdf,"SMESPD Circular Letter No. 05: Regarding reporting of Special Working Capital facility for CMSME sector under Financial Incentive package-TK 20,000 Crore.",Not Available,22/06/20,05
https://www.bb.org.bd/mediaroom/circulars/fid/jun212020dfim03.pdf,DFIM Circular No. 03:Re-fixation of Cash Reserve Ratio (CRR) of Financial Institutions,Not Available,21/06/20,03
https://www.bb.org.bd/mediaroom/circulars/brpd/jun182020brpdl32.pdf,BRPD Circular Letter No. 32: The responsibilities of Banks to implement financial stimulus packages declared by government to mitigate negative impact of COVID-19 on Economy.,Not Available,18/06/20,32
https://www.bb.org.bd/mediaroom/circulars/brpd/jun182020brpd14.pdf,BRPD Circular No. 14: Incentives to Good Borrowers.,Not Available,18/06/20,14
https://www.bb.org.bd/mediaroom/circulars/brpd/jun182020brpd31.pdf,BRPD Circular Letter No. 31: Policy for Offshore Banking Operation of the Banks.,Not Available,18/06/20,31
https://www.bb.org.bd/mediaroom/circulars/fepd/jun172020fepd2940.pdf,FEPD Letter FEPD(A&NFBP)/101/2020-2940 : Updates on foreign exchange transactions,Not Available,17/06/20,
https://www.bb.org.bd/mediaroom/circulars/aml/jun162020bfiu26.pdf,"BFIU Circular No. 26:Instructions to be followed by the schedule banks for prevention of money laundering, terrorist financing and proliferation financing",Not Available,16/06/20,26
https://www.bb.org.bd/mediaroom/circulars/gbcrd/jun162020sfdl03.pdf,SFD Circular Letter No. 03: Allocation of CSR budget for health sector for combating situation arised from Corona virus in the country.,Not Available,16/06/20,03
https://www.bb.org.bd/mediaroom/circulars/dos/jun152020dosl20.pdf,DOS Circular Letter No. 20: Conducting Banking Operation in Coronavirus affected Zones,Not Available,15/06/20,20
https://www.bb.org.bd/mediaroom/circulars/brpd/jun152020brpd13.pdf,BRPD Circular No. 13: Loan Classification.,Not Available,15/06/20,13
https://www.bb.org.bd/mediaroom/circulars/brpd/jun112020brpdl30.pdf,BRPD Circular Letter No. 30: Financial stimulus package to mitigate probable economic impact due to breakout of Novel Corona Virus (COVID-19),Not Available,11/06/20,30
https://www.bb.org.bd/mediaroom/circulars/brpd/jun102020brpd12.pdf,BRPD Circular No. 12: Transfer of Interest/Profit to non-Interest bearing blocked account during 01 April 2020 to 31 May 2020 considering the business situation due to breakout of Corona Virus (COVID-19).,Not Available,10/06/20,12
https://www.bb.org.bd/mediaroom/circulars/fid/jun072020dfim02.pdf,DFIM Circular No. 02: Issuance of License to a New Financial Institution,Not Available,07/06/20,02
https://www.bb.org.bd/mediaroom/circulars/dos/jun072020dosl19.pdf,DOS Circular Letter No. 19: Dividend Policy for banks for the year 2019.,Not Available,07/06/20,19
https://www.bb.org.bd/mediaroom/circulars/psd/jun042020psdl03.pdf,PSD Circular Letter No. 03: Issuance of PSP license to Recursion Fintech Ltd.,Not Available,04/06/20,03
https://www.bb.org.bd/mediaroom/circulars/fepd/jun022020fepdl21.pdf,FEPD Circular Letter No. 21: Appointment of Audit firm for Cash incentive/Export subsidy in textile and other sectors,Not Available,02/06/20,21
https://www.bb.org.bd/mediaroom/circulars/brpd/jun012020brpdl29.pdf,BRPD Circular Letter No. 29: Late Payment of Installment against DPS and other Savings Scheme due to Novel Corona Virus.,Not Available,01/06/20,29
https://www.bb.org.bd/mediaroom/circulars/fid/jun012020dfiml03.pdf,DFIM Circular Letter No. 03: Deferral Submission of the Regulatory Statements to Department of Financial Institutions and Markets.,Not Available,01/06/20,03
https://www.bb.org.bd/mediaroom/circulars/dos/may282020dosl18.pdf,DOS Circular Letter No. 18: Starting Normal Banking Business,Not Available,28/05/20,18
https://www.bb.org.bd/mediaroom/circulars/dos/may192020dosl17.pdf,"DOS Circular Letter No. 17: Keeping scheduled bank branches of garments industry area open on 22 and 23 May, 2020 for the payment of garment workers' wages, bonus and other allowances before Eid-ul-Fitr",Not Available,19/05/20,17
https://www.bb.org.bd/mediaroom/circulars/brpd/may172020brpdl28.pdf,BRPD Circular Letter No. 28: Implementation of Instructions at Technical Guidelines on COVID-19 for Banks issued by DGHS under Ministry of Health,Not Available,17/05/20,28
https://www.bb.org.bd/mediaroom/circulars/brpd/may172020brpdl27.pdf,BRPD Circular Letter No. 27: Special Incentives for the Bankers' working at Bank premises during the General Holidays for COVID-19 Pandemic declared by the Government,Not Available,17/05/20,27
https://www.bb.org.bd/mediaroom/circulars/brpd/may172020brpdl26.pdf,BRPD Circular Letter No. 26:Conducting Board Meeting through video conference to prevent outbreak of Coronavirus COVID-19,Not Available,17/05/20,26
https://www.bb.org.bd/mediaroom/circulars/psd/may132020psd04.pdf,PSD Circular No. 04 : Disbursement of Cash assistance for 50 Lac distressed families through MFS,Not Available,13/05/20,04
https://www.bb.org.bd/mediaroom/circulars/dmd/may132020dmd02.pdf,DMD Circular No. 02: Term Repo (360 Days) facilities to mitigate the crisis due to novel corona virus (COVID19),Not Available,13/05/20,02
https://www.bb.org.bd/mediaroom/circulars/fepd/may122020fepdl20.pdf,FEPD Circular Letter No. 20: Cash incentives against remittance sent in legitimate way,Not Available,12/05/20,20
https://www.bb.org.bd/mediaroom/circulars/smespd/may122020smespdl03.pdf,"SMESPD Circular Letter No. 03: Special Working Capital facility for CMSME sector under Financial Incentive package-TK 20,000 Crore",Not Available,12/05/20,03
https://www.bb.org.bd/mediaroom/circulars/dos/may112020dos03.pdf,DOS Circular No. 03: Dividend Policy for banks for the year 2019.,Not Available,11/05/20,03
https://www.bb.org.bd/mediaroom/circulars/brpd/may102020brpdl25.pdf,BRPD Circular Letter No. 25: Financial stimulus package to mitigate probable economic impact due to breakout of Novel Corona Virus (COVID-19),Not Available,10/05/20,25
https://www.bb.org.bd/mediaroom/circulars/smespd/may072020smespdl02.pdf,"SMESPD Circular Letter No. 02: A few amendments applicable for existing ""Small Enterprise Refinance Scheme"", ""Refinance Scheme for Setting up Agro Based Product Processing Industries in Rural Areas"", & ""Refinance Scheme for New Entrepreneurs in Cottage, Micro and Small Enterprise Sector"" to support CMSME.",Not Available,07/05/20,02
https://www.bb.org.bd/mediaroom/circulars/brpd/may052020brpdl24.pdf,BRPD Circular Letter No. 24: Special Incentives for the Bankers' working at Bank premises during the General Holidays for COVID-19 Pandemic declared by the Government .,Not Available,05/05/20,24
https://www.bb.org.bd/mediaroom/circulars/dos/may052020dosl16.pdf,DOS Circular Letter No. 16:Conducting Banking Operation Under General Holiday.,Not Available,05/05/20,16
https://www.bb.org.bd/mediaroom/circulars/brpd/may042020brpdl23.pdf,BRPD Circular Letter No 23: Transfer of Interest/Profit to non-interest-bearing blocked account during 01 April 2020 to 31 May 2020 considering the business situation due to breakout of Corona Virus (COVID-19),Not Available,04/05/20,23
https://www.bb.org.bd/mediaroom/circulars/brpd/may032020brpdl22.pdf,BRPD Circular Letter No. 22: Financial stimulus package to mitigate probable economic impact due to breakout of Novel Corona Virus (COVID-19),Not Available,03/05/20,22
https://www.bb.org.bd/mediaroom/circulars/brpd/may032020brpd11.pdf,BRPD Circular No. 11:Transfer of Interest/Profit to non-Interest bearing blocked account during 01 April 2020 to 31 May 2020 considering the business situation due to breakout of Corona Virus (COVID-19),Not Available,03/05/20,11
https://www.bb.org.bd/mediaroom/circulars/dmd/may032020dmdl04.pdf,"DMD Circular Letter No. 04:Resuming all activities (Issue, Reissue and others) of NRB Bond",Not Available,03/05/20,04
https://www.bb.org.bd/mediaroom/circulars/gbcrd/apr302020sfd02.pdf,"SFD Circular No. 02:Master Circular :"" Refinance Scheme for Environment Friendly Products / Initiatives / Projects""",Not Available,30/04/20,02
https://www.bb.org.bd/mediaroom/circulars/dmd/apr302020dmdl03.pdf,DMD Circular No. 03: Resuming all transactions of National savings scheme(Sanchaypatra) during general holidays.,Not Available,30/04/20,03
https://www.bb.org.bd/mediaroom/circulars/smespd/apr302020smespdl01.pdf,"SMESPD Circular Letter No. 01: Reporting, monitoring, loan disbursement, and other issues (related to SMESPD Circular-1/2020) under special incentive package for CMSME sector.",Not Available,30/04/20,01
https://www.bb.org.bd/mediaroom/circulars/brpd/apr272020brpdl21.pdf,BRPD Circular Letter No. 21: Loans/Investments from stimulus Fund with minimum service charge (one time at 2%) for active export-oriented industries due to breakout of Corona Virus (COVID-19).,Not Available,27/04/20,21
https://www.bb.org.bd/mediaroom/circulars/acd/apr272020acd02.pdf,ACD Circular No. 02: Circular for Providing agricultural loan at 4% concessional interest rate in the crop sector to mitigate the crisis due to novel corona virus,Not Available,27/04/20,02
https://www.bb.org.bd/mediaroom/circulars/dos/apr272020dosl15.pdf,DOS Circular Letter No. 15: Time extension for submitting annual audited balance sheet of shedule bank,Not Available,27/04/20,15
https://www.bb.org.bd/mediaroom/circulars/smespd/apr262020smespd02.pdf,"SMESPD Circular No. 02:Tk 10,000 Crore Refinance Scheme for CMSME sector to provide working capital facility to the Entrepreneurs.",Not Available,26/04/20,02
https://www.bb.org.bd/mediaroom/circulars/fepd/apr262020fepdl17.pdf,"FEPD Circular Letter No. 17 Necessary cooperation for continuation of production, transport and supply chain of essential commodities and electronic goods amid Coronavirus outbreak",Not Available,26/04/20,17
https://www.bb.org.bd/mediaroom/circulars/brpd/apr232020brpd10.pdf,BRPD Circular No. 10: Refinance scheme for providing working capital loan/investment facilities in large industrial and service sector,Not Available,23/04/20,10
https://www.bb.org.bd/mediaroom/circulars/dos/apr232020dosl14.pdf,DOS Circular Letter No. 14: Conducting Banking Operation in Limited Scale,Not Available,23/04/20,14
https://www.bb.org.bd/mediaroom/circulars/psd/apr232020psdl10.pdf,"PSD Circular Letter No. 10: About charges to be applied for ""Cash out"" of the salaries of workers of export oriented industries",Not Available,23/04/20,10
https://www.bb.org.bd/mediaroom/circulars/dmd/apr222020dmdl02.pdf,DMD Circular Letter No. 02: Incorporating NRB Bond encashment and coupon payment functions to the limited scale Banking sevices,Not Available,22/04/20,02
https://www.bb.org.bd/mediaroom/circulars/gbcrd/apr222020sfd01.pdf,SFD Circular No. 01: Refinance Scheme for Pre-Shipment Credit to Mitigate the Crisis due to Novel Corona Virus.,Not Available,22/04/20,01
https://www.bb.org.bd/mediaroom/circulars/psd/apr222020psdl09.pdf,"PSD Circular Letter No. 09: BACH time schedule for Ramadan, Hijri-1441 (2020)",Not Available,22/04/20,09
https://www.bb.org.bd/mediaroom/circulars/finincld/apr202020fid01.pdf,"FID Circular No. 01: Refinance Scheme for the affected low income professionals, farmers, micro businessmen due to COVID 19.",Not Available,20/04/20,01
https://www.bb.org.bd/mediaroom/circulars/gbcrd/apr192020sfdl02.pdf,SFD Circular Letter No. 02:Deferral of the Regulatory Statement Submission to Sustainable Finance Department,Not Available,19/04/20,02
https://www.bb.org.bd/mediaroom/circulars/fepd/apr192020fepdl13.pdf,"FEPD Circular Letter No. 13:Necessary arrangement for continuation of production, transport and supply chain of essential commodities during COVID-19 epidemic",Not Available,19/04/20,13
https://www.bb.org.bd/mediaroom/circulars/dos/apr162020dosl13.pdf,DOS Circular Letter No. 13: Conducting Banking Operation in Limited Scale.,Not Available,16/04/20,13
https://www.bb.org.bd/mediaroom/circulars/brpd/apr152020brpdl20.pdf,BRPD Circular Letter No. 20: Interest calculation on Credit Card Bills due to Novel Corona virus.,Not Available,15/04/20,20
https://www.bb.org.bd/mediaroom/circulars/brpd/apr152020brpdl19.pdf,BRPD Circular Letter No. 19: Loans/Investments from stimulus Fund with minimum service charge (one time at 2%) for active export oriented industries due to breakout of Corona Virus (COVID-19).,Not Available,15/04/20,19
https://www.bb.org.bd/mediaroom/circulars/brpd/apr152020brpdl18.pdf,BRPD Circular Letter No. 18: Special Health Insurance for the Bankers' working at Bank premises during the General Holidays for COVID-19 Pandemic declared by the Government.,Not Available,15/04/20,18
https://www.bb.org.bd/mediaroom/circulars/smespd/apr132020smespd01.pdf,"SMESPD Circular No. 01: Special Working Capital facility for CMSME sector under Financial Incentive package-TK 20,000 Crore",Not Available,13/04/20,01
https://www.bb.org.bd/mediaroom/circulars/brpd/apr132020brpd09.pdf,BRPD Circular No. 09:Refinance Scheme for Pre-Shipment Credit to Mitigate the Crisis due to Novel Corona Virus,Not Available,13/04/20,09
https://www.bb.org.bd/mediaroom/circulars/acd/apr132020acd01.pdf,ACD Circular No. 01:Refinance scheme of 5000 crore taka for providing working capital in agriculture sector due to break-out of Novel Corona Virus,Not Available,13/04/20,01
https://www.bb.org.bd/mediaroom/circulars/brpd/apr122020brpdl17.pdf,BRPD Circular Letter No. 17: Special Incentives for the Bankers' working at Bank premises during the General Holidays for COVID-19 Pandemic declared by the Government,Not Available,12/04/20,17
https://www.bb.org.bd/mediaroom/circulars/brpd/apr122020brpd8.pdf,BRPD Circular No. 8: Financial stimulus package to mitigate probable economic impact due to breakout of Novel Corona Virus (COVID-19),Not Available,12/04/20,8
https://www.bb.org.bd/mediaroom/circulars/dos/apr122020dosl12.pdf,DOS Circular Letter No. 12: Deferral of the Regulatory Statement Submission to the Department of Off-Site Supervision,Not Available,12/04/20,12
https://www.bb.org.bd/mediaroom/circulars/dos/apr122020dos2.pdf,DOS Circular No.02: Regarding Advance-Deposit Ratio-Investment-Deposit Ratio,Not Available,12/04/20,02
https://www.bb.org.bd/mediaroom/circulars/psd/apr122020psdl8.pdf,PSD Circular Letter No. 8: To maintain uninterrupted Mobile Financial Services,Not Available,12/04/20,8
https://www.bb.org.bd/mediaroom/circulars/brpd/apr112020brpdl16.pdf,BRPD Circular Letter No. 16: Deferral of the Regulatory Statement Submission to the Banking Regualtion and Policy Department (BRPD),Not Available,11/04/20,16
https://www.bb.org.bd/mediaroom/circulars/brpd/apr112020brpd15.pdf,"BRPD Circular Letter No. 15: Exemptation from the section 26kha(1) of the Bank Company Act, 1991.",Not Available,11/04/20,15
https://www.bb.org.bd/mediaroom/circulars/mpd/apr092020mpd04.pdf,MPD Circular No. 04: Re-fixation of Repo interest rate of Bangladesh Bank,Not Available,09/04/20,04
https://www.bb.org.bd/mediaroom/circulars/mpd/apr092020mpd03.pdf,MPD Circular No. 03: Change of Cash Reserve Ratio (CRR),Not Available,09/04/20,03
https://www.bb.org.bd/mediaroom/circulars/dos/apr092020dosl11.pdf,DOS Circular Letter No. 11: Conducting Banking Operation in Limited Scale,Not Available,09/04/20,11
https://www.bb.org.bd/mediaroom/circulars/brpd/apr082020brpdl14.pdf,BRPD Circular Letter No. 14: Loans/Investments from stimulus Fund with a minimum service charge (one time at 2%) for active export oriented industries due to breakout of Corona Virus (COVID-19).,Not Available,08/04/20,14
https://www.bb.org.bd/mediaroom/circulars/brpd/apr082020brpdl13.pdf,BRPD Circular Letter No. 13: Directives to Prevent Outbreak of Corona Virus Disease 2019 (COVID-19).,Not Available,08/04/20,13
https://www.bb.org.bd/mediaroom/circulars/dos/apr072020dosl10.pdf,DOS Circular Letter No. 10: Conducting Banking Operation in Limited Scale.,Not Available,07/04/20,10
https://www.bb.org.bd/mediaroom/circulars/psd/apr062020psdl07.pdf,PSD Circular Letter No. 07: Operating BACH during General Holidays declared by Government.,Not Available,06/04/20,07
https://www.bb.org.bd/mediaroom/circulars/psd/apr062020psd03.pdf,PSD Circular No. 03: Opening MFS Account in the name of workers of export oriented industries.,Not Available,06/04/20,03
https://www.bb.org.bd/mediaroom/circulars/dos/apr052020dosl09.pdf,DOS Circular Letter No. 09: Conducting Banking Operation in Limited Scale,Not Available,05/04/20,09
https://www.bb.org.bd/mediaroom/circulars/brpd/apr042020brpdl12.pdf,BRPD Circular Letter No. 12: Fixation of LC Margin on Child Food Import.,Not Available,04/04/20,12
https://www.bb.org.bd/mediaroom/circulars/brpd/apr042020brpdl11.pdf,BRPD Circular Letter No. 11: Late Payment against Credit Card Bill due to Novel Coronavirus Concern.,Not Available,04/04/20,11
https://www.bb.org.bd/mediaroom/circulars/brpd/apr022020brpd07.pdf,BRPD Circular No. 07: Loans/Investments from stimulus Fund with minimum service charge (one time at 2%) for active export oriented industries due to breakout of Corona Virus (COVID-19),Not Available,02/04/20,07
https://www.bb.org.bd/mediaroom/circulars/psd/apr022020psdl06.pdf,PSD Circular Letter No. 06: Opening BACH during 05.04.2020 to 09.04.2020.,Not Available,02/04/20,06
https://www.bb.org.bd/mediaroom/circulars/dos/apr022020dosl08.pdf,DOS Circular Letter No. 08: Conducting Banking Operation in Limited Scale.,Not Available,02/04/20,08
https://www.bb.org.bd/mediaroom/circulars/dmd/mar312020dmdl01.pdf,DMD Circular Letter No. 01: Opening of Repo facility and Interbank Call Money Market in a limited scale.,Not Available,31/03/20,01
https://www.bb.org.bd/mediaroom/circulars/psd/mar292020psdl05.pdf,PSD Circular Letter No. 05: Opening BACH during 30.03.2020 to 02.04.2020,Not Available,29/03/20,05
https://www.bb.org.bd/mediaroom/circulars/dos/mar252020dosl07.pdf,DOS Circular Letter No. 07: Conducting Banking Operation in Limited Scale.,Not Available,25/03/20,07
https://www.bb.org.bd/mediaroom/circulars/psd/mar252020psdl04.pdf,PSD Circular Letter No. 04: Keeping BEFTN open from 01/04/2020 to 02/04/2020 for salaries and other payments.,Not Available,25/03/20,04
https://www.bb.org.bd/mediaroom/circulars/fid/mar242020dfim01.pdf,DFIM Circular No. 01: Regarding Loan/Lease/Advance Classification for Financial Institutions,Not Available,24/03/20,01
https://www.bb.org.bd/mediaroom/circulars/dos/mar242020dosl06.pdf,DOS Circular Letter No. 06: Conducting Banking Operation in Limited Scale.,Not Available,24/03/20,06
https://www.bb.org.bd/mediaroom/circulars/brpd/mar232020brpdl10.pdf,BRPD Circular Letter No. 10: Limiting ongoing training programs to prevent outbreak of Corona Virus COVID-19.,Not Available,23/03/20,10
https://www.bb.org.bd/mediaroom/circulars/brpd/mar232020brpdl09.pdf,BRPD Circular Letter No. 09: Conducting Board Meeting through video conference to prevent outbreak of Corona Virus COVID-19.,Not Available,23/03/20,09
https://www.bb.org.bd/mediaroom/circulars/brpd/mar232020brpd06.pdf,BRPD Circular No. 06: Ex-Bangladesh travel of Managing Director/CEO of a Bank-Company,Not Available,23/03/20,06
https://www.bb.org.bd/mediaroom/circulars/gbcrd/mar222020sfdl01.pdf,SFD Circular Letter No. 01: Provide necessary assistance to the victims to prevent the risk of the country's coronavirus infection.,Not Available,22/03/20,01
https://www.bb.org.bd/mediaroom/circulars/brpd/mar222020brpdl08.pdf,BRPD Circular Letter No. 08: Ensuring Cash Reserve at Bank Branches amid Corona Virus Disease 2019 (COVID-19) outbreak,Not Available,22/03/20,08
https://www.bb.org.bd/mediaroom/circulars/brpd/mar222020brpd05.pdf,BRPD Circular No. 05: Directives to Prevent Outbreak of Corona Virus Disease 2019 (COVID-19),Not Available,22/03/20,05
https://www.bb.org.bd/mediaroom/circulars/dmd/mar222020dmd01.pdf,DMD Circular No. 01: Regarding Transactions of Governement Securities,Not Available,22/03/20,01
https://www.bb.org.bd/mediaroom/circulars/dcm/mar222020dcm01.pdf,DCM Circular No. 01: Initiatives to be taken to prevent COVID-19 and safe cash management by scheduled banks,Not Available,22/03/20,01
https://www.bb.org.bd/mediaroom/circulars/psd/mar192020psd02.pdf,PSD Circular No. 02: Continuation of Uninterrupted Banking and Payment Services in Response to COVID-19,Not Available,19/03/20,02
https://www.bb.org.bd/mediaroom/circulars/fepd/mar192020fepd12.pdf,FEPD Circular No. 12: Submission of Shipping Document for Cash Incentive in RMG/Textile Sector,Not Available,19/03/20,12
https://www.bb.org.bd/mediaroom/circulars/dos/mar192020dosl05.pdf,"DOS Circular Letter No. 05: Regarding National Parliament Election in 183 Dhaka-10, 31 Gaibandha-03 & 98 Bagerhat-04 constituency on 21st March, 2020 Saturday",Not Available,19/03/20,05
https://www.bb.org.bd/mediaroom/circulars/brpd/mar192020brpdl07.pdf,BRPD Circular Letter No. 07: Special Policy on Loan Rescheduling and One Time Exit,Not Available,19/03/20,07
https://www.bb.org.bd/mediaroom/circulars/brpd/mar192020brpd04.pdf,BRPD Circular No. 04: Loan Classification,Not Available,19/03/20,04
https://www.bb.org.bd/mediaroom/circulars/sd/mar162020sdl01.pdf,STD Circular Letter No. 01: Regarding Remittance Reporting received from Bangladeshi Mariner/ Aircraft Pilot.,Not Available,16/03/20,01
https://www.bb.org.bd/mediaroom/circulars/fepd/mar112020fepdl08.pdf,FEPD Circular Letter No. 08: Regarding Disbursement of Cash Incentive against Inward Remittances sent through legal channel.,Not Available,11/03/20,08
https://www.bb.org.bd/mediaroom/circulars/brpd/mar052020brpdl06.pdf,"BRPD Circular Letter No. 06: Firearms licensing, renewal and usage policy 2016",Not Available,05/03/20,06
https://www.bb.org.bd/mediaroom/circulars/psd/mar052020psd01.pdf,PSD Circular No. 01: To restrain from giving banking services to unauthorized institutions that provides payment services as PSP/PSO,Not Available,05/03/20,01
https://www.bb.org.bd/mediaroom/circulars/brpd/mar022020brpdl05.pdf,BRPD Circular Letter No. 05: Rate of Interest on Import Financing for Essential Consumer Goods.,Not Available,02/03/20,05
https://www.bb.org.bd/mediaroom/circulars/brpd/feb242020brpd03.pdf,BRPD Circular No. 03: Rationalization of Rate of Interest/Profit on Lending/Investment,Not Available,24/02/20,03
https://www.bb.org.bd/mediaroom/circulars/brpd/feb232020brpd02.pdf,BRPD Circular No. 02: Account Opening Form & KYC Profile of the Banks,Not Available,23/02/20,02
https://www.bb.org.bd/mediaroom/circulars/brpd/feb232020brpdl04.pdf,"BRPD Circular Letter No. 04: Scheduling of ""Bengal Commercial Bank Limited"".",Not Available,23/02/20,04
https://www.bb.org.bd/mediaroom/circulars/dos/feb102020dos01.pdf,DOS Circular No. 01: Constitution of Special Fund for Capital Market and Investment Policy,Not Available,10/02/20,01
https://www.bb.org.bd/mediaroom/circulars/dos/feb102020dosl04.pdf,"DOS Circular Letter No. 04: Temporary waiver from Section 26Ka and 4(kha) of First Schedule of Section 38 of Bank Company Act, 1991",Not Available,10/02/20,04
https://www.bb.org.bd/mediaroom/circulars/psd/feb092020psdl02.pdf,PSD Circular Letter No. 02: Ensuring access to information of the transaction through MFS and providing necessary assistance.,Not Available,09/02/20,02
https://www.bb.org.bd/mediaroom/circulars/brpd/feb062020brpdl03.pdf,"BRPD Circular Letter No. 03: Deposit of Fund Received under Annual Development Program (ADP) and Operating Budget and Own Fund of Autonomous, Semi- Autonomous Organizations and Government Owned Companies.",Not Available,06/02/20,03
https://www.bb.org.bd/mediaroom/circulars/fepd/feb042020fepd07.pdf,FEPD Circular No. 07: Export Subsidy against export of Synthetic Footwear and Bag.,Not Available,04/02/20,07
https://www.bb.org.bd/mediaroom/circulars/fepd/jan302020fepd05.pdf,FEPD Circular No. 05: Export Subsidy against export of Rice,Not Available,30/01/20,05
https://www.bb.org.bd/mediaroom/circulars/fepd/jan292020fepdl05.pdf,FEPD Circular Letter No. 05: Online transactions through International Credit Cards,Not Available,29/01/20,05
https://www.bb.org.bd/mediaroom/circulars/fepd/jan292020fepdl06.pdf,FEPD Circular Letter No. 06: Regarding payment against import on maturity,Not Available,29/01/20,06
https://www.bb.org.bd/mediaroom/circulars/fid/jan292020dfiml01.pdf,"DFIM Circular Letter No. 01: Keeping FIs branches closed in the election area on 1st February, 2020 Saturday for general election of Dhaka North & Dhaka South City Corporation.",Not Available,29/01/20,01
https://www.bb.org.bd/mediaroom/circulars/dos/jan292020dosl03.pdf,"DOS Circular Letter No. 03: Keeping scheduled bank branches closed in the election area on 1st February, 2020 Saturday for general election of Dhaka North & Dhaka South City Corporation.",Not Available,29/01/20,03
https://www.bb.org.bd/mediaroom/circulars/brpd/jan272020brpdl02.pdf,BRPD Circular Letter No. 02: Displaying Schedule of Charges,Not Available,27/01/20,02
https://www.bb.org.bd/mediaroom/circulars/brpd/jan232020brpdl01.pdf,BRPD Circular Letter No. 01: Regarding Deduction and Submission of Source Tax from Different Types of Deposit/ Savings Scheme,Not Available,23/01/20,01
https://www.bb.org.bd/mediaroom/circulars/psd/jan232020psdl01.pdf,PSD Circular Letter No. 01: Monitoring of transactions during all public examinations under Ministry of Education.,Not Available,23/01/20,01
https://www.bb.org.bd/mediaroom/circulars/fepd/jan232020fepd03.pdf,FEPD Circular No. 03: Correction of Form-KA for alternative cash incentive in RMG/Textile sector.,Not Available,23/01/20,03
https://www.bb.org.bd/mediaroom/circulars/fepd/jan222020fepdl04.pdf,FEPD Circular Letter No. 04: Definition of SME in RMG/Textile sector on the basis of export performance for consideration of export subsidy.,Not Available,22/01/20,04
https://www.bb.org.bd/mediaroom/circulars/fepd/jan202020fepdl03.pdf,FEPD Circular Letter No. 03: Collection of stamp duty on Bill of Exchange against deferred/usance export bills,Not Available,20/01/20,03
https://www.bb.org.bd/mediaroom/circulars/fepd/jan192020fepdl02.pdf,FEPD Circular Letter No. 02: Opening of LC to import consumer goods,Not Available,19/01/20,02
https://www.bb.org.bd/mediaroom/circulars/dos/jan122020dosl02.pdf,"DOS Circular Letter No. 02: Keeping scheduled bank branches closed in the election area on 13th January 2020 Monday for the election of Jhilim UP of Sadar Upazilla of Chapainawabgonj, Bhatashala UP of Sadar Upazilla of Sherpur, Haimchar Upazilla of Chandpur and on 15th January 2020 Wednesday for the election of Shariakandi Upazilla of Bogura.",Not Available,12/01/20,02
https://www.bb.org.bd/mediaroom/circulars/brpd/jan092020brpd01.pdf,BRPD Circular No. 01: Issuance of Maternity Leave Policy for Female Employees working in the Banks,Not Available,09/01/20,01
https://www.bb.org.bd/mediaroom/circulars/aml/jan082020bfiu25.pdf,BFIU Circular No. 25: Issuance of Guidelines on Electronic Know Your Customer (e-KYC),Not Available,08/01/20,25
https://www.bb.org.bd/mediaroom/circulars/fepd/jan072020fepd01.pdf,FEPD Circular No. 01:Special Export Subsidy to RMG/Textile Sector.,Not Available,07/01/20,01
https://www.bb.org.bd/mediaroom/circulars/fepd/jan052020fepdl01.pdf,FEPD Circular Letter No. 01:Precaution to protect export proceeds.,Not Available,05/01/20,01
https://www.bb.org.bd/mediaroom/circulars/dos/jan052020dosl01.pdf,DOS Circular Letter No. 01: Keeping scheduled bank branches closed in the election area on 13th January 2020 Monday for the occasion of National Parliament Election in 285 Chattogram-8 Constituency and General Election of Dupchanchia Pouroshova of Dupchanchia Upazila of Bogura District,Not Available,05/01/20,01
https://www.bb.org.bd/mediaroom/circulars/dos/dec302019dosl35.pdf,DOS Circular Letter No. 35: Keeping scheduled bank branches open at Dhaka North and South City Corporation area on 31st December 2019 Tuesday for Facilitating Submission of nomination Paper,Not Available,30/12/19,35
https://www.bb.org.bd/mediaroom/circulars/dos/dec292019dosl34.pdf,DOS Circular Letter No. 34: Keeping scheduled bank branches closed in the election area on 30th December 2019 Monday for the postponed election of Goliara (North) & Goliara (South) Union Parishads of Cumilla Sadar South Upazila of Cumilla District,Not Available,29/12/19,34
https://www.bb.org.bd/mediaroom/circulars/dos/dec262019dosl33.pdf,DOS Circular Letter No. 33: Keeping scheduled bank branches OPEN at Dhaka North and South City Corporation area on 27-28th December 2019 Friday and Saturday for facilitating submission of nomination paper,Not Available,26/12/19,33
https://www.bb.org.bd/mediaroom/circulars/dos/dec242019dosl32.pdf,DOS Circular Letter No. 32: Keeping scheduled bank branches closed in the election area on 30th December 2019 Monday for the General Election/By-polls at 11 (Eleven) Union Parishads,Not Available,24/12/19,32
https://www.bb.org.bd/mediaroom/circulars/smespd/dec192019smespdl01.pdf,SMESPD Circular Letter No. 01: Compliance of the directions related to considering Personal Guarantee as Supplementary Collateral.,Not Available,19/12/19,01
https://www.bb.org.bd/mediaroom/circulars/fepd/dec152019fepd48.pdf,FEPD Circular No. 48: Export Subsidy for Small and Medium Industry in RMG/Textile Sector.,Not Available,15/12/19,48
https://www.bb.org.bd/mediaroom/circulars/fid/dec112019dfim04.pdf,DFIM Circular No. 04: Virtuousness reward giving policy.,Not Available,11/12/19,04
https://www.bb.org.bd/mediaroom/circulars/dos/dec112019dosl31.pdf,DOS Circular Letter No. 31: Keeping scheduled bank branches closed in the election area on 12th December 2019 Thursday for the general election of Shaplapur UP of Maheshkhali Upazilla of Cox's Bazar District,Not Available,11/12/19,31
https://www.bb.org.bd/mediaroom/circulars/aml/dec102019bfiu24.pdf,BFIU Circular No. 24: Regarding Guidelines for Prevention of Trade Based Money Laundering,Not Available,10/12/19,24
https://www.bb.org.bd/mediaroom/circulars/psd/dec082019psd08.pdf,PSD Circular No. 08: Amendment of PSD circular No. 04/2017.,Not Available,08/12/19,08
https://www.bb.org.bd/mediaroom/circulars/brpd/dec042019brpdl29.pdf,BRPD Circular Letter No. 29: Regarding national integrity award guideline.,Not Available,04/12/19,29
https://www.bb.org.bd/mediaroom/circulars/brpd/dec032019brpdl28.pdf,BRPD Circular Letter No. 28: Policy regarding establishment of business center by Banks.,Not Available,03/12/19,28
https://www.bb.org.bd/mediaroom/circulars/fepd/dec022019fepdl31.pdf,FEPD Circular Letter No. 31: Considering applications of Export subsidies/Cash incentives during unrealized period of export proceeds.,Not Available,02/12/19,31
https://www.bb.org.bd/mediaroom/circulars/fid/dec022019dfiml17.pdf,DFIM Circular Letter No. 17: Holidays of the year 2020.,Not Available,02/12/19,17
https://www.bb.org.bd/mediaroom/circulars/psd/dec022019psd06.pdf,PSD Circular No. 06: About crediting beneficiaries MFS account with proceeds of foreign remittance including subsequent cash incentives.,Not Available,02/12/19,06
https://www.bb.org.bd/mediaroom/circulars/brpd/nov282019brpdl27.pdf,"BRPD Circular Letter No. 27: Exemption from Compliance of Section 14(1)(Cha) of the Bank Company Act, 1991",Not Available,28/11/19,27
https://www.bb.org.bd/mediaroom/circulars/brpd/nov202019brpdl26.pdf,"BRPD Circular Letter No. 26: Waiver to Probashi Kallyan Bank from maintenance of liquid asset (SLR) as directed under section 33 of the Bank-Company Act, 1991.",Not Available,20/11/19,26
https://www.bb.org.bd/mediaroom/circulars/fepd/nov202019fepdl29.pdf,FEPD Circular Letter No. 29 : Regarding Cash Incentive on Wage Earners Remittance,Not Available,20/11/19,29
https://www.bb.org.bd/mediaroom/circulars/brpd/nov172019brpdl24.pdf,BRPD Circular Letter No. 24: Special Policy on Loan Rescheduling and One Time Exit,Not Available,17/11/19,24
https://www.bb.org.bd/mediaroom/circulars/brpd/oct312019brpd07.pdf,BRPD Circular No. 07: Master Circular on Schedule of Charges,Not Available,31/10/19,07
https://www.bb.org.bd/mediaroom/circulars/fid/oct282019dfiml16.pdf,DFIM Circular Letter No. 16 : Observing National ICT day as the `Digital Bangladesh day' on 12th December,Not Available,28/10/19,16
https://www.bb.org.bd/mediaroom/circulars/fepd/oct272019fepdl25.pdf,FEPD Circular Letter No. 25:Export subsidy in favor of Type-C industries in Economic Zone/High-tech Park.,Not Available,27/10/19,25
https://www.bb.org.bd/mediaroom/circulars/fepd/oct272019fepd42.pdf,FEPD Circular No. 42:Export subsidy against export of Undershirt/Undervest.,Not Available,27/10/19,42
https://www.bb.org.bd/mediaroom/circulars/sd/oct242019sdl01.pdf,SD Circular Letter No. 01: Regarding the Wage Earners Remittance Reporting.,Not Available,24/10/19,01
https://www.bb.org.bd/mediaroom/circulars/brpd/oct232019brpdl23.pdf,BRPD Circular Letter No. 23: Special Policy on Loan Rescheduling and One Time Exit,Not Available,23/10/19,23
https://www.bb.org.bd/mediaroom/circulars/psd/oct212019psdl03.pdf,PSD Circular Letter No. 03: Regarding implementation of the Upgraded Version of Bangladesh Automated Clearing House,Not Available,21/10/19,03
https://www.bb.org.bd/mediaroom/circulars/fepd/oct202019fepd40.pdf,FEPD Circular No. 40: Export subsidy against export of Potato,Not Available,20/10/19,40
https://www.bb.org.bd/mediaroom/circulars/fepd/oct142019fepdl24.pdf,FEPD Circular Letter No. 24: General permission regarding change of name of accounts of exchange house abroad with banks operating in Bangladesh.,Not Available,14/10/19,24
https://www.bb.org.bd/mediaroom/circulars/dos/oct132019dosl29.pdf,"DOS Circular Letter No. 29: Keeping scheduled bank branches closed in the election area on 14th October 2019 Monday for the general election of 08 (eight) Upazillas, 14 (fourteen) Union Parishads, 02 (two) Paurashavas; and Chaimran & Ward Member by-polls of 106 UPs.",Not Available,13/10/19,29
https://www.bb.org.bd/mediaroom/circulars/fepd/oct102019fepdl23.pdf,FEPD Circular Letter No. 23:Regarding special interim instruction for renewal of Registration Certificate for FY 2019-2020.,Not Available,10/10/19,23
https://www.bb.org.bd/mediaroom/circulars/fepd/oct102019fepd39.pdf,FEPD Circular No. 39: Special Export Subsidy Against Export of Ready Made Garment,Not Available,10/10/19,39
https://www.bb.org.bd/mediaroom/circulars/fid/oct102019dfim03.pdf,DFIM Circular No. 03: Preservation and use of information of the Penalized Employees of Financial Institutions through CMMS (Corporate Memory Management System),Not Available,10/10/19,03
https://www.bb.org.bd/mediaroom/circulars/fepd/oct072019fepdl22.pdf,FEPD Circular Letter No. 22: Regarding not to open Letter of Credit in favor of importers without the new 13-digit BINs,Not Available,07/10/19,22
https://www.bb.org.bd/mediaroom/circulars/fid/oct032019dfiml15.pdf,DFIM Circular Letter No. 15: Keeping financial institutios branches closed in the election area on 05th October 2019 Saturday for the parliamentary by-polls to 21 Rangpur-3 constituency.,Not Available,03/10/19,15
https://www.bb.org.bd/mediaroom/circulars/brpd/oct022019brpdl22.pdf,BRPD Circular Letter No. 22: Rate of Interest on Import Financing of Onion.,Not Available,02/10/19,22
https://www.bb.org.bd/mediaroom/circulars/dos/oct022019dosl28.pdf,DOS Circular Letter No. 28: Keeping scheduled bank branches closed in the election area on 05th October 2019 Saturday for the parliamentary by-polls to 21 Rangpur-3 constituency.,Not Available,02/10/19,28
https://www.bb.org.bd/mediaroom/circulars/brpd/sep302019brpdl21.pdf,BRPD Circular Letter No. 21: Regarding Transfer of Jute Sector Outstanding Loans to Block Account,Not Available,30/09/19,21
https://www.bb.org.bd/mediaroom/circulars/eef/sep302019eef03b.pdf,EEF Circular No. 03: Submission of EOI for establishment of Food Processing & Agro-based and ICT Projects under Entrepreneurship Support Fund (ESF) Loan,Not Available,30/09/19,03
https://www.bb.org.bd/mediaroom/circulars/fepd/sep292019fepd37.pdf,"FEPD Circular No. 37: Export subsidy against export of Consumer Electronics, Electrical Home and Kitchen Appliances",Not Available,29/09/19,37
https://www.bb.org.bd/mediaroom/circulars/fepd/sep242019fepd36.pdf,FEPD Circular No. 36: Export subsidy against export of Pharmaceuticals goods,Not Available,24/09/19,36
https://www.bb.org.bd/mediaroom/circulars/fepd/sep242019fepdl21.pdf,FEPD Circular Letter No. 21: Appointment of Audit Firm for Export Subsidy/Cash incentive in financial year 2019-2020,Not Available,24/09/19,21
https://www.bb.org.bd/mediaroom/circulars/fepd/sep222019fepd35.pdf,FEPD Circular No. 35: Export subsidy/Cash incentive for financial year 2019-2020,Not Available,22/09/19,35
https://www.bb.org.bd/mediaroom/circulars/dos/sep222019dos06.pdf,DOS Circular No. 06: Temporary liquidity support for investment in Capital Market by the scheduled banks.,Not Available,22/09/19,06
https://www.bb.org.bd/mediaroom/circulars/dos/sep172019dos05.pdf,DOS Circular No. 05: Regarding Advance-Deposit Ratio (ADR)/Investment-Deposit Ratio (IDR).,Not Available,17/09/19,05
https://www.bb.org.bd/mediaroom/circulars/dos/sep152019dosl27.pdf,DOS Circular Letter No. 27: Keeping scheduled bank branches closed in the election area on the 16th September 2019 Monday for General Election/By-polls of Chairman at 04 (Four) Union Parishads.,Not Available,15/09/19,27
https://www.bb.org.bd/mediaroom/circulars/brpd/sep152019brpd20.pdf,BRPD Circular Letter No. 20: Keeping Information of Penalized Employees of Banks in CMMS (Corporate Memory Management System) and Use of that Information,Not Available,15/09/19,20
https://www.bb.org.bd/mediaroom/circulars/dmd/sep112019dmd04.pdf,DMD Circular No. 04: To deduct source tax from interest of savings certificates(Sanchaypatra),Not Available,11/09/19,04
https://www.bb.org.bd/mediaroom/circulars/dcm/sep092019dcm06.pdf,"DCM Circular No. 06: Regarding seal, signature, dates & writings on Fresh and Re-Issue note and stapling on note packet",Not Available,09/09/19,06
https://www.bb.org.bd/mediaroom/circulars/smespd/sep052019smespd02.pdf,SMESPD Circular No. 02: Master Circular on CMSME Financing.,Not Available,05/09/19,02
https://www.bb.org.bd/mediaroom/circulars/brpd/sep032019brpdl19.pdf,BRPD Circular Letter No. 19: Special Policy on Loan Rescheduling and One Time Exit.,Not Available,03/09/19,19
https://www.bb.org.bd/mediaroom/circulars/brpd/aug202019brpdl18.pdf,"BRPD Circular Letter No. 18: Avoidance of High Expense for Luxurious Vehicles, Decoration and other Matters",Not Available,20/08/19,18
https://www.bb.org.bd/mediaroom/circulars/dmd/aug192019dmdl05.pdf,DMD Circular Letter No. 05: Clarification of WEDB rules for continuing & enhancing bond selling,Not Available,19/08/19,05
https://www.bb.org.bd/mediaroom/circulars/fid/aug082019dfiml14.pdf,DFIM Circular Letter No. 14: Regarding observing the National Mourning Day 2019 and the 44th anniversary of martyrdom of Father of the Nation Bangabandhu Sheikh Mujibur Rahman with due respect.,Not Available,08/08/19,14
https://www.bb.org.bd/mediaroom/circulars/brpd/aug082019brpdl17.pdf,BRPD Circular Letter No. 17: Special Policy on Loan Rescheduling and One Time Exit.,Not Available,08/08/19,17
https://www.bb.org.bd/mediaroom/circulars/dos/aug072019dosl25.pdf,DOS Circular Letter No. 25: Regarding observing the National Mourning Day 2019 and the 44th anniversary of martyrdom of Father of the Nation Bangabandhu Sheikh Mujibur Rahman with due respect.,Not Available,07/08/19,25
https://www.bb.org.bd/mediaroom/circulars/brpd/aug072019brpdl16.pdf,BRPD Circular Letter No. 16: Extension of Banking Hour as well as Keeping the Bank Branches Open in the Dhaka Metropolitan City on the Days before Eid-ul-Adha and Strengthening of Safety of Business Centers of the Banks.,Not Available,07/08/19,16
https://www.bb.org.bd/mediaroom/circulars/fepd/aug062019fepd31.pdf,FEPD Circular No. 31: Guidelines Regaring Cash Incentive on Wage Earners Remittance.,Not Available,06/08/19,31
https://www.bb.org.bd/mediaroom/circulars/dos/aug052019dosl24.pdf,DOS Circular Letter No. 24: Keeping all schedule bank branches/booths open 24/7 at all port areas of the country,Not Available,05/08/19,24
https://www.bb.org.bd/mediaroom/circulars/fid/aug052019dfiml13.pdf,DFIM Circular Letter No. 13: Regarding Taking Prior Approval for Renewal of Building/Floor Space Rental or Lease Agreement for FI's,Not Available,05/08/19,13
https://www.bb.org.bd/mediaroom/circulars/fid/aug052019dfiml12.pdf,DFIM Circular Letter No. 12: Re-fixing the maximum limit of borrowing from the Call Money Market for Financial Institutions,Not Available,05/08/19,12
https://www.bb.org.bd/mediaroom/circulars/dos/aug042019dosl23.pdf,"DOS Circular Letter No. 23: Keeping scheduled bank branches of garments industry area open on 09th and 10th August, 2019 Friday and Saturday for the payment of garment workers' wages and other allowances before Holy Eid-ul-Adha.",Not Available,04/08/19,23
https://www.bb.org.bd/mediaroom/circulars/psd/aug042019psd05.pdf,"PSD Circular No. 05: To ensure uninterrupted transactions through Automated Teller Machine (ATM), Point of Sale (POS) , e-Payment Gateway and Mobile Financial Services (MFS) during Eid-ul-Azha festival.",Not Available,04/08/19,05
https://www.bb.org.bd/mediaroom/circulars/gbcrd/jul312019sfdl02.pdf,SFD Circular Letter No. 02: Assistance for Dengue fever affected people under Corporate Social Responsibility,Not Available,31/07/19,02
https://www.bb.org.bd/mediaroom/circulars/dcm/jul302019dcm05.pdf,"DCM Circular No. 05: Providing note detecting services by the officials of scheduled banks to the cattle traders in ""Qurbani haat"" for prevention of fake notes.",Not Available,30/07/19,05
https://www.bb.org.bd/mediaroom/circulars/fid/jul252019dfiml11.pdf,DFIM Circular Letter No. 11: Regarding Transfer of Jute Sector Outstanding Loans to Block Account.,Not Available,25/07/19,11
https://www.bb.org.bd/mediaroom/circulars/acd/jul242019acd03.pdf,ACD Circular No. 03: Agriculture loan facility for the flood affected farmers.,Not Available,24/07/19,03
https://www.bb.org.bd/mediaroom/circulars/dos/jul242019dosl22.pdf,DOS Circular Letter No. 22: Keeping scheduled bank branches closed in the election area on 25th July 2019 Thursday for the general election of Sirota UP of Sadar Upazilla of Mymensingh District.,Not Available,24/07/19,22
https://www.bb.org.bd/mediaroom/circulars/dos/jul242019dosl21.pdf,DOS Circular Letter No. 21: Keeping scheduled bank branches closed in the election area on 25th July 2019 Thursday for the general election of Kanchon Pourashava of Rupganj Upazilla of Narayanganj District.,Not Available,24/07/19,21
https://www.bb.org.bd/mediaroom/circulars/dos/jul242019dosl20.pdf,DOS Circular Letter No. 20: Keeping scheduled bank branches closed in the election area on 25th July 2019 Thursday for the general election of 7 UPs and 54 UPs Chairman by-polls.,Not Available,24/07/19,20
https://www.bb.org.bd/mediaroom/circulars/gbcrd/jul242019sfdl01.pdf,SFD Circular Letter No. 01: Distribution of relief in the flood affected area under Corporate Social Responsibility.,Not Available,24/07/19,01
https://www.bb.org.bd/mediaroom/circulars/acd/jul232019acd02.pdf,ACD Circular No. 02: Agricultural & Rural Credit Policy and Program for the FY 2019-2020,Not Available,23/07/19,02
https://www.bb.org.bd/mediaroom/circulars/psd/jul232019psd04.pdf,PSD Circular No. 04: Transaction limit for E-wallet operated by Payment Service Providers (Excluding MFS),Not Available,23/07/19,04
https://www.bb.org.bd/mediaroom/circulars/brpd/jul222019brpd06.pdf,BRPD Circular No. 06: Monitoring of Classified Loan Accounts amounting BDT 100 crore & above by Scheduled Banks,Not Available,22/07/19,06
https://www.bb.org.bd/mediaroom/circulars/dmd/jul182019dmdl04.pdf,DMD Circular Letter No. 04: To deduct/collect source tax from the interest of saving schemes,Not Available,18/07/19,04
https://www.bb.org.bd/mediaroom/circulars/fepd/jul182019fepd29.pdf,"FEPD Circular No. 29: Amendment of paragraph 2, Chapter 7 of GFET-2018 (Vol-1).",Not Available,18/07/19,29
https://www.bb.org.bd/mediaroom/circulars/brpd/jul112019brpdl15.pdf,BRPD Circular Letter No. 15: Special Policy on Loan Rescheduling and One Time Exit,Not Available,11/07/19,15
https://www.bb.org.bd/mediaroom/circulars/dos/jul082019dosl19.pdf,DOS Circular Letter No. 19: Keeping scheduled bank branches closed in the election area on 11th July 2019 Thursday for the general election of 08 (Eight) Union Parishads,Not Available,08/07/19,19
https://www.bb.org.bd/mediaroom/circulars/dmd/jul042019dmdl03.pdf,DMD Circular Letter No. 03: To deduct/collect source tax from the interest of saving schemes,Not Available,04/07/19,03
https://www.bb.org.bd/mediaroom/circulars/dmd/jul012019dmd03.pdf,DMD Circular No. 03: To oblige the Sanchoypatra rules 1977 properly for selling Sanchoy scheme by institutional fund,Not Available,01/07/19,03
https://www.bb.org.bd/mediaroom/circulars/psd/jun272019psd03.pdf,"PSD Circular No. 03: BD RTGS system will remain open on 29th June, 2019 for the government payments.",Not Available,27/06/19,03
https://www.bb.org.bd/mediaroom/circulars/dos/jun272019dosl18.pdf,"DOS Circular Letter No. 18: Keeping related scheduled bank branches open on 29/06/2019 Saturday for the convenience of depositing income tax, VAT & custom duties through chalan receipt or Pay Order facilities",Not Available,27/06/19,18
https://www.bb.org.bd/mediaroom/circulars/dmd/jun262019dmd02.pdf,"DMD Circular No. 02: Changed date of implementing ""National savings scheme online management system""",Not Available,26/06/19,02
https://www.bb.org.bd/mediaroom/circulars/brpd/jun252019brpdl14.pdf,BRPD Circular Letter No. 14 : Special Policy on Loan Rescheduling and One Time Exit.,Not Available,25/06/19,14
https://www.bb.org.bd/mediaroom/circulars/fid/jun232019dfiml10.pdf,DFIM Circular Letter No. 10: Keeping FIs branches closed in the election area on 24th June 2019 Monday for the parliamentary election to 41 Bogura-6 constituency and Mayor By-polls of Habiganj Paurashava,Not Available,23/06/19,10
https://www.bb.org.bd/mediaroom/circulars/fepd/jun232019fepdl13.pdf,"FEPD Circular Letter No. 13: Regarding export of raw jute in the name of Un-Cut, BTR and BWR.",Not Available,23/06/19,13
https://www.bb.org.bd/mediaroom/circulars/brpd/jun232019brpdl13.pdf,BRPD Circular Letter No. 13: Bangladesh Bank Refinance Scheme for Jute Sector.,Not Available,23/06/19,13
https://www.bb.org.bd/mediaroom/circulars/dos/jun232019dosl17.pdf,DOS Circular Letter No. 17: Keeping scheduled bank branches closed in the election area on 24th June 2019 Monday for the parliamentary election to 41 Bogura-6 constituency and Mayor By-polls of Habiganj Paurashava,Not Available,23/06/19,17
https://www.bb.org.bd/mediaroom/circulars/brpd/jun202019brpdl12.pdf,BRPD Circular Letter No. 12: Guidelines on Internal Credit Risk Rating Systems for Banks,Not Available,20/06/19,12
https://www.bb.org.bd/mediaroom/circulars/fepd/jun202019fepdl12.pdf,"FEPD Circular Letter No. 12: Correction of paragraph 31(c), Chapter 7 of GFET-2018 (Vol-1).",Not Available,20/06/19,12
https://www.bb.org.bd/mediaroom/circulars/fepd/jun172019fepd25.pdf,FEPD Circular No. 25: Export subsidy in Export Oriented RMG/Textile sector.,Not Available,17/06/19,25
https://www.bb.org.bd/mediaroom/circulars/dos/jun122019dosl16.pdf,"DOS Circular Letter No. 16: Keeping scheduled bank branches closed in the election area on 18th June, 2019 Tuesday for Upazilla Parishad general election at Dumuria Upazilla of Khulna District",Not Available,12/06/19,16
https://www.bb.org.bd/mediaroom/circulars/dos/jun122019dosl15.pdf,"DOS Circular Letter No. 15: Keeping scheduled bank branches closed in the election area on 13th June, 2019 Thursday for Vice Chairman general election at Kutubdia Upazilla of Cox's Bazar District and on 18th June, 2019 Tuesday for the 5th Upazilla Parishad General Election (5th Phase)",Not Available,12/06/19,15
https://www.bb.org.bd/mediaroom/circulars/brpd/may302019brpdl10.pdf,BRPD Circular Letter No. 10: Precautionary measures to ensure safety of the business centers of banks,Not Available,30/05/19,10
https://www.bb.org.bd/mediaroom/circulars/dmd/may292019dmdl03.pdf,"DMD Circular Letter No. 03: Regarding Revised Time Schedule of Repo, Reverse Repo, ALS and Special Repo Auction",Not Available,29/05/19,03
https://www.bb.org.bd/mediaroom/circulars/brpd/may272019brpdl09.pdf,BRPD Circular Letter No. 09: Policy for Offshore Banking Operation of the Banks,Not Available,27/05/19,09
https://www.bb.org.bd/mediaroom/circulars/dos/may262019dos04.pdf,DOS Circular No. 04: Policy Regarding Investment in Non-listed Securities by the Scheduled Banks.,Not Available,26/05/19,04
https://www.bb.org.bd/mediaroom/circulars/dos/may262019dosl14.pdf,"DOS Circular Letter No. 14: Keeping scheduled bank branches of garments industry area open on 01 and 02 June, 2019 for the payment of garment workers wages, bonus and other allowances before Eid-ul-Fitr",Not Available,26/05/19,14
https://www.bb.org.bd/mediaroom/circulars/brpd/may232019brpdl08.pdf,"BRPD Circular Letter No. 08: Regarding Deposit of Government, Semi-Government, Autonomous and Semi-Autonomous Bodies' Own Fund or Fund Received under Annual Development Program (ADP)",Not Available,23/05/19,08
https://www.bb.org.bd/mediaroom/circulars/psd/may232019psd02.pdf,"PSD Circular No. 02: To ensure uninterrupted transactions through Automated Teller Machine (ATM), Point of Sale (POS) , e-Payment Gateway and Mobile Financial Services (MFS) during Eid-ul-Fitr",Not Available,23/05/19,02
https://www.bb.org.bd/mediaroom/circulars/brpd/may222019brpdl07.pdf,BRPD Circular Letter No. 07: Special Policy on Loan Rescheduling and One Time Exit.,Not Available,22/05/19,07
https://www.bb.org.bd/mediaroom/circulars/dcm/may212019dcm03.pdf,DCM Circular No. 03: Following proper procedure of note sorting,Not Available,21/05/19,03
https://www.bb.org.bd/mediaroom/circulars/feid/may202019feid01.pdf,FEID Circular No. 01: Specimen Signature of officers of FEID,Not Available,20/05/19,01
https://www.bb.org.bd/mediaroom/circulars/brpd/may192019brpdl06.pdf,BRPD Circular Letter No. 06: Special Policy on Loan Rescheduling and One Time Exit.,Not Available,19/05/19,06
https://www.bb.org.bd/mediaroom/circulars/psd/may192019psd01.pdf,PSD Circular No. 01:About Mobile Financial Services (MFS) Transaction,Not Available,19/05/19,01
https://www.bb.org.bd/mediaroom/circulars/acd/may192019acd01.pdf,ACD Circular No. 01: Providing Agricultural loan facility to the farmers affected by Fani.,Not Available,19/05/19,01
https://www.bb.org.bd/mediaroom/circulars/brpd/may162019brpd05.pdf,BRPD Circular No. 05: Special Policy on Loan Rescheduling and One Time Exit,Not Available,16/05/19,05
https://www.bb.org.bd/mediaroom/circulars/brpd/may162019brpd04.pdf,BRPD Circular No. 04: Incentives to Good Borrowers,Not Available,16/05/19,04
https://www.bb.org.bd/mediaroom/circulars/dos/may162019dos03.pdf,"DOS Circular No. 03: Investment in Special Purpose Vehicle, Alternative investment fund or similiar fund/funds by the Scheduled banks",Not Available,16/05/19,03
https://www.bb.org.bd/mediaroom/circulars/dos/may162019dos02.pdf,DOS Circular No. 02: Regulation regarding investment in Capital Market by the Scheduled banks.,Not Available,16/05/19,02
https://www.bb.org.bd/mediaroom/circulars/fepd/may132019fepdl10.pdf,"FEPD Circular Letter No. 10: Remittance for house rent, food and other expanses of hajj pilgrims in Saudi Arabia under private management for the Hijri year 1440.",Not Available,13/05/19,10
https://www.bb.org.bd/mediaroom/circulars/dcm/may122019dcml02.pdf,DCM Circular Letter No. 02 : Instruction to be followed by scheduled banks for preventing fake note circulation during the month of holy Ramadan/2019.,Not Available,12/05/19,02
https://www.bb.org.bd/mediaroom/circulars/fid/may052019dfiml09.pdf,DFIM Circular Letter No. 09: Office time table of the Financial Institutions during the month of Holy Ramadan of Hijri 1440,Not Available,05/05/19,09
https://www.bb.org.bd/mediaroom/circulars/dos/may052019dosl13.pdf,DOS Circular Letter No. 13: Office time table of the bank companies during the month of Holy Ramadan of Hijri 1440,Not Available,05/05/19,13
https://www.bb.org.bd/mediaroom/circulars/brpd/may022019brpdl05.pdf,BRPD Circular Letter No. 05: Regarding Transfer of Jute Sector Outstanding Loans to Block Account,Not Available,02/05/19,05
https://www.bb.org.bd/mediaroom/circulars/dos/may022019dosl12.pdf,DOS Circular Letter No. 12: Keeping scheduled bank branches closed in the election area on the 5th May 2019 Sunday for Mymensingh City Corporation Election,Not Available,02/05/19,12
https://www.bb.org.bd/mediaroom/circulars/psd/may022019psdl02.pdf,PSD Circular Letter No. 02: Airtime purchase by newly registered customer with KYC in progress and return of Cashed In money if KYC is not approved.,Not Available,02/05/19,02
https://www.bb.org.bd/mediaroom/circulars/fid/apr302019dfiml08.pdf,"DFIM Circular Letter No. 08: Keeping FI branches closed in the election areas on 05, May, 2019 Sunday for the election of Mymensingh City Corporation.",Not Available,30/04/19,08
https://www.bb.org.bd/mediaroom/circulars/dmd/apr252019dmdl02.pdf,"DMD Circular Letter No. 02: Implementing ""National savings scheme online management system"".",Not Available,25/04/19,02
https://www.bb.org.bd/mediaroom/circulars/eef/apr182019eefl02.pdf,EEF Circular Letter No. 02: Regarding Rules of Nominated Director Mentioned in EEF Circular No. 32/2010.,Not Available,18/04/19,02
https://www.bb.org.bd/mediaroom/circulars/dos/apr172019dosl11e.pdf,DOS Circular Letter No. 11: Re-fixation of holiday for Shab-e-Barat on the 22nd April 2019 Monday instead of 21st April 2019 for all scheduled banks in Bangladesh.,Not Available,17/04/19,11
https://www.bb.org.bd/mediaroom/circulars/fid/apr172019dfiml07.pdf,DFIM Circular Letter No. 07: Holiday for Shab-e-Barat,Not Available,17/04/19,07
https://www.bb.org.bd/mediaroom/circulars/fepd/apr152019fepd15.pdf,FEPD Circular No. 15:Export subsidy against export of Charcoal produced from Jute stick.,Not Available,15/04/19,15
https://www.bb.org.bd/mediaroom/circulars/dos/apr112019dosl10.pdf,DOS Circular Letter No. 10: Keeping scheduled bank branches closed in Mujibnagar Upazilla of Meherpur district on the 17th April 2019 Wednesday for observing historic Mujibnagar Day,Not Available,11/04/19,10
https://www.bb.org.bd/mediaroom/circulars/dos/apr112019dosl09.pdf,DOS Circular Letter No. 09: Keeping scheduled bank branches closed in the election area on the 15th April 2019 Monday for Mayor by-election at Birganj Pouroshova of Dinajpur district,Not Available,11/04/19,09
https://www.bb.org.bd/mediaroom/circulars/gbcrd/apr042019sfd01.pdf,SFD Circular No. 01: Accreditation of all the scheduled banks & FIs' investment in impact fund as Green Finance,Not Available,04/04/19,01
https://www.bb.org.bd/mediaroom/circulars/dmd/apr042019dmd01.pdf,"DMD Circular No. 01: Implementing ""National savings scheme online management system"" along with direct payment of Interest and principal amount of Sanchaya scheme through BEFTN to beneficiary account",Not Available,04/04/19,01
https://www.bb.org.bd/mediaroom/circulars/fid/apr012019dfim02.pdf,DFIM Circular No. 02: Loan/Lease/Investment Write-off Policy for Financial Institutions,Not Available,01/04/19,02
https://www.bb.org.bd/mediaroom/circulars/fid/mar282019dfim01.pdf,DFIM Circular No. 01:Regarding age limit for Contractual Appointment and Retirement age for Regular Employees of Financial Institutions,Not Available,28/03/19,01
https://www.bb.org.bd/mediaroom/circulars/eef/mar282019eefl01.pdf,EEF Circular Letter No. 01 : Submission of EOI for establishment of Food Processing & Agro-based and ICT Projects under Entrepreneurship Support Fund (ESF) Loan,Not Available,28/03/19,01
https://www.bb.org.bd/mediaroom/circulars/dos/mar282019dosl08.pdf,DOS Circular Letter No. 08: Keeping scheduled bank branches closed in the election area on the 31st March 2019 Sunday for the 5th Upazilla Parishad General Election (4th Phase),Not Available,28/03/19,08
https://www.bb.org.bd/mediaroom/circulars/dos/mar282019dosl07.pdf,DOS Circular Letter No. 07: Keeping scheduled bank branches closed in the election area on the 31st March 2019 Sunday for the 5th Upazilla Parishad General Election (4th Phase),Not Available,28/03/19,07
https://www.bb.org.bd/mediaroom/circulars/fepd/mar282019fepdl07.pdf,FEPD Circular Letter No. 07: Export Policy 2018-21,Not Available,28/03/19,07
https://www.bb.org.bd/mediaroom/circulars/fid/mar272019dfiml06.pdf,DFIM Circular Letter No. 06: Keeping FIs branches closed in the election area on the 31st March 2019 Sunday for the 5th Upazilla Parishad General Election (4th Phase),Not Available,27/03/19,06
https://www.bb.org.bd/mediaroom/circulars/fid/mar242019dfiml05.pdf,DFIM Circular Letter No. 05: Opening of business development centre,Not Available,24/03/19,05
https://www.bb.org.bd/mediaroom/circulars/dos/mar212019dosl06.pdf,DOS Circular Letter No. 06: Regarding cancellation of leave as previously declared for the 24th March 2019 Sunday at Cox's Bazar Sadar Upazila,Not Available,21/03/19,06
https://www.bb.org.bd/mediaroom/circulars/fepd/mar212019fepdl06.pdf,FEPD Circular Letter No. 06: Maximum rate of Cash Incentive in Textile/RMG sector for availing more than one type of benefits.,Not Available,21/03/19,06
https://www.bb.org.bd/mediaroom/circulars/fid/mar212019dfiml04.pdf,DFIM Circular Letter No. 04: Keeping FIs branches closed in the election area on the 24th March 2019 Sunday for the 5th Upazilla Parishad General Election (3rd Phase),Not Available,21/03/19,04
https://www.bb.org.bd/mediaroom/circulars/dos/mar212019dosl05.pdf,DOS Circular Letter No. 05: Keeping scheduled bank branches closed in the election area on the 24th March 2019 Sunday for the 5th Upazilla Parishad General Election (3rd Phase),Not Available,21/03/19,05
https://www.bb.org.bd/mediaroom/circulars/fid/mar142019dfiml03.pdf,DFIM Circular Letter No. 03: Keeping FIs branches closed in the election area on the 18th March 2019 Monday for the 5th Upazilla Parishad General Election (2nd Phase),Not Available,14/03/19,03
https://www.bb.org.bd/mediaroom/circulars/dos/mar142019dosl04.pdf,DOS Circular Letter No. 04: Keeping scheduled bank branches closed in the election area on the 18th March 2019 Monday for the 5th Upazilla Parishad General Election (2nd Phase),Not Available,14/03/19,04
https://www.bb.org.bd/mediaroom/circulars/fepd/mar142019fepd05.pdf,FEPD Circular Letter No. 05: Performing Hajj 1440 hijri/2019 under Government and Private Management,Not Available,14/03/19,05
https://www.bb.org.bd/mediaroom/circulars/fepd/mar112019fepdl13.pdf,FEPD Circular No. 13: Issuance of Authorized Gold Dealer License for importation of Gold bar and Jewellery.,Not Available,11/03/19,13
https://www.bb.org.bd/mediaroom/circulars/psd/mar112019psd01e.pdf,PSD Circular Letter No. 01: Guidelines for National Payment Switch Bangladesh (NPSB) Logo,Not Available,11/03/19,01
https://www.bb.org.bd/mediaroom/circulars/dos/mar072019dos01.pdf,DOS Circular No. 01: Compliance with Advance-Deposit Ratio (ADR)/Investment-Deposit Ratio (IDR),Not Available,07/03/19,01
https://www.bb.org.bd/mediaroom/circulars/dos/mar062019dosl03.pdf,DOS Circular Letter No. 03: Keeping scheduled bank branches closed in the election area on the 10th March 2019 Sunday for the 5th Upazilla Parishad General Election (1st Phase),Not Available,06/03/19,03
https://www.bb.org.bd/mediaroom/circulars/brpd/mar042019brpdl04.pdf,BRPD Circular Letter No. 04: Regarding Value Added Tax(VAT) Realization/Collection,Not Available,04/03/19,04
https://www.bb.org.bd/mediaroom/circulars/fid/feb272019dfiml02.pdf,"DFIM Circular Letter No. 02: Keeping FIs Closed on 28th February, 2019 Thursday in DNCC, DSCC, Different Pourashavas & Union Parishads",Not Available,27/02/19,02
https://www.bb.org.bd/mediaroom/circulars/dos/feb262019dosl02.pdf,"DOS Circular Letter No. 02 : Keeping Scheduled Banks Closed on 28th February, 2019 Thursday in DNCC, DSCC, Different Pourashavas & Union Parishads.",Not Available,26/02/19,02
https://www.bb.org.bd/mediaroom/circulars/fepd/feb252019fepdl04.pdf,FEPD Circular Letter No. 04: Specimen Signature,Not Available,25/02/19,04
https://www.bb.org.bd/mediaroom/circulars/feod/feb252019feod04.pdf,FEOD Circular No. 04: Regarding cancellation/circulation of Specimen Signature,Not Available,25/02/19,04
https://www.bb.org.bd/mediaroom/circulars/brpd/feb252019brpdl03.pdf,BRPD Circular Letter No. 03: Repeal of the S.R.O. No. 474-4/85 dated 12 November 1985.,Not Available,25/02/19,03
https://www.bb.org.bd/mediaroom/circulars/aml/feb242019bfiul01.pdf,BFIU Circular Letter No. 01: Regarding Money laundering Prevention Rules 2019,Not Available,24/02/19,01
https://www.bb.org.bd/mediaroom/circulars/fepd/feb182019fepdl03.pdf,FEPD Circular Letter No. 03: Regarding clarification of effective date of SRO No 02-AIN/IncomeTax/2019,Not Available,18/02/19,03
https://www.bb.org.bd/mediaroom/circulars/feod/feb062019feodl03.pdf,FEOD Circular Letter No. 03: Regarding matching of overdue bill of entry without prior approval of Bangladesh Bank.,Not Available,06/02/19,03
https://www.bb.org.bd/mediaroom/circulars/brpd/feb062019brpd01.pdf,BRPD Circular No. 01: Loan/Investment Write-off Policy,Not Available,06/02/19,01
https://www.bb.org.bd/mediaroom/circulars/aml/jan312019bfiu23.pdf,"BFIU Circular No. 23: Instructions regarding Internal Control and Foreign Branches and Subsidiaries of ""Financial Institution Group""",Not Available,31/01/19,23
https://www.bb.org.bd/mediaroom/circulars/aml/jan312019bfiu22.pdf,BFIU Circular No. 22: Instructions regarding Exchange of Information among the reporting organizations,Not Available,31/01/19,22
https://www.bb.org.bd/mediaroom/circulars/aml/jan302019bfiu21.pdf,BFIU Circular No. 21: Amendment of Section 9 of BFIU Circular- 19 dated 17/09/2017,Not Available,30/01/19,21
https://www.bb.org.bd/mediaroom/circulars/brpd/jan292019brpdl02.pdf,BRPD Circular Letter No. 02: Name change of The Farmers Bank Limited to Padma Bank Limited,Not Available,29/01/19,02
https://www.bb.org.bd/mediaroom/circulars/fepd/jan272019fepdl02.pdf,FEPD Circular Letter No. 02: Regarding not to open Letter of Credit to import goods except approved list via Custom Land Station.,Not Available,27/01/19,02
https://www.bb.org.bd/mediaroom/circulars/dos/jan232019dosl01.pdf,DOS Circular Letter No. 01: Keeping scheduled bank branches closed in the election area on 27th January 2019 Sunday for the parliamentary election to 31 Gainbandha-3 constituency,Not Available,23/01/19,01
https://www.bb.org.bd/mediaroom/circulars/fepd/jan162019fepdl01.pdf,FEPD Circular Letter No. 01: Online reporting of inland back to back LC,Not Available,16/01/19,01
https://www.bb.org.bd/mediaroom/circulars/brpd/jan092019brpdl01.pdf,"BRPD Circular Letter No. 01: Limit of Cost for the Establishment, Relocation and Decoration of Business Centres of Banks.",Not Available,09/01/19,01
https://www.bb.org.bd/mediaroom/circulars/fepd/jan072019fepd02.pdf,FEPD Circular No. 02: Export subsidy against export of Pet Bottle Flakes,Not Available,07/01/19,02
https://www.bb.org.bd/mediaroom/circulars/feod/jan062019feod01.pdf,FEOD Circular No. 01: Regarding Cancellation/Circulation of Specimen Signature,Not Available,06/01/19,01
https://www.bb.org.bd/mediaroom/circulars/fepd/jan022019fepd01.pdf,FEPD Circular No. 01: Export subsidy against export of Polyester Staple Fiber (PSF).,Not Available,02/01/19,01
https://www.bb.org.bd/mediaroom/circulars/dmd/jan012019dmdl01.pdf,DMD Circular Letter No. 01: Marking to Market based Revaluation of Treasury Bills & Bonds held by the Banks on the basis of Published Yield,Not Available,01/01/19,01
https://www.bb.org.bd/mediaroom/circulars/psd/dec272018psd07.pdf,PSD Circular No. 07: Temporary Postpone of MFS Transaction,Not Available,27/12/18,07
https://www.bb.org.bd/mediaroom/circulars/brpd/dec272018brpdl28.pdf,BRPD Circular Letter No. 28: Policy regarding establishment of business center by Banks,Not Available,27/12/18,28
https://www.bb.org.bd/mediaroom/circulars/fepd/dec272018fepdl18.pdf,FEPD Circular Letter No. 18: Opening of LC to import consumer goods,Not Available,27/12/18,18
https://www.bb.org.bd/mediaroom/circulars/psd/dec272018psdl03.pdf,"PSD Circular Letter No. 03: To ensure uninterrupted transactions through Automated Teller Machine (ATM), Point of Sale (POS) and e-Payment Gateway during Parliament Election 2018",Not Available,27/12/18,03
https://www.bb.org.bd/mediaroom/circulars/brpd/dec262018brpdl27.pdf,BRPD Circular Letter No. 27:Collection of Excise duty on Trade Facilities and Lending Facilities like LATR.,Not Available,26/12/18,27
https://www.bb.org.bd/mediaroom/circulars/fid/dec262018dfiml12.pdf,DFIM Circular Letter No. 12:Financial Institutions will remain closed on 30/12/2018 due to the 11th National Parliament Election,Not Available,26/12/18,12
https://www.bb.org.bd/mediaroom/circulars/dos/dec242018dosl27.pdf,DOS Circular Letter No. 27: Scheduled banks will remain closed on 30/12/2018 due to the 11th National Parliament Election,Not Available,24/12/18,27
https://www.bb.org.bd/mediaroom/circulars/brpd/dec242018brpdl26.pdf,BRPD Circular Letter No. 26: Appointment and Responsibilities of Chief Executive of a Bank-Company.,Not Available,24/12/18,26
https://www.bb.org.bd/mediaroom/circulars/brpd/dec242018brpd18.pdf,BRPD Circular No. 18: Removal of disparity in age limit between Chief Executive and other Contractual Officials of a Bank-Company,Not Available,24/12/18,18
https://www.bb.org.bd/mediaroom/circulars/fid/dec192018dfiml11.pdf,DFIM Circular Letter No. 11:Regarding annual closing of Financial Institutions,Not Available,19/12/18,11
https://www.bb.org.bd/mediaroom/circulars/dos/dec182018dosl26.pdf,DOS Circular Letter No. 26: Regarding annual closing of scheduled banks,Not Available,18/12/18,26
https://www.bb.org.bd/mediaroom/circulars/brpd/dec172018brpd17.pdf,BRPD Circular No. 17: Agricultural Loan Rescheduling.,Not Available,17/12/18,17
https://www.bb.org.bd/mediaroom/circulars/finincld/dec172018fidl02.pdf,FID Circular Letter No. 02: Regarding transformation of school banking account into general savings account,Not Available,17/12/18,02
https://www.bb.org.bd/mediaroom/circulars/sd/dec132018sd05.pdf,SD Circular No. 05: Regarding time refixation of SBS-1 reporting,Not Available,13/12/18,05
https://www.bb.org.bd/mediaroom/circulars/fepd/dec112018fepd41.pdf,FEPD Circular No. 41:Export subsidy against export of Galvanized Sheet/Coils,Not Available,11/12/18,41
https://www.bb.org.bd/mediaroom/circulars/fepd/dec112018fepd40.pdf,FEPD Circular No. 40:Export subsidy against export of Crabs and eel,Not Available,11/12/18,40
https://www.bb.org.bd/mediaroom/circulars/fepd/dec112018fepd39.pdf,FEPD Circular No. 39: Export subsidy against export of Cap,Not Available,11/12/18,39
https://www.bb.org.bd/mediaroom/circulars/fepd/dec112018fepd38.pdf,FEPD Circular No. 38: Export subsidy against export of Ceramics goods,Not Available,11/12/18,38
https://www.bb.org.bd/mediaroom/circulars/fepd/dec112018fepd37.pdf,FEPD Circular No. 37: Export subsidy against export of Razor and Razor blades,Not Available,11/12/18,37
https://www.bb.org.bd/mediaroom/circulars/fepd/dec112018fepd36.pdf,FEPD Circular No. 36: Export subsidy against export of Chemicals,Not Available,11/12/18,36
https://www.bb.org.bd/mediaroom/circulars/fepd/dec112018fepd35.pdf,FEPD Circular No. 35: Export subsidy against export of Motorcycle,Not Available,11/12/18,35
https://www.bb.org.bd/mediaroom/circulars/fepd/dec112018fepd34.pdf,FEPD Circular No. 34: Export subsidy against export of Photovoltaic Module,Not Available,11/12/18,34
https://www.bb.org.bd/mediaroom/circulars/fepd/dec112018fepd33.pdf,FEPD Circular No. 33: Export subsidy against export of Pharmaceuticals goods,Not Available,11/12/18,33
https://www.bb.org.bd/mediaroom/circulars/fid/dec042018dfiml10.pdf,DFIM Circular Letter No. 10: Holidays for Financial Institutions in Bangladesh in 2019,Not Available,04/12/18,10
https://www.bb.org.bd/mediaroom/circulars/acd/dec032018acdl02.pdf,ACD Circular Letter No. 02: Regarding CIB Reporting,Not Available,03/12/18,02
https://www.bb.org.bd/mediaroom/circulars/brpd/dec032018brpdl25.pdf,BRPD Circular Letter No. 25: Regarding Transfer of Jute Sector Outstanding Loans to Block Account,Not Available,03/12/18,25
https://www.bb.org.bd/mediaroom/circulars/psd/nov262018psdl02.pdf,PSD Circular Letter No. 02: Regarding compliance of instructions of PSD Circular No. 04/2017,Not Available,26/11/18,02
https://www.bb.org.bd/mediaroom/circulars/fid/nov252018dfiml09.pdf,DFIM Circular Letter No. 09: Providing information regarding defaulted loan for the 11th national parliamentary election of Bangladesh,Not Available,25/11/18,09
https://www.bb.org.bd/mediaroom/circulars/dos/nov222018dosl24.pdf,DOS Circular Letter No. 24: Regarding keeping LC opening branches of banks situated at Hazrat Shahjalal Int'l Airport open on every Saturday.,Not Available,22/11/18,24
https://www.bb.org.bd/mediaroom/circulars/brpd/nov222018brpdl24.pdf,BRPD Circular Letter No. 24: Providing information regarding defaulted loan for the 11th national parliamentary election of Bangladesh,Not Available,22/11/18,24
https://www.bb.org.bd/mediaroom/circulars/brpd/nov202018brpdl23.pdf,"BRPD Circular Letter No. 23: Article 2(b)(iii) of Right to Information act, 2009",Not Available,20/11/18,23
https://www.bb.org.bd/mediaroom/circulars/fepd/nov112018fepd32.pdf,"FEPD Circular No. 32: Extension of time for submission of application for Export Subsidy against export of Software, ITES and Hardware",Not Available,11/11/18,32
https://www.bb.org.bd/mediaroom/circulars/brpd/nov012018brpdl22.pdf,"BRPD Circular Letter No. 22: Waiver from section 14Ka(1) of the Bank-Company Act, 1991",Not Available,01/11/18,22
https://www.bb.org.bd/mediaroom/circulars/brpd/nov012018brpdl21.pdf,"BRPD Circular Letter No. 21: Scheduling of ""Community Bank Bangladesh Limited""",Not Available,01/11/18,21
https://www.bb.org.bd/mediaroom/circulars/brpd/oct302018brpd16.pdf,BRPD Circular No. 16: Guidelines on Internal Credit Risk Rating System for Banks,Not Available,30/10/18,16
https://www.bb.org.bd/mediaroom/circulars/acd/oct282018acdl01.pdf,ACD Circular Letter No. 01: Revised guidelines for refinance scheme on Milk Production and Artificial Insemination,Not Available,28/10/18,01
https://www.bb.org.bd/mediaroom/circulars/brpd/oct252018brpd15.pdf,BRPD Circular No. 15: Regarding Employee Transfer and Mandatory Annual Leave,Not Available,25/10/18,15
https://www.bb.org.bd/mediaroom/circulars/brpd/oct182018brpd14.pdf,BRPD Circular No. 14: Formation and Responsibilities of Board of Directors of a Bank-Company,Not Available,18/10/18,14
https://www.bb.org.bd/mediaroom/circulars/brpd/oct172018brpd12.pdf,BRPD Circular No. 12: Providing special financial policy assistance for the agriculture and SME sectors' borrowers affected by the recent Padma river erosion.,Not Available,17/10/18,12
https://www.bb.org.bd/mediaroom/circulars/gbcrd/oct162018sfdl03.pdf,SFD Circular Letter No. 03: Regarding assistance for the people affected by The Padma river erosion areas in Shariatpur District (Naria Upazilla) under CSR activities,Not Available,16/10/18,03
https://www.bb.org.bd/mediaroom/circulars/fepd/oct112018fepdl16.pdf,FEPD Circular Letter No. 16: Regarding issuance of export registration certificate by Chief Controller of Imports and Exports to Indenting Agents with Bangladesh Indenting agents association membership,Not Available,11/10/18,16
https://www.bb.org.bd/mediaroom/circulars/brpd/oct092018brpdl20.pdf,"BRPD Circular Letter No. 20: Exemption from compliance of section 26KA(1)(kha) of the Bank Company Act, 1991 in case of investment in ICB's subordinated bond only",Not Available,09/10/18,20
https://www.bb.org.bd/mediaroom/circulars/eef/oct092018eefl01.pdf,EEF Circular Letter No. 01: Submission of EOI for establishment of Food Processing & Agro-based and ICT Projects under Entrepreneurship Support Fund (ESF) Loan,Not Available,09/10/18,01
https://www.bb.org.bd/mediaroom/circulars/dos/oct022018dosl22.pdf,"DOS Circular Letter No. 22: Keeping scheduled bank branches closed in the election area on 3rd October, 2018 Wednesday for Tarail Upazilla Parishad chariman election of Kishoreganj District, Shahrasti Upazilla Parishad chariman election of Chandpur District, and chairman elections of listed 6 UPs",Not Available,02/10/18,22
https://www.bb.org.bd/mediaroom/circulars/dos/oct022018dosl21.pdf,"DOS Circular Letter No. 21: Keeping scheduled bank branches closed in the election area on 3rd October, 2018 Wednesday for Golapganj Pouroshava mayor by-election of Sylhet District",Not Available,02/10/18,21
https://www.bb.org.bd/mediaroom/circulars/brpd/sep272018brpd11.pdf,BRPD Circular No. 11: Not to consider any matter/Memo in the Board meeting without prior approval of competent Authority,Not Available,27/09/18,11
https://www.bb.org.bd/mediaroom/circulars/fepd/sep272018fepd27.pdf,FEPD Circular No. 27: Export subsidy against export of Active Pharmaceuticals Ingredients (API).,Not Available,27/09/18,27
https://www.bb.org.bd/mediaroom/circulars/fid/sep182018dfim03.pdf,DFIM Circular No. 03:Integrity Award Guidelines for Financial Institutions,Not Available,18/09/18,03
https://www.bb.org.bd/mediaroom/circulars/fepd/sep162018fepdl15.pdf,FEPD Circular Letter No. 15: Appointment of Audit firm for Cash incentive/Export subsidy in textile and other sectors,Not Available,16/09/18,15
https://www.bb.org.bd/mediaroom/circulars/brpd/sep122018brpd10.pdf,BRPD Circular No. 10 : Policy on Unclaimed Deposits & Valuables,Not Available,12/09/18,10
https://www.bb.org.bd/mediaroom/circulars/feod/sep122018feod04.pdf,FEOD Circular No. 04:Regarding Cancellation/Circulation of Specimen Signature.,Not Available,12/09/18,04
https://www.bb.org.bd/mediaroom/circulars/psd/sep122018psd06.pdf,PSD Circular No. 06: Amendment of PSD circular No. 04/2017,Not Available,12/09/18,06
https://www.bb.org.bd/mediaroom/circulars/fepd/sep102018fepd26.pdf,FEPD Circular No. 26: Export subsidy/Cash incentive for financial year 2018-2019,Not Available,10/09/18,26
https://www.bb.org.bd/mediaroom/circulars/gbcrd/aug262018sfdl02.pdf,SFD Circular Letter No.02:Revision of Uniform Format for submission of Progress Report on Green Banking Activities of Banks and Financial Institutions Quarterly Reporting format of Bank  |  Quarterly Reporting format of FIs,Not Available,26/08/18,02
https://www.bb.org.bd/mediaroom/circulars/brpd/aug202018brpdl19.pdf,BRPD Circular Letter No. 19:Extension of Banking Hour and Keeping the Bank Branches Open in the Dhaka Metropolitan City on the Day before Eid-ul-Adha,Not Available,20/08/18,19
https://www.bb.org.bd/mediaroom/circulars/brpd/aug202018brpdl18.pdf,BRPD Circular Letter No. 18: Strengthening of Safety of Business Centers of the Banks,Not Available,20/08/18,18
https://www.bb.org.bd/mediaroom/circulars/psd/aug192018psd05.pdf,"PSD Circular No. 05: To ensure uninterrupted transactions through Automated Teller Machine (ATM), Point of Sale (POS) , e-Payment Gateway and Mobile Financial Services (MFS) during Eid-ul-Azha festival",Not Available,19/08/18,05
https://www.bb.org.bd/mediaroom/circulars/fepd/aug162018fepdl14.pdf,FEPD Circular Letter No. 14: Issuance of Standing Order No. 01/2018 dated 30.07.2018 of National Board of Revenue,Not Available,16/08/18,14
https://www.bb.org.bd/mediaroom/circulars/psd/aug162018psdl01.pdf,PSD Circular Letter No. 01: Alert for possible cyber attack in Banking system,Not Available,16/08/18,01
https://www.bb.org.bd/mediaroom/circulars/brpd/aug142018brpd09.pdf,BRPD Circular No. 09: Regarding Schedule of Charges,Not Available,14/08/18,09
https://www.bb.org.bd/mediaroom/circulars/dos/aug142018dosl20.pdf,"DOS Circular Letter No. 20: Keeping scheduled bank branches of garments industry area open on 18th August, 2018 Saturday for the payment of garment workers' wages and other allowances before Eid-ul-Adha",Not Available,14/08/18,20
https://www.bb.org.bd/mediaroom/circulars/dcm/aug142018dcml05.pdf,DCM Circular Letter No. 05: Providing note detecting services by the bank officials to the cattle traders in the cattle market for fake note prevention,Not Available,14/08/18,05
https://www.bb.org.bd/mediaroom/circulars/fid/aug092018dfiml08.pdf,DFIM Circular Letter No. 08: Observing the National Mourning Day and the 43rd anniversary of martyrdom of Father of the Nation Bangabandhu Sheikh Mujibur Rahman with due respect,Not Available,09/08/18,08
https://www.bb.org.bd/mediaroom/circulars/dos/aug082018dosl19.pdf,DOS Circular Letter No. 19: Regarding observing the National Mourning Day and the 43rd anniversary of martyrdom of Father of the Nation Bangabandhu Sheikh Mujibur Rahman with due respect,Not Available,08/08/18,19
https://www.bb.org.bd/mediaroom/circulars/brpd/aug082018brpd08.pdf,BRPD Circular No. 08: Regarding National Integrity Award Guideline,Not Available,08/08/18,08
https://www.bb.org.bd/mediaroom/circulars/eef/eoiform.pdf,EEF Circular No. 35: Submission of EOI for establishment of Food Processing & Agro-based and ICT Projects under Entrepreneurship Support Fund (ESF) Loan. EOI Form  |   |  Guideline of EOI Form,Not Available,05/08/18,35
https://www.bb.org.bd/mediaroom/circulars/fepd/aug022018fepdl13.pdf,FEPD Circular Letter No. 13: Settlement of application regarding time extension for matching overdue Bill of Entry,Not Available,02/08/18,13
https://www.bb.org.bd/mediaroom/circulars/brpd/jul302018brpdl17.pdf,"BRPD Circular Letter No. 17: Waiver from section 14Ka(1) of the Bank-Company Act, 1991",Not Available,30/07/18,17
https://www.bb.org.bd/mediaroom/circulars/brpd/jul302018brpdl16.pdf,BRPD Circular Letter No. 16: Scheduling of Probashi Kallyan Bank,Not Available,30/07/18,16
https://www.bb.org.bd/mediaroom/circulars/brpd/jul262018brpdl15.pdf,BRPD Circular Letter No. 15:Compliance of Guidelines on Risk Based Capital Adequacy (RBCA) for banks,Not Available,26/07/18,15
https://www.bb.org.bd/mediaroom/circulars/brpd/jul262018brpdl14.pdf,BRPD Circular Letter No. 14: Compliance of Asset Liability Management Guidelines,Not Available,26/07/18,14
https://www.bb.org.bd/mediaroom/circulars/acd/jul252018acd01.pdf,ACD Circular No. 01: Agricultural & Rural Credit Policy and Program for the FY 2018-2019.,Not Available,25/07/18,01
https://www.bb.org.bd/mediaroom/circulars/fid/jul242018dfiml07.pdf,"DFIM Circular Letter No. 07 : Keeping FI branches closed in the election areas on 30 July, 2018 Monday for the election of Rajshahi, Barisal & Sylhet City Corporation",Not Available,24/07/18,07
https://www.bb.org.bd/mediaroom/circulars/dos/jul232018dosl18.pdf,"DOS Circular Letter No. 18: Keeping scheduled bank branches closed in the election area on 25th July, 2018 Wednesday for Pourashava polls of Araihazar & Gopaldi Pourashavas of Narayanganj district and Cox's Bazar Pourashava of Cox's Bazar district",Not Available,23/07/18,18
https://www.bb.org.bd/mediaroom/circulars/dos/jul232018dosl17.pdf,"DOS Circular Letter No. 17: Keeping scheduled bank branches closed in the election area on 25th July, 2018 Wednesday for Tarakanda Upazilla Parishad general election of Mymensingh District, Chairman/Vice-chairman by-elections of 5 UPs and general elections of 6 UPs",Not Available,23/07/18,17
https://www.bb.org.bd/mediaroom/circulars/dos/jul232018dosl16.pdf,"DOS Circular Letter No. 16: Keeping scheduled bank branches closed in the election area on 30th July, 2018 Monday for city corporation elections to Rajshahi, Sylhet and Barisal",Not Available,23/07/18,16
https://www.bb.org.bd/mediaroom/circulars/fepd/jul232018fepdl12.pdf,"FEPD Circular Letter No. 12: Obtaining certification from NBR under Double Taxation Avoidance Treaty before remittance abroad on behalf of any company, organization or individual",Not Available,23/07/18,12
https://www.bb.org.bd/mediaroom/circulars/fepd/jul222018fepd22.pdf,"FEPD Circular No. 22: Export subsidy against export of intestines, horns and tendons of cow & buffalo (except bone)",Not Available,22/07/18,22
https://www.bb.org.bd/mediaroom/circulars/dos/jul172018dosl15.pdf,"DOS Circular Letter No. 15: Keeping scheduled bank branches closed in the election area on 25th July, 2018 Wednesday for by-elections of vacant Kurigram-3 constituency of Kurigram district",Not Available,17/07/18,15
https://www.bb.org.bd/mediaroom/circulars/psd/jul122018psd03.pdf,"PSD Circular No. 03: Providing permission for Card-Based Payments through Contactless payment service using NFC technology and Ensuring Security, Minimizing Transaction Risks & Enhancing Public Awareness.",Not Available,12/07/18,03
https://www.bb.org.bd/mediaroom/circulars/fepd/jul082018fepdl11.pdf,"FEPD Circular Letter No. 11: Amendment in Importers, Exporters and Indentors (Registration) Order, 1981",Not Available,08/07/18,11
https://www.bb.org.bd/mediaroom/circulars/smespd/jun282018smespdl02.pdf,SMESPD Circular Letter No. 02: Submission of information as per revised and newly added statements.,Not Available,28/06/18,02
https://www.bb.org.bd/mediaroom/circulars/dos/jun272018dosl14.pdf,"DOS Circular Letter No. 14: Keeping related scheduled bank branches open on 30/06/2018 Saturday for the convenience of depositing income tax, VAT & custom duties through chalan receipt or Pay Order facilities",Not Available,27/06/18,14
https://www.bb.org.bd/mediaroom/circulars/brpd/jun262018brpdl13.pdf,BRPD Circular Letter No. 13: Regarding L/C Margin for Rice Import,Not Available,26/06/18,13
https://www.bb.org.bd/mediaroom/circulars/fid/jun262018dfiml06.pdf,DFIM Circular Letter No. 06:Refraining from offering high interest rate through mobile phone messaging to collect deposit,Not Available,26/06/18,06
https://www.bb.org.bd/mediaroom/circulars/dos/jun252018dosl13.pdf,"DOS Circular Letter No. 13: Keeping scheduled bank branches closed in the election area on 30th June, 2018 Saturday for Basail municipality election of Tangail district",Not Available,25/06/18,13
https://www.bb.org.bd/mediaroom/circulars/dos/jun252018dosl12.pdf,"DOS Circular Letter No. 12: Keeping scheduled bank branches closed in the election area on 26th June, 2018 Tuesday for general election of Gazipur City Corporation",Not Available,25/06/18,12
https://www.bb.org.bd/mediaroom/circulars/fid/jun242018dfiml05.pdf,"DFIM Circular Letter No. 05 : Keeping FI branches closed in the election areas on 26th June, 2018 Tuesday for the election of Gazipur City Corporation.",Not Available,24/06/18,05
https://www.bb.org.bd/mediaroom/circulars/dmd/jun192018dmd04.pdf,DMD Circular No. 04: Regarding cancellation of the lost Sanchoypatras,Not Available,19/06/18,04
https://www.bb.org.bd/mediaroom/circulars/brpd/jun122018brpdl12.pdf,BRPD Circular Letter No. 12: Precautionary measures to ensure safety of the business centers of banks,Not Available,12/06/18,12
https://www.bb.org.bd/mediaroom/circulars/brpd/jun122018brpdl11.pdf,BRPD Circular Letter No. 11: Regarding calculation of Intermediation Spread,Not Available,12/06/18,11
https://www.bb.org.bd/mediaroom/circulars/psd/jun112018psd02.pdf,"PSD Circular No. 02: To ensure uninterrupted transactions through Automated Teller Machine (ATM), Point of Sale (POS) , e-Payment Gateway and Mobile Financial Services (MFS) during Eid-ul-Fitr festival.",Not Available,11/06/18,02
https://www.bb.org.bd/mediaroom/circulars/fepd/jun102018fepd16new.pdf,FEPD Circular No. 16: Export subsidy against export of Active Pharmaceuticals Ingredients (API).,Not Available,10/06/18,16
https://www.bb.org.bd/mediaroom/circulars/fepd/jun102018fepd14.pdf,FEPD Circular No. 14: Regarding renewal of moneychanger licence,Not Available,10/06/18,14
https://www.bb.org.bd/mediaroom/circulars/dos/jun072018dosl11.pdf,"DOS Circular Letter No. 11: Keeping scheduled bank branches of garments industry area open on 13 June, 2018 Wednesday for the payment of garment workers' wages, bonus and other allowances before Eid-ul-Fitr",Not Available,07/06/18,11
https://www.bb.org.bd/mediaroom/circulars/dmd/jun062018dmdl01.pdf,DMD Circular Letter No. 01: Term Repo for Liquidity adjustment,Not Available,06/06/18,01
https://www.bb.org.bd/mediaroom/circulars/fid/jun062018dfiml04.pdf,"DFIM Circular Letter No. 04: Holiday for Shab-e-Qadr, Hijri-1439 (2018)",Not Available,06/06/18,04
https://www.bb.org.bd/mediaroom/circulars/dos/jun062018dosl10.pdf,DOS Circular Letter No. 10: Refixation of holiday for Shab-E-Qadr on the 13th June 2018 Wednesday instead of 12th June 2018 for all scheduled banks in Bangladesh,Not Available,06/06/18,10
https://www.bb.org.bd/mediaroom/circulars/brpd/jun052018brpdl10.pdf,BRPD Circular Letter No. 10: Ensuring proper utilization of loan,Not Available,05/06/18,10
https://www.bb.org.bd/mediaroom/circulars/brpd/may302018brpdl09.pdf,BRPD Circular Letter No. 09: Rationalization of rate of interest on deposit and lending,Not Available,30/05/18,09
https://www.bb.org.bd/mediaroom/circulars/brpd/may302018brpd05.pdf,BRPD Circular No. 05: Avoidance of the increasing trend of rate of interest on existing loan accounts,Not Available,30/05/18,05
https://www.bb.org.bd/mediaroom/circulars/fepd/may292018fepdl4948.pdf,"FEPD Letter No. 4948: Transfer of fund upto 0.03% against export proceeds of 100% export oriented garment industries to Central Fund (RMG sector) A/C maintained at Sonali Bank Ltd, Ramna Corporate Branch",Not Available,29/05/18,4948
https://www.bb.org.bd/mediaroom/circulars/brpd/may272018brpdl08.pdf,BRPD Circular Letter No. 08: Agent Banking Operation,Not Available,27/05/18,08
https://www.bb.org.bd/mediaroom/circulars/fepd/may242018fepdl10.pdf,"FEPD Circular Letter No. 10: Remittance for house rent, food and other expanses of hajj pilgrims in Saudi Arabia under private management for the Hijri year 1439",Not Available,24/05/18,10
https://www.bb.org.bd/mediaroom/circulars/feod/may242018feod03.pdf,FEOD Circular No. 03: Regarding circulation/cancellation of Specimen signature,Not Available,24/05/18,03
https://www.bb.org.bd/mediaroom/circulars/fepd/may232018fepdl09.pdf,FEPD Circular Letter No. 09: Performing Hajj 1439 hijri/2018 under Government and Private Management,Not Available,23/05/18,09
https://www.bb.org.bd/mediaroom/circulars/dmd/may212018dmd03.pdf,DMD Circular No. 03: Issuance of Floating Rate Treasury Bond(FRTB),Not Available,21/05/18,03
https://www.bb.org.bd/mediaroom/circulars/brpd/may212018brpd04.pdf,BRPD Circular No. 04: Guidelines for cash withdrawal through cheque of Illiterate Customer,Not Available,21/05/18,04
https://www.bb.org.bd/mediaroom/circulars/dcm/may202018dcml04.pdf,DCM Circular Letter No. 04: Instruction to be followed by scheduled banks for preventing fake note circulation duing the month of holy Ramadan,Not Available,20/05/18,04
https://www.bb.org.bd/mediaroom/circulars/fid/may152018dfiml03.pdf,"DFIM Circular Letter No. 03: Office Time schedule for Ramadan, Hijri-1439(2018)",Not Available,15/05/18,03
https://www.bb.org.bd/mediaroom/circulars/fid/may142018dfim02.pdf,"DFIM Circular No. 02: Keeping FI branches closed in the election areas on 15th May, 2018 Tuesday for election of Khulna City Corporation and eight other municipalities & union parishads",Not Available,14/05/18,02
https://www.bb.org.bd/mediaroom/circulars/dos/may142018dosl09.pdf,DOS Circular Letter No. 09: Office time table of the bank companies during the month of Holy Ramadan of Hijri 1439,Not Available,14/05/18,09
https://www.bb.org.bd/mediaroom/circulars/dos/may132018dosl08.pdf,"DOS Circular Letter No. 08: Keeping scheduled bank branches closed in the election area on 15th May, 2018 Tuesday for election of Khulna City Corporation and eight other municipalities & union parishads as mentioned in the circular letter",Not Available,13/05/18,08
https://www.bb.org.bd/mediaroom/circulars/brpd/may082018brpdl07.pdf,"BRPD Circular Letter No. 07: Exemption from compliance of section 7(3) of the Bank Company Act, 1991 (amended upto 2013)",Not Available,08/05/18,07
https://www.bb.org.bd/mediaroom/circulars/fepd/may082018fepd11.pdf,FEPD Circular No. 11: Regarding to open LC on 90 Days deferred payment basis under commercial IRC to import Opthalmic Medical Equipment including Intraocular Lens.,Not Available,08/05/18,11
https://www.bb.org.bd/mediaroom/circulars/brpd/may082018brpdl06.pdf,"BRPD Circular Letter No. 06: Exemption from Compliance of Section 14ka, 26Ka and 23 (1) (Ka) of the Bank Company Act, 1991",Not Available,08/05/18,06
https://www.bb.org.bd/mediaroom/circulars/fepd/may072018fepdl08.pdf,FEPD Circular Letter No. 08: Instruction regarding online VAT Registration Number or Business Identification Number (BIN).,Not Available,07/05/18,08
https://www.bb.org.bd/mediaroom/circulars/feod/apr252018feod01.pdf,FEOD Circular No. 01: Regarding circullation/cancellation of Specimen Signature.,Not Available,25/04/18,01
https://www.bb.org.bd/mediaroom/circulars/fid/apr242018dfiml02.pdf,DFIM Circular Letter No. 02: Reducing Rate of Interest against Loans to Ship Building Industry of Bangladesh and Providing Long Term Repayment Facility,Not Available,24/04/18,02
https://www.bb.org.bd/mediaroom/circulars/dos/apr232018dosl07.pdf,"DOS Circular Letter No. 07: Keeping scheduled bank branches closed in the election area on 25th April, 2018 Wednesday for general election of Nuralapur & Mahishasura Union Parishads of Sadar Upazilla of Narsingdi District",Not Available,23/04/18,07
https://www.bb.org.bd/mediaroom/circulars/aml/apr222018bfiul02.pdf,BFIU Circular Letter No. 02: Instructions to be followed by the financial institutions for preserving secrecy of information.,Not Available,22/04/18,02
https://www.bb.org.bd/mediaroom/circulars/aml/apr222018bfiul01.pdf,BFIU Circular Letter No. 01: Instructions to be followed by the schedule banks for preserving secrecy of information.,Not Available,22/04/18,01
https://www.bb.org.bd/mediaroom/circulars/brpd/apr182018brpdl05.pdf,"BRPD Circular Letter No. 05: Regarding deposit of Government, Semi - Government, Autonomous and Semi-Autonomous body's own fund or fund received under Annual Development Program (ADP)",Not Available,18/04/18,05
https://www.bb.org.bd/mediaroom/circulars/sd/apr172018sd02.pdf,"SD Circular No. 02: Foreign Exchange Transaction Reporting according to ""Code Lists for Reporting External Sector Transactions by the Authorised Dealers (Edition-2018)""",Not Available,17/04/18,02
https://www.bb.org.bd/mediaroom/circulars/dos/apr092018dos03.pdf,DOS Circular No. 03: Regarding Advance-Deposit Ratio (ADR)/ Investment-Deposit Ratio (IDR) and compliance of the directives of ALM Guidelines issued by BB,Not Available,09/04/18,03
https://www.bb.org.bd/mediaroom/circulars/dos/apr082018dosl06.pdf,DOS Circular Letter No. 06: Keeping all schedule bank branches open 24/7 at Agrabad area in Chittagong,Not Available,08/04/18,06
https://www.bb.org.bd/mediaroom/circulars/gbcrd/apr052018sfd02.pdf,SFD Circular No. 02: Master Circular for Islamic Refinance Scheme.,Not Available,05/04/18,02
https://www.bb.org.bd/mediaroom/circulars/fid/apr032018dfim01.pdf,DFIM Circular No. 01: Schedule of Fee/Charges/Commission for Financial Institutions,Not Available,03/04/18,01
https://www.bb.org.bd/mediaroom/circulars/psd/apr012018psd01.pdf,PSD Circular No. 01: Instructions regarding Mobile Financial Services,Not Available,01/04/18,01
https://www.bb.org.bd/mediaroom/circulars/brpd/mar292018brpd03.pdf,BRPD Circular No. 03: Regarding tenor of Loan against Trust Receipt (LTR)/Murabaha Trust Receipt (MTR)/Murabaha Post Import (MPI) facility,Not Available,29/03/18,03
https://www.bb.org.bd/mediaroom/circulars/dos/mar282018dosl06.pdf,"DOS Circular Letter No. 06: Keeping scheduled bank branches closed in the election area on 29th March, 2018 Thursday for Chairman By-polls of Sherpur's Nakla & Bhola's Tojomuddin Upazillas and General election/Postponed election of 47 Union Parishads",Not Available,28/03/18,06
https://www.bb.org.bd/mediaroom/circulars/dos/mar282018dosl05.pdf,"DOS Circular Letter No. 05: Keeping scheduled bank branches closed in the election area on 29th March, 2018 Thursday for General Election of 04 Municipalities and Election By-polls of Sunamgonj Municipality",Not Available,28/03/18,05
https://www.bb.org.bd/mediaroom/circulars/sd/mar252018sdl01.pdf,"SD Circular Letter No. 01: Foreign Exchange Transaction Reporting according to ""The Guidelines for Foreign Exchange Transactions (GFET) Volume 2 version 2018""",Not Available,25/03/18,01
https://www.bb.org.bd/mediaroom/circulars/brpd/mar252018brpdl03.pdf,BRPD Circular Letter No. 03: Fit and Proper Test Criteria of Chief Financial Officer and Chief Information Technology Officer,Not Available,25/03/18,03
https://www.bb.org.bd/mediaroom/circulars/fepd/mar212018fepd09.pdf,FEPD Circular No. 09: Drawing of shipping documents,Not Available,21/03/18,09
https://www.bb.org.bd/mediaroom/circulars/dos/mar202018dosl04.pdf,"DOS Circular Letter No. 04: Observing one-minute symbolic Blackout program on the night of March 25, 2018 marking the Genocide Day.",Not Available,20/03/18,04
https://www.bb.org.bd/mediaroom/circulars/fid/mar152018dfiml02.pdf,"DFIM Circular Letter No. 02:Keeping the National Flag half-mast throughout the day to observe one-day state mourning on March 15, 2018 due solemnity in memory of the victims of the plane crash in Kathmandu, Nepal",Not Available,15/03/18,02
https://www.bb.org.bd/mediaroom/circulars/dos/mar152018dosl03.pdf,"DOS Circular Letter No. 03: Keeping the national flag half-mast throughout the day to observe one-day state mourning on March 15, 2018 due solemnity in memory of the victims of the plane crash in Kathmandu, Nepal",Not Available,15/03/18,03
https://www.bb.org.bd/mediaroom/circulars/dos/mar122018dosl02.pdf,"DOS Circular Letter No. 02: Keeping scheduled bank branches closed in the election area on 13th March, 2018 Tuesday for Election of 29 Gaibandha-1 and 243 Brahmanbaria-1 of national parliament",Not Available,12/03/18,02
https://www.bb.org.bd/mediaroom/circulars/fepd/mar082018fepdl05.pdf,"FEPD Circular Letter No. 05: Checking of Validity,Quantitative and Qualitative Entitlement of BERC's License for the Import of Petroleum Bi-products in accordance with Import Policy Order, 2015-18",Not Available,08/03/18,05
https://www.bb.org.bd/mediaroom/circulars/fepd/mar082018fepdl04.pdf,"FEPD Circular Letter No. 04: Regarding export raw jute in the name of Un-cut, BTR and BWR",Not Available,08/03/18,04
https://www.bb.org.bd/mediaroom/circulars/gbcrd/mar082018sfdl01.pdf,SFD Circular Letter No. 01: Providing Training on SDGs and Financial Literacy to the university going youths with a view to make them contribute effectively in the economic development of the country under Corporate Social Responsibility activities,Not Available,08/03/18,01
https://www.bb.org.bd/mediaroom/circulars/fepd/mar042018fepdl03.pdf,FEPD Circular Letter No. 03: Rapid taxation on imported goods and consideration of valuation on taxable packing materials for trade facilitation.,Not Available,04/03/18,03
https://www.bb.org.bd/mediaroom/circulars/sd/feb282018sd01.pdf,SD Circular No. 01: Allocation of new Currency Code of ACU Japanese Yen and Category Code of Personal Import for all schedule/form of foreign exchange transactions reporting.,Not Available,28/02/18,01
https://www.bb.org.bd/mediaroom/circulars/brpd/feb252018brpd02.pdf,BRPD Circular No. 02: Loan Sanction Letter in Bangla,Not Available,25/02/18,02
https://www.bb.org.bd/mediaroom/circulars/dos/feb202018dos02.pdf,DOS Circular No. 02: Regarding Advance-Deposit Ratio (ADR)/Investment-Deposit Ratio (IDR),Not Available,20/02/18,02
https://www.bb.org.bd/mediaroom/circulars/fepd/feb082018fepd06.pdf,FEPD Circular No. 06: Cash incentive against export of goods made of Coconut Coir,Not Available,08/02/18,06
https://www.bb.org.bd/mediaroom/circulars/fepd/feb082018fepd05.pdf,FEPD Circular No. 05: Export subsidy against export of Accumulator Battery,Not Available,08/02/18,05
https://www.bb.org.bd/mediaroom/circulars/fepd/feb082018fepd04.pdf,FEPD Circular No. 04: Export subsidy against export of Footwear made of Synthetic & Fabrics,Not Available,08/02/18,04
https://www.bb.org.bd/mediaroom/circulars/fepd/feb082018fepd03.pdf,"FEPD Circular No. 03: Export subsidy against export of Software, ITES and Hardware.",Not Available,08/02/18,03
https://www.bb.org.bd/mediaroom/circulars/brpd/feb072018brpdl02.pdf,"BRPD Circular Letter No. 02: Bank-Company (Amendment) Act, 2018",Not Available,07/02/18,02
https://www.bb.org.bd/mediaroom/circulars/ismc/instruction.pdf,ISMC Circular No. 01: Submission of Data for Integrated Supervision System T_PS_M_NBFI_MONITOR_HO  |  T_PS_M_NBFI_MONITOR_BR  |  instruction  |  certificate,Not Available,05/02/18,01
https://www.bb.org.bd/mediaroom/circulars/fepd/feb052018fepdl02.pdf,FEPD Circular Letter No. 02:Cash Incentive against export of frozen fish,Not Available,05/02/18,02
https://www.bb.org.bd/mediaroom/circulars/dos/jan302018dos01.pdf,DOS Circular No. 01: Regarding Advance-Deposit Ratio (ADR)/Investment-Deposit Ratio (IDR),Not Available,30/01/18,01
https://www.bb.org.bd/mediaroom/circulars/dmd/jan292018dmd02.pdf,DMD Circular No. 02:Permission for the usage of downloaded forms of Sanchoypatra Sales from websites.,Not Available,29/01/18,02
https://www.bb.org.bd/mediaroom/circulars/finincld/jan282018fidl01.pdf,FID Circular Letter No. 01: Opening of Bank Accouts for students Under School Banking Guidelines annexure,Not Available,28/01/18,01
https://www.bb.org.bd/mediaroom/circulars/fepd/jan282018fepdl01.pdf,FEPD Circular Letter No. 01:Export of raw jute in the name of un-cut BTR and BWR has banned.,Not Available,28/01/18,01
https://www.bb.org.bd/mediaroom/circulars/fepd/jan252018fepd02.pdf,FEPD Circular No. 02 : New Market Exploration Assistance Against Advanced TT .,Not Available,25/01/18,02
https://www.bb.org.bd/mediaroom/circulars/gbcrd/jan152018sfd01.pdf,SFD Circular No. 01: Revision of Uniform Format for submission of Progress Report on Green Banking Activities of Banks and Financial Institutions Quarterly Reporting format of Bank  |  Quarterly Reporting format of FIs,Not Available,15/01/18,01
https://www.bb.org.bd/mediaroom/circulars/dcm/jan112018dcm02.pdf,DCM Circular No. 02: Destruction of mutilated and obsolete notes,Not Available,11/01/18,02
https://www.bb.org.bd/mediaroom/circulars/dos/jan092018dosl01.pdf,DOS Circular Letter No. 01: Submission of information regarding Wholesale Borrowing and Commitment,Not Available,09/01/18,01
https://www.bb.org.bd/mediaroom/circulars/dmd/jan092018dmd01.pdf,DMD Circular No. 01: Regarding policy of Buy-back of Bangladesh Government Treasury Bill/Bond,Not Available,09/01/18,01
https://www.bb.org.bd/mediaroom/circulars/smespd/jan072018smespdl01.pdf,SMESPD Circular Letter No. 01: Amendment of the operating guideline of Islami Shariah Based Refinancing Fund,Not Available,07/01/18,01
https://www.bb.org.bd/mediaroom/circulars/brpd/jan032018brpdl01.pdf,BRPD Circular Letter No. 01:Maintenance of general provision against the liabilities of LC(s) issued in favor of fast track power plant projects,Not Available,03/01/18,01
https://www.bb.org.bd/mediaroom/circulars/feod/dec282017feod02.pdf,FEOD Circular No. 02: Regarding Circulation/Cancellation of Specimen Signature,Not Available,28/12/17,02
https://www.bb.org.bd/mediaroom/circulars/dmd/dec282017dmd04.pdf,"DMD Circular No. 04: Active participation of all AD Branches of Scheduled Banks regarding issue/re-issue of WEDB, USDIB & USDPB.",Not Available,28/12/17,04
https://www.bb.org.bd/mediaroom/circulars/dos/dec272017dos30.pdf,"DOS Circular No. 30: Keeping scheduled bank branches closed in the election area on 28th December, 2017 Thursday for Election of 37 Union Parishads",Not Available,27/12/17,30
https://www.bb.org.bd/mediaroom/circulars/dos/dec272017dosl29.pdf,"DOS Circular Letter No. 29:Keeping scheduled bank branches closed in the election area on 28th December, 2017 Thursday for Election of 6 Pourashavas",Not Available,27/12/17,29
https://www.bb.org.bd/mediaroom/circulars/psd/dec212017psdl02.pdf,PSD Circular Letter No. 02: Amendment of PSD circular No. 04/2017,Not Available,21/12/17,02
https://www.bb.org.bd/mediaroom/circulars/fid/dec202017dfiml05.pdf,DFIM Circular Letter No. 05: Announcement of Holiday for FIs at Rangpur due to Rangpur City Corporation Election on 21 December 2017,Not Available,20/12/17,05
https://www.bb.org.bd/mediaroom/circulars/dos/dec202017dosl28.pdf,DOS Circular Letter No. 28: Keeping scheduled bank branches closed in the election area on 21 December 2017 Thursday on occasion of Rangpur City Corporation general election as mentioned in Ministry of Public Administration's memo-05.00.0000.173.08.001.12-246;Dd.19/12/2017,Not Available,20/12/17,28
https://www.bb.org.bd/mediaroom/circulars/fid/dec122017dfim04.pdf,DFIM Circular No. 04: Code of Conduct for Banks & Non-Bank Financial Institutions,Not Available,12/12/17,04
https://www.bb.org.bd/mediaroom/circulars/brpd/dec102017brpdl11.pdf,"BRPD Circular Letter No. 11: Islamic Refinance fund for agro-processors, small enterprise, renewable energy and environment-friendly ventures",Not Available,10/12/17,11
https://www.bb.org.bd/mediaroom/circulars/gbcrd/nov302017sfdl06.pdf,SFD Circular Letter No. 06: Regarding expenditure allocation for training to develop the efficiency of wage-earners and opening & maintenance of wage-earners' bank account under Corporate Social Responsibility activities to increase the foreign remittance.,Not Available,30/11/17,06
https://www.bb.org.bd/mediaroom/circulars/dos/nov302017dosl27.pdf,DOS Circular Letter No. 27: Announcement of holiday for the occasion of Eid-e-Miladunnabi (PBUH),Not Available,30/11/17,27
https://www.bb.org.bd/mediaroom/circulars/dos/nov282017dosl25.pdf,DOS Circular Letter No. 25: Keeping scheduled bank branches open till 8.00 P.M. on 29 and 30 November 2017 for the sake of income tax payment,Not Available,28/11/17,25
https://www.bb.org.bd/mediaroom/circulars/dmd/nov282017dmd03.pdf,DMD Circular No. 03: Prizebond reward distribution,Not Available,28/11/17,03
https://www.bb.org.bd/mediaroom/circulars/fid/nov272017dfiml04.pdf,DFIM Circular Letter No. 04: Holidays for Financial Institutions in Bangladesh in 2018,Not Available,27/11/17,04
https://www.bb.org.bd/mediaroom/circulars/finincld/nov152017fid01.pdf,FID Circular No. 01: Second Small and Medium Sized Enterprise Development Project (SMEDP2),Not Available,15/11/17,01
https://www.bb.org.bd/mediaroom/circulars/fepd/nov152017fepd39.pdf,FEPD Circular No. 39 :To avail 360 days deferred payment facility to import 04(four) basic raw materials of steel industry for their own use,Not Available,15/11/17,39
https://www.bb.org.bd/mediaroom/circulars/sd/nov142017sdl01.pdf,SD Circular Letter No. 01: Instructions to follow the revised Unit Code lists (Code-9) for Reporting Merchandised Export/Import in Foreign Exchange Transactions,Not Available,14/11/17,01
https://www.bb.org.bd/mediaroom/circulars/fepd/nov132017fepd38.pdf,FEPD Circular No. 38: Regarding Correction of FMJ Form,Not Available,13/11/17,38
https://www.bb.org.bd/mediaroom/circulars/fepd/nov072017fepdl17.pdf,"FEPD Circular Letter No. 17: Opinion on including the value of containers and other packing materials while estimating the value of imported goods for excise determination purpose in light of Section 219B of The Customs Act, 1969 for trade facilitation.",Not Available,07/11/17,17
https://www.bb.org.bd/mediaroom/circulars/brpd/nov062017brpd16.pdf,BRPD Circular No. 16: Regarding the issuance of Code of Conduct for Banks & Non-Bank Financial Institutions,Not Available,06/11/17,16
https://www.bb.org.bd/mediaroom/circulars/psd/nov052017psd06.pdf,PSD Circular No. 06: Instructions regarding Mobile Financial Services Operation,Not Available,05/11/17,06
https://www.bb.org.bd/mediaroom/circulars/smespd/oct302017smespdl03.pdf,"SMESPD Circular Letter No. 03: Allowing Grace Period against Short, Medium & Long Term Loan in favor of Cottage, Micro & Small Entrepreneurs",Not Available,30/10/17,03
https://www.bb.org.bd/mediaroom/circulars/dos/oct262017dosl24.pdf,DOS Circular Letter No. 24: Keeping scheduled bank branches closed in the election area on 30 October 2017 Monday on occasion of general election of Fatikchhari Pourashava of Chittagong District & on 04 November 2017 Saturday on occasion of by-election of Vice Chairman of Bahubal Upazila of Habiganj District as mentioned in Ministry of Public Administration's memo-05.00.0000.173.08.001.12-214;Dd.25/10/2017,Not Available,26/10/17,24
https://www.bb.org.bd/mediaroom/circulars/acd/oct222017acd03.pdf,ACD Circular No. 03: Determination of Target for Disbursement of Agricultural & Rural Credit and its Implementation for All Private Commercial & Foreign Banks,Not Available,22/10/17,03
https://www.bb.org.bd/mediaroom/circulars/fepd/oct162017fepd37.pdf,FEPD Circular No. 37: Import and Export of Currency Notes,Not Available,16/10/17,37
https://www.bb.org.bd/mediaroom/circulars/fepd/oct052017fepdl14.pdf,"FEPD Circular Letter No. 14: ''Opening LC for importing Ready-to-use Mosquito coil,lotion and Vaporiser etc.",Not Available,05/10/17,14
https://www.bb.org.bd/mediaroom/circulars/gbcrd/sep272017sfdl05.pdf,SFD Circular Letter No. 05: Regarding Expenditure allocation for Countries tourism development under Corporate Social Responsibility activities.,Not Available,27/09/17,05
https://www.bb.org.bd/mediaroom/circulars/dos/sep212017dosl23.pdf,"DOS Circular Letter No. 23: Keeping scheduled bank branches closed in the election area on 24th September, 2017 Sunday on occasion of Karnaphuli Upazilla Parishad Election of Chittagong District & 06 UPs as mentioned in Ministry of Public Administration's memo-05.00.0000.173.08.001.17-187 Dated 21/09/2017",Not Available,21/09/17,23
https://www.bb.org.bd/mediaroom/circulars/aml/sep202017bfiul04.pdf,"BFIU Circular Letter No. 04: Issuance of ""Uniform KYC Profile Form"" for Insurance Companies.",Not Available,20/09/17,04
https://www.bb.org.bd/mediaroom/circulars/feod/sep182017feod01.pdf,FEOD Circular No. 01: Regarding Circulation/Cancellation of Specimen Signature,Not Available,18/09/17,01
https://www.bb.org.bd/mediaroom/circulars/fepd/sep182017fepd35.pdf,FEPD Circular No. 35: Amendment of form Kha for Alternative Cash incentive in RMG/Textile sector,Not Available,18/09/17,35
https://www.bb.org.bd/mediaroom/circulars/brpd/sep182017brpd14.pdf,BRPD Circular No. 14 : Prudential Guidelines for Agent Banking Operation in Bangladesh,Not Available,18/09/17,14
https://www.bb.org.bd/mediaroom/circulars/aml/sep172017bfiu20.pdf,"BFIU Circular No. 20: Instructions to be followed by the institutions engaged in the mobile financial services for prevention of money laundering, terrorist financing and proliferation financing.",Not Available,17/09/17,20
https://www.bb.org.bd/mediaroom/circulars/aml/sep172017bfiu19.pdf,"BFIU Circular No. 19: Instructions to be followed by the schedule banks for prevention of money laundering, terrorist financing and proliferation financing.",Not Available,17/09/17,19
https://www.bb.org.bd/mediaroom/circulars/gbcrd/sep062017sfd04.pdf,SFD Circular No. 04: Eligible Product List for Green Financing of Banks & Financial Institutions,Not Available,06/09/17,04
https://www.bb.org.bd/mediaroom/circulars/brpd/aug312017brpdl10.pdf,BRPD Circular Letter No. 10 : Extension of Banking Hour and Strengthening of Safety of Business Centers of the Banks,Not Available,31/08/17,10
https://www.bb.org.bd/mediaroom/circulars/dcmps/aug292017dcm01.pdf,DCM Circular No. 01: Regarding withdrawal of 2 and 5 Taka from Bangladesh Bank Offices,Not Available,29/08/17,01
https://www.bb.org.bd/mediaroom/circulars/psd/aug272017psd05.pdf,"PSD Circular No. 05:To ensure uninterrupted transactions through Automated Teller Machine (ATM), Point of Sale (POS) , e-Payment Gateway and Mobile Financial Services (MFS) during Eid-ul-Azha festival.",Not Available,27/08/17,05
https://www.bb.org.bd/mediaroom/circulars/dmd/aug272017dmdl02.pdf,DMD Circular Letter No. 02: Changed schedule of Bangladesh Bank Bill Auction.,Not Available,27/08/17,02
https://www.bb.org.bd/mediaroom/circulars/acd/aug242017acdl02.pdf,ACD Circular Letter No. 02: Revised guidelines for refinance scheme on Milk Production and Artificial Insemination,Not Available,24/08/17,02
https://www.bb.org.bd/mediaroom/circulars/psd/aug242017psd04.pdf,"PSD Circular No. 04: Ensuring Security, Minimizing Transaction Risks and Enhancing Public Awareness in Card-Based Payments Through Different payment Channels to Discourage or Reduce Cash Transactions.",Not Available,24/08/17,04
https://www.bb.org.bd/mediaroom/circulars/brpd/aug222017brpd13.pdf,BRPD Circular No. 13: Rescheduling of Short Term Agricultural & Micro Credit and Cottage & Micro Credit of SME Sector Affected by Recent Flood.,Not Available,22/08/17,13
https://www.bb.org.bd/mediaroom/circulars/brpd/aug222017brpdl09.pdf,BRPD Circular Letter No. 09: Resolving Existing Difficulties of Raw Jute Exporters,Not Available,22/08/17,09
https://www.bb.org.bd/mediaroom/circulars/fepd/aug172017fepdl13.pdf,FEPD Circular Letter No. 13: Appointment of Audit firm for Cash incentive/Export subsidy in textile and other sectors,Not Available,17/08/17,13
https://www.bb.org.bd/mediaroom/circulars/fepd/aug172017fepd31.pdf,FEPD Circular No. 31: Export subsidy/Cash incentive for financial year 2017-2018,Not Available,17/08/17,31
https://www.bb.org.bd/mediaroom/circulars/dos/aug172017dosl22.pdf,"DOS Circular Letter No. 22: Keeping scheduled bank branches closed in the election area on 20th August, 2017 Sunday on occasion of Karnaphuli Upazilla Parishad Election of Chittagong District & Union Parishad Election of 04 UPs as mentioned in Ministry of Public Administration's memo-05.00.0000.173.08.001.17-150 Dated 09/08/2017",Not Available,17/08/17,22
https://www.bb.org.bd/mediaroom/circulars/fepd/aug162017fepd30.pdf,FEPD Circular No. 30: Consideration of applications for export subsidies/cash incentives during unrealized period of export proceeds.,Not Available,16/08/17,30
https://www.bb.org.bd/mediaroom/circulars/gbcrd/aug082017sfdl04.pdf,SFD Circular Letter No. 04: Providing education/technical/financial education and opening bank account with maintinance related expenditure for street/Urchin and working children under Corporate Social Responsibility Activities,Not Available,08/08/17,04
https://www.bb.org.bd/mediaroom/circulars/brpd/aug062017brpd11.pdf,BRPD Circular No. 11: Application of Interest on Deposit and Loan Accounts of Deceased Individuals.,Not Available,06/08/17,11
https://www.bb.org.bd/mediaroom/circulars/brpd/aug032017brpd10.pdf,BRPD Circular No. 10: Amendment of Guidelines on Credit Card Operations of Banks,Not Available,03/08/17,10
https://www.bb.org.bd/mediaroom/circulars/smespd/aug032017smespdl02.pdf,SMESPD Circular Letter No. 02: Revised list of agro-based industries under Refinance Scheme for 'Setting-up Agro-based Product Processing Industries in Rural Areas' and 'Refinance fund to support Islamic Shariah-based financing',Not Available,03/08/17,02
https://www.bb.org.bd/mediaroom/circulars/dos/aug012017dosl21.pdf,DOS Circular Letter No. 21: Updated list of Rationalized Input Templates (RITs) of Department of Off-Site Supervision in the new web portal,Not Available,01/08/17,21
https://www.bb.org.bd/mediaroom/circulars/acd/jul272017acd02.pdf,ACD Circular No. 02: Agricultural & Rural Credit Policy & Program for the FY 2017-18,Not Available,27/07/17,02
https://www.bb.org.bd/mediaroom/circulars/fepd/jul272017fepdl12.pdf,FEPD Circular Letter No. 12: Issuance and payment of Back-to-Back LC in foreign currency,Not Available,27/07/17,12
https://www.bb.org.bd/mediaroom/circulars/fepd/jul192017fepdl11.pdf,FEPD Circular Letter No. 11: Amendment of Form TM and Form C,Not Available,19/07/17,11
https://www.bb.org.bd/mediaroom/circulars/fepd/jul182017fepdl10.pdf,FEPD Circular Letter No. 10: Custom house Chittagong declares to operate for 24 hours,Not Available,18/07/17,10
https://www.bb.org.bd/mediaroom/circulars/gbcrd/jul122017sfdl03.pdf,SFD Circular Letter No. 03: Distribution of relief and financial assistance among the flood affected people in northern areas and the whole country under Corporate Social Responsibility Activities.,Not Available,12/07/17,03
https://www.bb.org.bd/mediaroom/circulars/dos/jul122017dosl20.pdf,"DOS Circular Letter No. 20:Keeping scheduled bank branches closed in the election area on 13th July, 2017 Thursday on occasion of Union Parishad Electionof 23 UPs as mentioned in Ministry of Public Administration's memo-05.00.0000.173.08.001.17-130 Dated 04/07/2017",Not Available,12/07/17,20
https://www.bb.org.bd/mediaroom/circulars/smespd/jun292017smespd03.pdf,SMESPD Circular No. 03: Amendment of Section 2.2 and 2.3 of SMESPD Master Circular No. 01/2016 regarding SME financing,Not Available,29/06/17,03
https://www.bb.org.bd/mediaroom/circulars/smespd/jun292017smespd02.pdf,"SMESPD Circular No. 02: Definition of CMSMEs (Cottage, Micro, Small and Medium Enterprises) in Manufacturing & Service Sector, Micro and Small Enterprises in Trading Sector, and Credit Limit for financing to those enterprises.",Not Available,29/06/17,02
https://www.bb.org.bd/mediaroom/circulars/dos/jun222017dosl18.pdf,"DOS Circular Letter No. 18:Keeping related scheduled bank branches open on 30/06/2017 Friday for the convenience of depositing income tax, VAT & custom duties' through chalan receipt or Pay Order facilities",Not Available,22/06/17,18
https://www.bb.org.bd/mediaroom/circulars/dos/jun222017dosl19.pdf,"DOS Circular Letter No. 19 : Keeping scheduled bank branches open on 24 June, 2017 in the commercial area, district town and large shopping market areas to facilitate business activities and safe financial transactions",Not Available,22/06/17,19
https://www.bb.org.bd/mediaroom/circulars/brpd/jun222017brpd09.pdf,BRPD Circular No. 09: Re-fixation of Rate of Interest on Agricultural and Rural Credit,Not Available,22/06/17,09
https://www.bb.org.bd/mediaroom/circulars/brpd/jun222017brpdl08.pdf,BRPD Circular Letter No. 08 : Precautionary measures to ensure safety of the business centers of banks,Not Available,22/06/17,08
https://www.bb.org.bd/mediaroom/circulars/brpd/jun212017brpdl07.pdf,BRPD Circular Letter No. 07: L/C Margin for Rice Import,Not Available,21/06/17,07
https://www.bb.org.bd/mediaroom/circulars/fid/jun202017dfim03.pdf,DFIM Circular No. 03: Issuance of License to a New Financial Institution,Not Available,20/06/17,03
https://www.bb.org.bd/mediaroom/circulars/dos/jun202017dosl17.pdf,"DOS Circular Letter No. 17: Keeping scheduled bank branches dealing with foreign remittance open on 24 June, 2017 to facilitate foreign remittance distribution",Not Available,20/06/17,17
https://www.bb.org.bd/mediaroom/circulars/dos/jun202017dosl16.pdf,"DOS Circular Letter No. 16: Keeping scheduled bank branches of garments industry area open on 23 and 24 June, 2017 for the payment of garment workers' wages, bonus and other allowances before Eid-ul-Fitr",Not Available,20/06/17,16
https://www.bb.org.bd/mediaroom/circulars/psd/jun202017psd03.pdf,"PSD Circular No. 03: To ensure uninterrupted transactions through Automated Teller Machine (ATM), Point of Sale (POS) , e-Payment Gateway and Mobile Financial Services (MFS) during Eid-ul-Fitar festival.",Not Available,20/06/17,03
https://www.bb.org.bd/mediaroom/circulars/dos/jun192017dosl15.pdf,"DOS Circular Letter No. 15 : Keeping bank branches open in custom house & customs stations areas on 23-25 June, 2017 before Eid-ul-Fitr",Not Available,19/06/17,15
https://www.bb.org.bd/mediaroom/circulars/brpd/jun192017brpdl06.pdf,BRPD Circular Letter No. 06: L/C Margin for Rice Import,Not Available,19/06/17,06
https://www.bb.org.bd/mediaroom/circulars/gbcrd/jun192017sfdl02.pdf,SFD Circular Letter No. 02: Distribution of relief and financial assistance for the people affected by landslides in Chittagong Hill Tracts areas under Corporate Social Responsibility Activities.,Not Available,19/06/17,02
https://www.bb.org.bd/mediaroom/circulars/fepd/jun142017fepdl09.pdf,FEPD Circular Letter No. 09 : Improvement of Remittance Services for the Non- Resident Bangladeshis (NRBs),Not Available,14/06/17,09
https://www.bb.org.bd/mediaroom/circulars/fepd/jun142017fepdl08.pdf,"FEPD Circular Letter No. 08: Remittance for house rent, food and other expanses of hajj pilgrims in Saudi Arabia",Not Available,14/06/17,08
https://www.bb.org.bd/mediaroom/circulars/fid/jun122017dfim02.pdf,DFIM Circular No. 02: Payment to the nominee/nominees after the demise of depositor/depositors,Not Available,12/06/17,02
https://www.bb.org.bd/mediaroom/circulars/dcmps/jun072017dcml03.pdf,DCM Circular Letter No. 03: Taking Necessary Steps by the Scheduled Banks for Fake Note Prevention in the Month of Holy Ramadan,Not Available,07/06/17,03
https://www.bb.org.bd/mediaroom/circulars/dcmps/jun052017dcml02.pdf,DCM Circular Letter No. 02: Taking Necessary Steps by the Scheduled Banks for Fake Note Prevention in the Month of Holy Ramadan,Not Available,05/06/17,02
https://www.bb.org.bd/mediaroom/circulars/brpd/may312017brpdl05.pdf,BRPD Circular Letter No. 05: Providing the information of lawsuits related to Sick Industries,Not Available,31/05/17,05
https://www.bb.org.bd/mediaroom/circulars/fepd/may302017fepdl07.pdf,"FEPD Circular Letter No. 07: Foreign Donations (Voluntary Activities) Regulation Act, 2016",Not Available,30/05/17,07
https://www.bb.org.bd/mediaroom/circulars/dos/may222017dosl14.pdf,"DOS Circular Letter No. 14: Keeping scheduled bank branches closed in the election area on 23rd May, 2017 Tuesday on occasion of Union Parishad Election and Pourasava Election in various UPs and Pourasavas as mentioned in Ministry of Public Administration's memo-05.00.0000.173.08-001.12-110; 004.11-111; 001.17-112 & 001.17-113 Dated 22/05/2017",Not Available,22/05/17,14
https://www.bb.org.bd/mediaroom/circulars/psd/may222017psd02.pdf,PSD Circular No. 02: Encourage the usage of Electronic Interbank Payments,Not Available,22/05/17,02
https://www.bb.org.bd/mediaroom/circulars/dos/may182017dosl13.pdf,DOS Circular Letter No. 13: Office time table of the bank companies during the month of Holy Ramadan of Hijri 1438,Not Available,18/05/17,13
https://www.bb.org.bd/mediaroom/circulars/fid/may172017dfiml03.pdf,DFIM Circular Letter No. 03: Office Time Table for Holy Ramadan of Hijri 1438 (2017 Khirstabda),Not Available,17/05/17,03
https://www.bb.org.bd/mediaroom/circulars/brpd/may162017brpd08.pdf,BRPD Circular No. 08: Prudential Guidelines for Consumer Financing and Small Enterprise Financing,Not Available,16/05/17,08
https://www.bb.org.bd/mediaroom/circulars/dos/may152017dosl12.pdf,"DOS Circular Letter No. 12: Keeping scheduled bank branches closed in the election area on 16th May, 2017 Tuesday on occasion of Union Parishad Election of 7th Pathorshy UP of Islampur Upazilla of Jamalpur District and 19 UP Election on 23th May, 2017 as mentioned in Ministry of Public Administration's memo-05.00.0000.173.08.001.11-101 Dated 14/05/2017",Not Available,15/05/17,12
https://www.bb.org.bd/mediaroom/circulars/dos/may152017dosl11.pdf,"DOS Circular Letter No. 11: Keeping scheduled bank branches closed in the election area on 16th May, 2017 Tuesday on occasion of Union Parishad By-Election of 03 UPs as mentioned in Ministry of Public Administration's memo-05.00.0000.173.08.001.17-102 Dated 15/05/2017",Not Available,15/05/17,11
https://www.bb.org.bd/mediaroom/circulars/brpd/may152017brpdl04.pdf,"BRPD Circular Letter No. 04: Proper implementation of ""The Mandatory Jute Packaging Act, 2010""",Not Available,15/05/17,04
https://www.bb.org.bd/mediaroom/circulars/brpd/may112017brpd07.pdf,BRPD Circular No. 07: Guidelines on Credit Card Operations of Banks,Not Available,11/05/17,07
https://www.bb.org.bd/mediaroom/circulars/dos/may092017dosl10.pdf,DOS Circular Letter No. 10: Self-Assessment of Internal Control System to prevent fraud-forgeries in the banks,Not Available,09/05/17,10
https://www.bb.org.bd/mediaroom/circulars/brpd/may022017brpdl03.pdf,BRPD Circular Letter No. 03: Resolving Existing Difficulties of Raw Jute Exporters,Not Available,02/05/17,03
https://www.bb.org.bd/mediaroom/circulars/dmd/apr272017dmd01.pdf,DMD Circular No. 01 : Source tax deduction from the interest of National Savings Schemes (Sanchaypatra),Not Available,27/04/17,01
https://www.bb.org.bd/mediaroom/circulars/acd/apr262017acdl01.pdf,ACD Circular Letter No. 01 : Strengthening loan disbursement activities under Milk Production and Artificial Insemination,Not Available,26/04/17,01
https://www.bb.org.bd/mediaroom/circulars/fepd/apr252017fepdl06.pdf,FEPD Circular Letter No. 06 : Using 9-digit E-BIN issued online,Not Available,25/04/17,06
https://www.bb.org.bd/mediaroom/circulars/gbcrd/apr242017sfdl01.pdf,SFD Circular Letter No. 01: Distribution of relief in the flood affected Haor regions under Corporate Social Responsibility,Not Available,24/04/17,01
https://www.bb.org.bd/mediaroom/circulars/dos/apr242017dosl09.pdf,"DOS Circular Letter No. 09 : Keeping scheduled bank branches closed in the election area on 25th April, 2017 Tuesday on occasion of Union Parishad Election of 14 UPs of Bashkhali Upazilla of Chittagong",Not Available,24/04/17,09
https://www.bb.org.bd/mediaroom/circulars/acd/apr242017acd01.pdf,ACD Circular No. 01: Providing Agricultural loan facility to the flood affected farmers of haor area,Not Available,24/04/17,01
https://www.bb.org.bd/mediaroom/circulars/fepd/apr232017fepdl05.pdf,FEPD Circular Letter No. 05: Performing Hajj under private management 1438 hijri year,Not Available,23/04/17,05
https://www.bb.org.bd/mediaroom/circulars/fepd/apr232017fepdl04.pdf,FEPD Circular Letter No. 04: Performing Hajj under public management 1438 hijri year,Not Available,23/04/17,04
https://www.bb.org.bd/mediaroom/circulars/dos/apr232017dosl08.pdf,"DOS Circular Letter No. 08: Keeping scheduled bank branches closed in the election area on 25th April, 2017 Tuesday on occasion of three pourashava general election as mentioned in Ministry of Public Administration's memo-05.00.0000.173.08.001.12-89 Dated 18/04/2017",Not Available,23/04/17,08
https://www.bb.org.bd/mediaroom/circulars/fepd/apr202017fepdl03.pdf,"FEPD Circular Letter No. 03: Imposition of 15% VAT from FY-2010-2011 on fees collected from the parties for issuing and renewing import, export and indenting certificates and submit that collected amount to government treasury",Not Available,20/04/17,03
https://www.bb.org.bd/mediaroom/circulars/brpd/apr192017brpd06.pdf,BRPD Circular No. 06: Payment to the nominee/nominees of the deceased account holder according to Section-103 of BCA,Not Available,19/04/17,06
https://www.bb.org.bd/mediaroom/circulars/dos/apr132017dosl07.pdf,"DOS Circular Letter No. 07 : Keeping scheduled bank branches closed in the election area on 16th April, 2017 Sunday on occasion of Union Parishad Election as mentioned in Ministry of Public Administrations memo-05.00.0000.173.08.004.11-86 Dated 12/04/2017",Not Available,13/04/17,07
https://www.bb.org.bd/mediaroom/circulars/dmd/apr062017dmdl01.pdf,DMD Circular Letter No. 01 : Clarification on deduction of source tax from the interest of WEDB and Pensioner sonchaypatra according to 52D of Income Tax Ordinance,Not Available,06/04/17,01
https://www.bb.org.bd/mediaroom/circulars/brpd/apr052017brpd05.pdf,BRPD Circular No. 05: Investment in Bond/Debentures,Not Available,05/04/17,05
https://www.bb.org.bd/mediaroom/circulars/smespd/apr032017smespd01.pdf,"SMESPD Circular No. 01 : Interest rate on lending to women entrepreneurs of cottage, micro and small enterprise sector under refinance schemes of SME & Special Programmes Department, Bangladesh Bank",Not Available,03/04/17,01
https://www.bb.org.bd/mediaroom/circulars/smespd/apr022017smespdl01.pdf,"SMESPD Circular Letter No. 01: Expediting financing to Cottage, Micro, Small and Medium Enterprise Sector",Not Available,02/04/17,01
https://www.bb.org.bd/mediaroom/circulars/psd/mar302017psdl01.pdf,PSD Circular Letter No. 01: Amendment of PSD circular No. 01/2016 and 03/2016,Not Available,30/03/17,01
https://www.bb.org.bd/mediaroom/circulars/dcmps/mar292017dcml01.pdf,"DCM Circular Letter No. 01: Receiving of notes irrespective of their denominated value, payment of exchange value of mutilated notes and exchange of coins with the customers by the Scheduled Bank",Not Available,29/03/17,01
https://www.bb.org.bd/mediaroom/circulars/dos/mar292017dosl06.pdf,"DOS Circular Letter No. 06:Keeping scheduled bank branches closed in the election area on 30th March, 2017 Thursday for the occasion of by-polls for the Sunamganj-2 constituency and election to Comilla City Corporation (CCC)",Not Available,29/03/17,06
https://www.bb.org.bd/mediaroom/circulars/fid/mar282017dfiml02.pdf,"DFIM Circular Letter No. 02: Keeping Non Banking Financial Institution branches closed in the election area on March 30, 2017 thursday on the occasion of Comilla City Corporation Election.",Not Available,28/03/17,02
https://www.bb.org.bd/mediaroom/circulars/dos/mar212017dosl05.pdf,"DOS Circular Letter No. 05: Keeping scheduled bank branches closed in the election area on 22nd March, 2017 Wednesday for the occasion of by-polls for the Gaibandha-1 constituency",Not Available,21/03/17,05
https://www.bb.org.bd/mediaroom/circulars/gbcrd/mar162017sfd03.pdf,SFD Circular No. 03 : Master Circular: Refinance Scheme for Green Products/Initiatives,Not Available,16/03/17,03
https://www.bb.org.bd/mediaroom/circulars/brpd/mar132017brpd03.pdf,BRPD Circular No. 03: To compensate the customers in case of fraudulent transactions,Not Available,13/03/17,03
https://www.bb.org.bd/mediaroom/circulars/brpd/mar132017brpd02.pdf,BRPD Circular No. 02: Circular on Schedule of Charges,Not Available,13/03/17,02
https://www.bb.org.bd/mediaroom/circulars/brpd/mar132017brpdl02.pdf,BRPD Circular Letter No. 02: Ensuring proper utilization of loan,Not Available,13/03/17,02
https://www.bb.org.bd/mediaroom/circulars/dos/mar052017dosl03.pdf,"DOS Circular Letter No. 03 : Keeping scheduled bank branches closed in the election area on 06th March, 2017 Monday for the occasion of Upazila Parishad General Election/By-Election of various upazilas of various districts mentioned in Ministry of Public Administration's memo-05.00.0000.173.08.004.11-54",Not Available,05/03/17,03
https://www.bb.org.bd/mediaroom/circulars/dos/mar052017dosl04.pdf,"DOS Circular Letter No. 04 : Keeping scheduled bank branches closed in the election area on 06th March, 2017 Monday for the occasion of Pourashava Mayor By-Election of Galachipa Upazila in Patuakhali District",Not Available,05/03/17,04
https://www.bb.org.bd/mediaroom/circulars/finincld/feb282017fidl01.pdf,"FID Circular Letter No. 01: Incentive Rebate Policy for ""200 Crore Taka Refinance Scheme""",Not Available,28/02/17,01
https://www.bb.org.bd/mediaroom/circulars/dos/feb152017dosl02.pdf,DOS Circular Letter No. 02:Keeping scheduled bank branches closed in the election area on 18th February 2017 for the occasion of Baghaichori Pouroshova Election of Bagaichhari Upazila under Rangamati District,Not Available,15/02/17,02
https://www.bb.org.bd/mediaroom/circulars/ficsd/feb122017ficsdl01.pdf,FICSD Circular Letter No. 01: Amendment to Guidelines for Customer Services and Complaint Management,Not Available,12/02/17,01
https://www.bb.org.bd/mediaroom/circulars/brpd/feb072017brpd01.pdf,BRPD Circular No. 01: Rationalization of Rate of Interest on Deposit and Lending,Not Available,07/02/17,01
https://www.bb.org.bd/mediaroom/circulars/aml/jan302017bfiul03.pdf,BFIU Circular Letter No. 03 : Amendment of BFIU Circular Letter No-01/2017 Dated-16/01/2017,Not Available,30/01/17,03
https://www.bb.org.bd/mediaroom/circulars/dos/jan302017dosl01.pdf,DOS Circular Letter No. 01:Keeping scheduled bank branches close in the election area on 31 January 2017 for the occasion of 133 Tangail-4 election.,Not Available,30/01/17,01
https://www.bb.org.bd/mediaroom/circulars/fid/jan292017dfim01.pdf,DFIM Circular No. 01: Call borrowing limit set based on Equity instead of Net Asset for Financial Institutions,Not Available,29/01/17,01
https://www.bb.org.bd/mediaroom/circulars/gbcrd/jan252017sfd01.pdf,SFD Circular No. 01: Policy Guidelines for the establishment and Oparation of Daycare Center for the Children of Banking Sector Working Employee,Not Available,25/01/17,01
https://www.bb.org.bd/mediaroom/circulars/aml/jan192017bfiul02.pdf,BFIU Circular Letter No. 02: Instructions to be followed by Insurance Companies to nominate Chief Anti Money Laundering Compliance Officer (CAMLCO),Not Available,19/01/17,02
https://www.bb.org.bd/mediaroom/circulars/aml/jan162017bfiul01.pdf,"BFIU Circular Letter No. 01 : Issuance of ""Uniform Account Opening Form & KYC Profile Form"" for Banks",Not Available,16/01/17,01
https://www.bb.org.bd/mediaroom/circulars/fid/jan122017dfiml01.pdf,DFIM Circular Letter No. 01: Maintaining Statutory Liquidity Ratio (SLR),Not Available,12/01/17,01
https://www.bb.org.bd/mediaroom/circulars/fepd/jan112017fepdl01.pdf,FEPD Circular Letter No. 01: Regarding Permission to Import 'Bit' Salt,Not Available,11/01/17,01
https://www.bb.org.bd/mediaroom/circulars/psd/jan102017psd01.pdf,PSD Circular No. 01:Instructions regarding Mobile Financial Services Operation,Not Available,11/01/17,01
https://www.bb.org.bd/mediaroom/circulars/fepd/dec272016fepdl33.pdf,"FEPD Circular Letter No. 33:Clarification of depositing fund upto 0.03% against export proceeds of 100% export oriented garment industries to Central Fund (RMG Sector) A/C maintained at Sonali Bank Ltd., Ramna Corporate Branch",Not Available,27/12/16,33
https://www.bb.org.bd/mediaroom/circulars/fepd/dec272016fepdl32.pdf,FEPD Circular Letter No. 32: Regarding Policy for establishment of Drawing Arrangement between the Exchange House abroad and the Bank operating in Bangladesh,Not Available,27/12/16,32
https://www.bb.org.bd/mediaroom/circulars/fid/dec202016dfiml09.pdf,DFIM Circular Letter No. 09: Keeping Financial Institution branches close in the election area on 22 December 2016 on the occasion of Narayangonj City Corporation Election,Not Available,20/12/16,09
https://www.bb.org.bd/mediaroom/circulars/dos/dec192016dosl29.pdf,DOS Circular Letter No. 29: Keeping scheduled bank branches close in the election area on 22 December 2016 on the occasion of Narayangonj City Corporation Election.,Not Available,19/12/16,29
https://www.bb.org.bd/mediaroom/circulars/dmd/dec142016dmd07.pdf,"DMD Circular No. 07 : Regarding loan sanction having lien of WEDB, USDIB, USDPB",Not Available,14/12/16,07
https://www.bb.org.bd/mediaroom/circulars/fid/dec112016dfiml08.pdf,DFIM Circular Letter No. 08: Holiday for Eid-E Miladunnabi(S),Not Available,11/12/16,08
https://www.bb.org.bd/mediaroom/circulars/dos/dec112016dosl28.pdf,DOS Circular Letter No. 28: Announcement of holiday for the occasion of Eid-e-Miladunnabi (PBUH),Not Available,11/12/16,28
https://www.bb.org.bd/mediaroom/circulars/fid/dec112016dfiml07.pdf,DFIM Circular Letter No. 07: Name Change of IPDC Finance Ltd,Not Available,11/12/16,07
https://www.bb.org.bd/mediaroom/circulars/gbcrd/dec082016sfd03.pdf,SFD Circular No. 03: Mandatory establishment and running of Effluent Treatment Plant (ETP) by potential borrowers of banks and FIs in applicable cases,Not Available,08/12/16,03
https://www.bb.org.bd/mediaroom/circulars/fid/dec042016dfiml06.pdf,DFIM Circular Letter No. 06: Collection and supply of information of the nominees of Zilla Parishad Election regarding bank default,Not Available,04/12/16,06
https://www.bb.org.bd/mediaroom/circulars/fid/dec042016dfiml05.pdf,DFIM Circular Letter No. 05: Holidays of the year 2017,Not Available,04/12/16,05
https://www.bb.org.bd/mediaroom/circulars/gbcrd/dec042016sfd02.pdf,SFD Circular No. 02: Formation and Formulation of Terms of Reference of Sustainable Finance Division in Banks and Financial Institutions,Not Available,04/12/16,02
https://www.bb.org.bd/mediaroom/circulars/feod/dec012016feod02.pdf,FEOD Circular No. 02: Regarding Circulating/Cancelling Specimen Signature,Not Available,01/12/16,02
https://www.bb.org.bd/mediaroom/circulars/dos/dec012016dosl26.pdf,DOS Circular Letter No. 26: Collection and supply of information of the nominees of Zilla Parishad Election regarding bank default,Not Available,01/12/16,26
https://www.bb.org.bd/mediaroom/circulars/dos/nov292016dosl25.pdf,DOS Circular Letter No. 25: Keeping scheduled bank branches open till 8.00 P.M. on 29 and 30 November 2016 for the sake of income tax payment,Not Available,29/11/16,25
https://www.bb.org.bd/mediaroom/circulars/feod/nov282016feod03.pdf,FEOD Circular No. 03: Submission of Inward and Outward Statements of FOREX Transaction,Not Available,28/11/16,03
https://www.bb.org.bd/mediaroom/circulars/fepd/nov242016fepd30.pdf,FEPD Circular No. 30: Export subsidy against export of auger and atar,Not Available,24/11/16,30
https://www.bb.org.bd/mediaroom/circulars/fepd/nov242016fepd29.pdf,FEPD Circular No. 29: Export subsidy against export of locally produced paper & paper-products,Not Available,24/11/16,29
https://www.bb.org.bd/mediaroom/circulars/fepd/nov242016fepd28.pdf,"FEPD Circular No. 28: Export subsidy against export of intestines, horns and tendons of cow & buffalo (except bone)",Not Available,24/11/16,28
https://www.bb.org.bd/mediaroom/circulars/dcmps/nov242016dcml08.pdf,DCM Circular Letter No. 08 : Inclusion of Identification of genuine bank notes issue in the scheduled banks annual training program.,Not Available,24/11/16,08
https://www.bb.org.bd/mediaroom/circulars/brpd/nov102016brpdl16.pdf,BRPD Circular Letter No. 16 : Compliance of the Order of honorable High Court,Not Available,10/11/16,16
https://www.bb.org.bd/mediaroom/circulars/smespd/nov032016smespdl03.pdf,"SMESPD Circular Letter No. 03 : Amendment of the Section No.- 4.3.5(Gha) of ""Refinance Fund for New Entrepreneurs in Cottage, Micro and Small Enterprise Sector"" under SMESPD Circular No.-1/2016",Not Available,03/11/16,03
https://www.bb.org.bd/mediaroom/circulars/brpd/nov032016brpdl15.pdf,"BRPD Circular Letter No. 15 : The Oriental Bank Ltd (Reconstruction) Scheme, 2007",Not Available,03/11/16,15
https://www.bb.org.bd/mediaroom/circulars/dos/oct302016dosl24.pdf,DOS Circular Letter No. 24 : keeping scheduled bank branches close on 31 October 2016 in the election area of Pakundia Munincipal of Kishorgonj district and all the suspended Union Council at different districts,Not Available,30/10/16,24
https://www.bb.org.bd/mediaroom/circulars/dmd/oct262016dmdl02.pdf,"DMD Circular Letter No. 02: Regarding Purchase of Wage Earner Development Bond,U.S. Dollar Investment Bond & U.S. Dollar Premium Bond",Not Available,26/10/16,02
https://www.bb.org.bd/mediaroom/circulars/brpd/oct162016brpdl14.pdf,BRPD Circular Letter No. 14: Precautionary measures to ensure safety of the bank branch,Not Available,16/10/16,14
https://www.bb.org.bd/mediaroom/circulars/fid/oct162016dfiml04.pdf,DFIM Circular Letter No. 04: Audit Objection on Washing and Special Allowances of Employees of State Owned Financial Institutions,Not Available,16/10/16,04
https://www.bb.org.bd/mediaroom/circulars/fepd/oct062016fepdl30.pdf,FEPD Circular Letter No. 30 : Regarding Approval of Bangladesh Bank for Revalidation of LCAF in case of Import under Long Term Buyer's/Supplier's Credit,Not Available,06/10/16,30
https://www.bb.org.bd/mediaroom/circulars/fepd/oct042016fepdl29.pdf,FEPD Circular Letter No. 29 : Appointment of Audit firm for Cash incentive/Export subsidy in textile and other sectors,Not Available,04/10/16,29
https://www.bb.org.bd/mediaroom/circulars/finincld/oct042016fidl04.pdf,FID Circular Letter No. 04:Quarterly Statement Reporting For the Loan Disbursement to 10 Taka Account Holders under 200 Crore Taka Refinance Scheme,Not Available,04/10/16,04
https://www.bb.org.bd/mediaroom/circulars/fepd/oct032016fepdl28.pdf,FEPD Circular Letter No. 28 : Establishment of Bangladesh Investment Development Authority (BIDA),Not Available,03/10/16,28
https://www.bb.org.bd/mediaroom/circulars/dmd/sep272016dmdl01.pdf,DMD Circular Letter No. 01:Regarding Source Tax deduction from National Savings Scheme (Sanchaypatra),Not Available,27/09/16,01
https://www.bb.org.bd/mediaroom/circulars/smespd/sep262016smespd02.pdf,SMESPD Circular No. 02: SME loan application form in Bengali.,Not Available,25/09/16,02
https://www.bb.org.bd/mediaroom/circulars/fepd/sep252016fepdl26.pdf,FEPD Circular Letter No. 26 : Issuance of Public Notification No. 09(2015-2018)/Import; Dated: 22/09/2016,Not Available,25/09/16,26
https://www.bb.org.bd/mediaroom/circulars/fepd/sep252016fepdl25.pdf,FEPD Circular Letter No. 25 : Requirement for submitting 'Economic life Certificate' by exporters while Importing Old Machinery,Not Available,25/09/16,25
https://www.bb.org.bd/mediaroom/circulars/fepd/sep212016fepd26.pdf,"FEPD Circular No. 26: Cash incentive against export of Carbon, produced from Jute Stalk",Not Available,21/09/16,26
https://www.bb.org.bd/mediaroom/circulars/fepd/sep212016fepd25.pdf,FEPD Circular No. 25: Cash incentive against export of seeds of Corn and Vegetables,Not Available,21/09/16,25
https://www.bb.org.bd/mediaroom/circulars/fepd/sep202016fepd24.pdf,FEPD Circular No. 24: Export subsidy/Cash incentive for financial year 2016-2017,Not Available,20/09/16,24
https://www.bb.org.bd/mediaroom/circulars/dos/sep082016dosl23.pdf,DOS Circular Letter No. 23 : Keeping scheduled bank branches of custom station areas open on 09-12 September 2016 to facilitate country's RMG export and import,Not Available,08/09/16,23
https://www.bb.org.bd/mediaroom/circulars/fid/sep082016dfiml03.pdf,DFIM Circular Letter No. 03 : Announcement of Holiday on 11 September 2016 and Working Day on 24 September 2016,Not Available,08/09/16,03
https://www.bb.org.bd/mediaroom/circulars/brpd/sep072016brpdl13.pdf,BRPD Circular Letter No. 13 : Precautionary measures to ensure safety of business centers of the banks,Not Available,07/09/16,13
https://www.bb.org.bd/mediaroom/circulars/psd/sep072016psd05.pdf,"PSD Circular No. 05: To ensure uninterrupted transactions through Automated Teller Machine (ATM), Point of Sale (POS) , e-Payment Gateway and Mobile Financial Services (MFS) during Eid-ul-Azha festival",Not Available,07/09/16,05
https://www.bb.org.bd/mediaroom/circulars/dos/sep062016dosl22.pdf,DOS Circular Letter No. 22 : Announcement of holiday on 11 September 2016 and working day on 24 September 2016,Not Available,06/09/16,22
https://www.bb.org.bd/mediaroom/circulars/dos/sep062016dosl21.pdf,DOS Circular Letter No. 21 : Keeping scheduled bank branches of custom station areas open on 09-11 September 2016 to facilitate country's RMG export and import,Not Available,06/09/16,21
https://www.bb.org.bd/mediaroom/circulars/dos/sep052016dosl20.pdf,"DOS Circular Letter No. 20 : Keeping scheduled bank branches of garments industry area open on 10 and 11 September 2016 for the payment of garment workers' wages, bonus and other allowances",Not Available,05/09/16,20
https://www.bb.org.bd/mediaroom/circulars/brpd/sep042016brpdl12.pdf,BRPD Circular Letter No. 12: Submitting Statement of Suits Filed in Money Loan Courts and other Courts (BR-04) through EDW,Not Available,04/09/16,12
https://www.bb.org.bd/mediaroom/circulars/fepd/sep042016fepdl24.pdf,FEPD Circular Letter No. 24: Providing loan facility under Export Development Fund (EDF) to deemed exporters for Bulk import.,Not Available,04/09/16,24
https://www.bb.org.bd/mediaroom/circulars/brpd/sep042016brpd06.pdf,BRPD Circular No. 06: Guidelines on Internal Control & Compliance in Banks,Not Available,04/09/16,06
https://www.bb.org.bd/mediaroom/circulars/fepd/sep042016fepdl23.pdf,FEPD Circular Letter No. 23 : Regarding withdrawal ban from Salt Import,Not Available,04/09/16,23
https://www.bb.org.bd/mediaroom/circulars/fepd/aug312016fepdl7559.pdf,FEPD Letter No. 7559 : Inviting opinion on the draft Guidelines on International Factoring,Not Available,31/08/16,7559
https://www.bb.org.bd/mediaroom/circulars/dcmps/aug312016dcml07.pdf,DCM Circular Letter No. 07 : Providing note detecting services by the bank officials towards the cattle traders in the cattle market for fake note prevention,Not Available,31/08/16,07
https://www.bb.org.bd/mediaroom/circulars/dos/aug312016dosl19.pdf,DOS Circular Letter No. 19 : Regarding submitting the quarterly statement of sectorwise outstanding loans according to revised format,Not Available,30/08/16,19
https://www.bb.org.bd/mediaroom/circulars/fepd/aug282016fepdl220.pdf,"FEPD Letter No. 220/2016-7374 : Transfer of fund upto 0.03% against export proceeds of 100% export oriented garment industries to Central Fund (RMG sector) A/C maintained at Sonali Bank Ltd., Ramna Corporate Branch",Not Available,28/08/16,220
https://www.bb.org.bd/mediaroom/circulars/acd/aug182016acdl03.pdf,ACD Circular Letter No. 03: Refinance scheme on Milk Production and artificial insemination sector,Not Available,18/08/16,03
https://www.bb.org.bd/mediaroom/circulars/dcmps/aug162016dcml06.pdf,DCM Circular Letter No. 06 : Displaying Audio-Visual on the security features of genuine bank notes,Not Available,16/08/16,06
https://www.bb.org.bd/mediaroom/circulars/brpd/aug102016brpdl11.pdf,"BRPD Circular Letter No. 11:Waiver from section 14Ka(1) of the Bank-Company Act, 1991",Not Available,10/08/16,11
https://www.bb.org.bd/mediaroom/circulars/brpd/aug102016brpdl10.pdf,"BRPD Circular Letter No. 10: Scheduling of ""Shimanto Bank Limited""",Not Available,10/08/16,10
https://www.bb.org.bd/mediaroom/circulars/feid/aug082016feidl01.pdf,FEID Circular Letter No. 01: Warning against enticing investment proposal from suspicious foreign person/firm.,Not Available,08/08/16,01
https://www.bb.org.bd/mediaroom/circulars/dos/aug042016dosl18.pdf,DOS Circular Letter No. 18 : keeping schedule bank branches closed in the election area on 7th August 2016 for the occasion of 8 Pouroshova and Naria Pouroshova of Shariatpur District election,Not Available,04/08/16,18
https://www.bb.org.bd/mediaroom/circulars/fepd/aug042016fepdl22.pdf,FEPD(Import Policy)/115/2016-22 : Export Bill discounting facilities for Type C companies working at Export Processing Zone,Not Available,04/08/16,
https://www.bb.org.bd/mediaroom/circulars/gbcrd/aug012016sfdl03.pdf,SFD Circular Letter No. 03: Distribution of relief in the flood affected areas under Corporate Social Responsibility Activities.,Not Available,01/08/16,03
https://www.bb.org.bd/mediaroom/circulars/acd/aug012016acd02.pdf,ACD Circular No. 02: Agricultural Credit Disbursement through Agent Booth.,Not Available,31/07/16,02
https://www.bb.org.bd/mediaroom/circulars/acd/jul312016acd01.pdf,ACD Circular No. 01: Agricultural & Rural Credit Policy & Program for the FY 2016-17,Not Available,31/07/16,01
https://www.bb.org.bd/mediaroom/circulars/brpd/jul262016brpdl09.pdf,BRPD Circular Letter No. 09 : Policy regarding establishments of business center by Banks,Not Available,26/07/16,09
https://www.bb.org.bd/mediaroom/circulars/dmd/jul252016dmd06.pdf,DMD Circular No. 06 : Regarding Investment of Gratuity Fund in various Sanchaypatra,Not Available,25/07/16,06
https://www.bb.org.bd/mediaroom/circulars/dmd/jul252016dmd05.pdf,DMD Circular No. 05 :Regarding Investment of Gratuity Fund in various Sanchaypatra,Not Available,25/07/16,05
https://www.bb.org.bd/mediaroom/circulars/brpd/jul212016brpdl08.pdf,BRPD Circular Letter No. 08: Precautionary measures to ensure safety of the bank branch.,Not Available,21/07/16,08
https://www.bb.org.bd/mediaroom/circulars/fepd/jul212016fepdl21.pdf,"FEPD Circular Letter No. 21: Mentioning BIN/VAT registration number in Letter of Credit, Bill of Lading, and other shipping documents.",Not Available,21/07/16,21
https://www.bb.org.bd/mediaroom/circulars/fepd/jul202016fepdl20.pdf,FEPD Circular Letter No. 20 : Remittance for house rent (1st Installment) of hajj pilgrims in Saudi Arabia for 2016,Not Available,20/07/16,20
https://www.bb.org.bd/mediaroom/circulars/dos/jul172016dosl17.pdf,DOS Circular Letter No. 17: Keeping scheduled bank branches of election area close on 18 July 2016 for the occasion of National Parliament election in 146 Mymensingh-1 and 148 Mymensingh-3 constituency.,Not Available,17/07/16,17
https://www.bb.org.bd/mediaroom/circulars/brpd/jun302016brpdl07.pdf,BRPD Circular Letter No. 07 : Precautionary measures to ensure safety of business centers of the banks,Not Available,30/06/16,07
https://www.bb.org.bd/mediaroom/circulars/dos/jun282016dosl16.pdf,DOS Circular Letter No. 16: Keeping scheduled bank branches of custom station area open on the ahead of Eid-ul-fitr to facilitate country's export and import.,Not Available,28/06/16,16
https://www.bb.org.bd/mediaroom/circulars/dos/jun282016dosl15new.pdf,"DOS Circular Letter No. 15: Keeping scheduled bank branches open on 02, 03 and 04 July 2016 in the industrial and large shopping market area to ensure safe and smooth transaction",Not Available,28/06/16,15
https://www.bb.org.bd/mediaroom/circulars/dcmps/jun272016dcm05.pdf,DCM Circular No. 05: Supplying adequate money and ensuring sufficient security of ATM booths during Eid-ul-fitr holidays.,Not Available,27/06/16,05
https://www.bb.org.bd/mediaroom/circulars/fid/jun272016dfiml02.pdf,DFIM Circular Letter No. 02: Announcement of holiday on 04 July 2016 and working day on 16 July 2016.,Not Available,27/06/16,02
https://www.bb.org.bd/mediaroom/circulars/psd/jun272016psd04.pdf,"PSD Circular No. 04 : To ensure customer interest for making card based transactions through Automated Teller Machine (ATM), Point of Sale (POS) and e-Payment Gateway during Eid festival.",Not Available,27/06/16,04
https://www.bb.org.bd/mediaroom/circulars/dos/jun262016dosl14.pdf,DOS Circular Letter No. 14: Announcement of holiday on 04 July 2016 and working day on 16 July 2016.,Not Available,26/06/16,14
https://www.bb.org.bd/mediaroom/circulars/dos/jun262016dosl13.pdf,"DOS Circular Letter No. 13: Keeping scheduled bank branches of garments industry area open on 02 and 03 July 2016 for the payment of garment workers' wages, bonus and other allowances.",Not Available,26/06/16,13
https://www.bb.org.bd/mediaroom/circulars/dos/jun202016dosl12.pdf,DOS Circular Letter No. 12: Keeping scheduled bank branch of Chittagong Port area open on every Saturday for discharging of goods to terminate congestion of Container on the occasion of Holy Ramadan,Not Available,20/06/16,12
https://www.bb.org.bd/mediaroom/circulars/brpd/jun202016brpd06.pdf,BRPD Circular Letter No. 06: Establishment and shifting of business centers and high expenditure on decoration by the banks.,Not Available,20/06/16,06
https://www.bb.org.bd/mediaroom/circulars/fepd/jun162016fepdl5373.pdf,FEPD Letter No. 5373: General Instructions for Banks to open LC in Foreign Currency against Supply of goods in FC under International tender,Not Available,16/06/16,5373
https://www.bb.org.bd/mediaroom/circulars/brpd/jun152016brpd05.pdf,BRPD Circular No. 05 : Revised Interest Rate of Agricultural and Rural Credit,Not Available,15/06/16,05
https://www.bb.org.bd/mediaroom/circulars/acd/jun122016acd02.pdf,ACD Circular Letter No. 02: Agricultural loan disbursement in newly included 111 enclaves in Bangladesh,Not Available,12/06/16,02
https://www.bb.org.bd/mediaroom/circulars/fepd/jun122016fepdl18.pdf,"FEPD Circular Letter No. 18 : Transfer of fund upto 0.03% against export proceeds of 100% export oriented garment industries to Central Fund (RMG sector) A/C maintained at Sonali Bank Ltd., Ramna Corporate Branch",Not Available,12/06/16,18
https://www.bb.org.bd/mediaroom/circulars/dcmps/jun092016dcml04.pdf,DCM Circular Letter No. 04 :Taking Necessary Steps by the Scheduled Banks for Fake Note Prevention in the Month of Holy Ramdan,Not Available,09/06/16,04
https://www.bb.org.bd/mediaroom/circulars/dos/jun022016dosl11.pdf,DOS Circular Letter No. 11: Regarding keeping all the scheduled bank branches of election area close on 04 June 2016 for the occasion of Atghoriya Municipal election under Pabna District,Not Available,02/06/16,11
https://www.bb.org.bd/mediaroom/circulars/fepd/jun012016fepdl17.pdf,FEPD Circular Letter No. 17:Policy for Drawing arrangements regarding Wage Earners Remittance,Not Available,01/06/16,17
https://www.bb.org.bd/mediaroom/circulars/dos/may252016dosl10.pdf,DOS Circular Letter No. 10: Regarding keeping all the scheduled bank branches of election area Close on 28 May 2016 and 04 June 2016 on the occasion of 5th and 6th phase Union Council Election 2016 respectively,Not Available,25/05/16,10
https://www.bb.org.bd/mediaroom/circulars/dos/may242016dosl09.pdf,DOS Circular Letter No. 09:Keeping scheduled bank branches of election area close on 25th of May 2016 for the occasion of announced 09 Municipals Election,Not Available,24/05/16,09
https://www.bb.org.bd/mediaroom/circulars/dos/may192016dos08.pdf,DOS Circular No. 08 : Office time table of the bank companies during the month of Holy Ramadan of Hijri 1437,Not Available,19/05/16,08
https://www.bb.org.bd/mediaroom/circulars/fid/may192016dfiml01.pdf,DFIM Circular Letter No. 01 : Office Time Table & Transaction period for Holy Ramadan of Hijri 1437 (2016 Khirstabda),Not Available,19/05/16,01
https://www.bb.org.bd/mediaroom/circulars/gbcrd/may112016sfd01.pdf,SFD Circular No. 01 : Environmental Initiatives in Establishment Construction and Business Centre Expansion as well as Utilization of Climate Risk Fund by Banks and FIs.,Not Available,11/05/16,01
https://www.bb.org.bd/mediaroom/circulars/brpd/may112016brpdl04.pdf,BRPD Circular Letter No. 04 : Single Borrower Exposure Limit,Not Available,11/05/16,04
https://www.bb.org.bd/mediaroom/circulars/dos/may102016dos01.pdf,DOS Circular No. 01 : Regarding Submission of Management Report to Bangladesh Bank,Not Available,10/05/16,01
https://www.bb.org.bd/mediaroom/circulars/gbcrd/may102016sfdl02.pdf,SFD Circular Letter No. 02 : Relending for Improvement of Brick Kiln Efficiency,Not Available,10/05/16,02
https://www.bb.org.bd/mediaroom/circulars/fepd/may032016fepdl16.pdf,FEPD Circular Letter No. 16: Issuance of Public Notification No. 610/2015-2016/ERC (Export Trade Control).,Not Available,03/05/16,16
https://www.bb.org.bd/mediaroom/circulars/dos/may022016dosl07.pdf,DOS Circular Letter No. 07 : Regarding keeping all the scheduled bank branches of election area Close on 07 May 2016 on the occasion of 4th phase Union Council Election 2016,Not Available,02/05/16,07
https://www.bb.org.bd/mediaroom/circulars/fepd/apr272016fepdl15.pdf,FEPD Circular Letter No. 15 : Issuance of Public Notification No. 609/2015-2016/ERC (Export Trade Control),Not Available,27/04/16,15
https://www.bb.org.bd/mediaroom/circulars/fepd/apr202016fepdl14.pdf,FEPD Circular Letter No. 14 : Issuance of Public Notification No. 607/2015-2016/ERC (Export Trade Control),Not Available,20/04/16,14
https://www.bb.org.bd/mediaroom/circulars/fid/apr182016dfim05.pdf,"DFIM Circular No. 05 : Conducting Meeting of Board of Directors, Executive and Audit Committee of Financial Institutions through Video Conference",Not Available,18/04/16,05
https://www.bb.org.bd/mediaroom/circulars/feod/apr132016feodl02.pdf,FEOD Circular Letter No. 02: Correction of Circular Letter,Not Available,13/04/16,02
https://www.bb.org.bd/mediaroom/circulars/smespd/apr132016smespdl01.pdf,SMESPD Circular Letter No. 01: Amendment of Master Circular on SME Financing,Not Available,13/04/16,01
https://www.bb.org.bd/mediaroom/circulars/fepd/apr112016fepd14.pdf,FEPD Circular No. 14: Cash incentive against export of Plastic products,Not Available,11/04/16,14
https://www.bb.org.bd/mediaroom/circulars/fepd/apr112016fepd13.pdf,FEPD Circular No. 13: Cash incentive against export of Furniture,Not Available,11/04/16,13
https://www.bb.org.bd/mediaroom/circulars/fepd/apr072016fepd12new.pdf,FEPD Circular No. 12: Cash subsidy against export of Jute products,Not Available,07/04/16,12
https://www.bb.org.bd/mediaroom/circulars/fepd/apr072016fepdl13new.pdf,FEPD Circular Letter No. 13: Regarding withdrawal ban from raw jute export,Not Available,07/04/16,13
https://www.bb.org.bd/mediaroom/circulars/dmd/apr052016dmd03.pdf,DMD Circular No. 03 : Regarding introduction of 7 & 14 Day BB Bill,Not Available,05/04/16,03
https://www.bb.org.bd/mediaroom/circulars/fepd/apr042016fepd11.pdf,FEPD Circular No. 11: Cash subsidy against export of Agricultural and Agro-processed products,Not Available,04/04/16,11
https://www.bb.org.bd/mediaroom/circulars/fepd/apr042016fepd10.pdf,FEPD Circular No. 10 : Cash incentive against export of Shrimp and other fishes,Not Available,04/04/16,10
https://www.bb.org.bd/mediaroom/circulars/fepd/apr042016fepd09.pdf,FEPD Circular No. 09: Cash incentive against export of Textile/RMG,Not Available,04/04/16,09
https://www.bb.org.bd/mediaroom/circulars/fepd/apr042016fepd08.pdf,FEPD Circular No. 08: Cash incentive against export of Leather goods,Not Available,04/04/16,08
https://www.bb.org.bd/mediaroom/circulars/fepd/apr032016fepd07.pdf,FEPD Circular No. 07: Cash incentive for Export of Potato,Not Available,03/04/16,07
https://www.bb.org.bd/mediaroom/circulars/fepd/mar302016fepdl12.pdf,"FEPD Circular Letter No.: 12 Regarding Import Policy Order, 2015-2018'",Not Available,30/03/16,
https://www.bb.org.bd/mediaroom/circulars/fepd/mar302016fepdl11.pdf,FEPD Circular Letter No. 11 : Regarding Export Policy 2015-2018,Not Available,30/03/16,11
https://www.bb.org.bd/mediaroom/circulars/fepd/mar302016fepdl10.pdf,FEPD Circular Letter No. 10 :Regarding Raw jute export against the LC which issued before 03/11/2015,Not Available,30/03/16,10
https://www.bb.org.bd/mediaroom/circulars/dos/mar212016dosl06.pdf,DOS Circular Letter No. 06: Rgarding keeping scheduled bank branches of election area close for 1st and 2nd phase Union Council Election-2016,Not Available,21/03/16,06
https://www.bb.org.bd/mediaroom/circulars/fepd/mar162016fepdl08.pdf,FEPD Circular Letter No. 08: Performing Hajj under Private Management-1437 Hijri year,Not Available,16/03/16,08
https://www.bb.org.bd/mediaroom/circulars/fepd/mar162016fepdl07.pdf,FEPD Circular Letter No. 07 : Performing Hajj under Govt. Management-1437 Hijri year,Not Available,16/03/16,07
https://www.bb.org.bd/mediaroom/circulars/dos/mar162016dosl05.pdf,DOS Circular Letter No. 05 : Regarding keeping scheduled bank branches of election area close for the occasion of eletion at 10 (ten) announced pourosova.,Not Available,16/03/16,05
https://www.bb.org.bd/mediaroom/circulars/fepd/mar162016fepdl06.pdf,FEPD Circular Letter No. 06 :Regarding Recent Instruction by Ministry of Commerce towards the Concerned Organizations for Taking compulsory Membership of Bangladesh Independent Power Producers Association',Not Available,16/03/16,06
https://www.bb.org.bd/mediaroom/circulars/fepd/mar142016fepdl05.pdf,FEPD Circular Letter No. 05 : Regarding Export of raw jute against the LC which issued before 03.11.2015,Not Available,14/03/16,05
https://www.bb.org.bd/mediaroom/circulars/psd/mar032016psd03.pdf,PSD Circular No. 03: Bank's responsibilities to ensure security and risk mitigation measures in Card based transactions,Not Available,08/03/16,03
https://www.bb.org.bd/mediaroom/circulars/brpd/mar082016brpd04.pdf,BRPD Circular No. 04 : Guidelines on Credit Risk Management,Not Available,08/03/16,04
https://www.bb.org.bd/mediaroom/circulars/brpd/mar082016brpd03.pdf,BRPD Circular No. 03 : Guidelines on Internal Control & Compliance in Banks,Not Available,08/03/16,03
https://www.bb.org.bd/mediaroom/circulars/brpd/mar072016brpd02.pdf,BRPD Circular No. 02 : Asset-Liability Management (ALM) Guidelines,Not Available,07/03/16,02
https://www.bb.org.bd/mediaroom/circulars/fepd/mar072016fepd06new.pdf,FEPD Circular No. 06: Amendment of FMJ Form,Not Available,07/03/16,06
https://www.bb.org.bd/mediaroom/circulars/fepd/mar072016fepdl04.pdf,FEPD Circular Letter No. 04 : Regarding Supply of Carton and Accessory Goods from Factories Operating under Bond License to Hundred Percent Export-oriented Factories Operating without Bond License,Not Available,07/03/16,04
https://www.bb.org.bd/mediaroom/circulars/psd/mar032016psd02.pdf,PSD Circular No. 02: To ensure appropriate Cyber Security Protection for Financial sector,Not Available,03/03/16,02
https://www.bb.org.bd/mediaroom/circulars/gbcrd/mar022016sfdl01.pdf,SFD Circular Letter No. 01: Granting Bicycle to students of school & College and support to underprivileged cast under CSR activities,Not Available,02/03/16,01
https://www.bb.org.bd/mediaroom/circulars/brpd/mar012016brpd01.pdf,BRPD Circular No. 01 : Guidelines on Foreign Exchange Risk Management,Not Available,01/03/16,01
https://www.bb.org.bd/mediaroom/circulars/dos/feb182016dosl04.pdf,"DOS Circular Letter No. 04 :regarding keeping all the scheduled bank branches open on 20 February, 2016 for Union Porishad Election of 36 Districts announced by Election Commission",Not Available,18/02/16,04
https://www.bb.org.bd/mediaroom/circulars/brpd/feb162016brpdl03.pdf,BRPD Circular Letter No. 03 : Incentives to Good Borrowers,Not Available,16/02/16,03
https://www.bb.org.bd/mediaroom/circulars/dmd/feb162016dmd02.pdf,DMD Circular No. 02:Amendment of directives regarding the obligations of PDs & the rationalization of investment of scheduled banks in government securities,Not Available,16/02/16,02
https://www.bb.org.bd/mediaroom/circulars/dos/feb142016dosl03.pdf,"DOS Circular Letter No. 03 : Closing of all the scheduled bank branches of election area of Shorasti pourosova under Chandpur district and Charfashion pourosova under Vola district on 15 February, 2016",Not Available,14/02/16,03
https://www.bb.org.bd/mediaroom/circulars/finincld/feb142016fidl03.pdf,FID Circular Letter No. 03 : Regarding Banking Services for Street Urchin and Working Children,Not Available,14/02/16,03
https://www.bb.org.bd/mediaroom/circulars/aml/feb112016bfiul01.pdf,BFIU Circular Letter No. 01 : Instructions to be followed for the compliance of Freezing Accounts of listed Individuals or Institutions and Other Issues under the Sanction List of Different Resolutions of United Nations Security Council,Not Available,11/02/16,01
https://www.bb.org.bd/mediaroom/circulars/dmd/feb042016dmd01.pdf,DMD Circular No. 01 : Online Transaction of Islami Bond,Not Available,04/02/16,01
https://www.bb.org.bd/mediaroom/circulars/dcmps/jan31dcmps02.pdf,DCM Circular No. 02 : About Stapling of Packet of 500 & 1000 taka denomination note.,Not Available,31/01/16,02
https://www.bb.org.bd/mediaroom/circulars/finincld/jan262016fidl02.pdf,FID Circular Letter No. 02: Opening of Bank Accounts for Students under 6 (six) Years According to the School Banking Guidelines,Not Available,26/01/16,02
https://www.bb.org.bd/mediaroom/circulars/fepd/jan252016fepdl03.pdf,"FEPD Circular Letter No. 03: Regarding the compulsory checking of BERC Licence during LC opening for importation of Petroleum products like Paraffin (HS Heading No-27.10) and others (HS Heading No-27.09, 27.10, 27.11, 27.12, 27.13) following the IPO, 2012-2015",Not Available,25/01/16,03
https://www.bb.org.bd/mediaroom/circulars/fepd/jan212016fepdl02.pdf,"FEPD Circular Letter No. 02: Ensure raw jute export upto a certain limit against LC which opened upto 02 November, 2015",Not Available,21/01/16,02
https://www.bb.org.bd/mediaroom/circulars/dos/jan212016dosl02.pdf,"DOS Circular Letter No. 02 : Keeping all the scheduled bank branches of customs stations area open on 22 and 23 January, 2016",Not Available,21/01/16,02
https://www.bb.org.bd/mediaroom/circulars/finincld/jan202016fidl01.pdf,FID Circular Letter No. 01: Amendment of Circular on Tk 200 Crore Refinance Scheme for 10 Tk A/C Holders,Not Available,20/01/16,01
https://www.bb.org.bd/mediaroom/circulars/ismc/jan202016ismcl01.pdf,ISMC Circular Letter No. 01 : Submission of Data for Integrated Supervision System form-1  |  form-2,Not Available,20/01/16,01
https://www.bb.org.bd/mediaroom/circulars/fid/jan132016dfim01.pdf,DFIM Circular No. 01:Regarding statement of Diagnostic Review Report (DRR),Not Available,13/01/16,01
https://www.bb.org.bd/mediaroom/circulars/brpd/jan112016brpdl02.pdf,"BRPD Circular Letter No. 02 : Official Social Media (Facebook, Twitter,YouTube) of Bangladesh Bank",Not Available,11/01/16,02
https://www.bb.org.bd/mediaroom/circulars/dos/jan112016dosl01.pdf,"DOS Circular Letter No. 01 : Regarding closing of bank branches of the Madhabdi Pourosova election area on 12 January, 2016",Not Available,11/01/16,01
https://www.bb.org.bd/mediaroom/circulars/dcmps/jan112016dcm01.pdf,"DCM Circular No. 01: Receiving of notes irrespective of their denominated value, payment of exchange value of mutilated notes and exchange of coins with the customers by the Scheduled Bank",Not Available,11/01/16,01
https://www.bb.org.bd/mediaroom/circulars/smespd/jan072016smespd01.pdf,SMESPD Circular No. 01 : Master Circular on SME Financing,Not Available,07/01/16,01
https://www.bb.org.bd/mediaroom/circulars/acd/jan052016acdl01.pdf,ACD Circular Letter No. 01: Regarding disbursement of agricultural loan in Buffalo rearing,Not Available,05/01/16,01
https://www.bb.org.bd/mediaroom/circulars/brpd/jan042016brpdl01.pdf,BRPD Circular Letter No. 01 : Rehabilitation package for Cold Storages established in favour of farmers,Not Available,04/01/16,01
https://www.bb.org.bd/mediaroom/circulars/fid/dec312015dfiml11.pdf,"DFIM Circular Letter No. 11: Regarding uses of official social media (facebook, twitter, youtube) of Bangladesh Bank",Not Available,31/12/15,11
https://www.bb.org.bd/mediaroom/circulars/brpd/dec302015brpdl16.pdf,BRPD Circular Letter No. 16 : Incentives to Good Borrowers,Not Available,30/12/15,16
https://www.bb.org.bd/mediaroom/circulars/brpd/dec292015brpdl15.pdf,BRPD Circular Letter No. 15 : Collection of fees by banks through Pay Order/Bank Draft in case of bank job,Not Available,29/12/15,15
https://www.bb.org.bd/mediaroom/circulars/fid/dec292015dfim14.pdf,DFIM Circular No. 14 : Instructions regarding extension of term to maturity of term loans and leases,Not Available,29/12/15,14
https://www.bb.org.bd/mediaroom/circulars/fepd/dec292015fepdl29.pdf,FEPD Circular Letter No. 29: Mandatory use of jute in product packaging,Not Available,29/12/15,29
https://www.bb.org.bd/mediaroom/circulars/brpd/dec282015brpdl14.pdf,BRPD Circular Letter No. 14: Clarification on BRPD Circular Letter No.13/2015 regarding rationalization of rate of interest on deposit and lending.,Not Available,28/12/15,14
https://www.bb.org.bd/mediaroom/circulars/dmd/dec242015dmd05.pdf,DMD Circular No. 05 : Purchase of Wage earners development bond,Not Available,24/12/15,05
https://www.bb.org.bd/mediaroom/circulars/fid/dec232015dfiml10.pdf,"DFIM Circular Letter No. 10: Regarding opening of all the Financial Institutions on 31 December, 2015",Not Available,23/12/15,10
https://www.bb.org.bd/mediaroom/circulars/acd/dec222015acfidl05.pdf,ACD Circular Letter No. 05 : Ensuring presence of banks' suitable representative in the meeting of District Agricultural Credit Committee (DACC),Not Available,22/12/15,05
https://www.bb.org.bd/mediaroom/circulars/dos/dec222015dosl19.pdf,"DOS Circular Letter No. 19 : Regarding opening of all the scheduled banks on 31 December, 2015",Not Available,22/12/15,19
https://www.bb.org.bd/mediaroom/circulars/fid/dec222015dfiml09.pdf,"DFIM Circular Letter No. : Regarding opening of all the Financial Institutions on 24 December, 2015 for the change in holiday list for the occasion of Eid-e-Miladunnabi (S)",Not Available,22/12/15,
https://www.bb.org.bd/mediaroom/circulars/dos/dec212015dosl18.pdf,"DOS Circular Letter No. 18 : Regarding opening of all the scheduled banks on 24 December, 2015 for the change in holiday list for the occasion of Eid-e-Miladunnabi (S)",Not Available,21/12/15,18
https://www.bb.org.bd/mediaroom/circulars/dos/dec202015dos03.pdf,DOS Circular No. 03 : Regulation regarding investment in capital market by the scheduled banks,Not Available,20/12/15,03
https://www.bb.org.bd/mediaroom/circulars/fepd/dec152015fepd21.pdf,"FEPD Circular No. 21 : Bangladesh Bank notification no.1/2015 dated 14th December, 2015",Not Available,15/12/15,21
https://www.bb.org.bd/mediaroom/circulars/feod/dec102015feodl07.pdf,FEOD Circular Letter No. 07 : Regarding Daily Foreign Exchange Transactions of Money Changers Through Online software,Not Available,10/12/15,07
https://www.bb.org.bd/mediaroom/circulars/psd/dec092015psd12.pdf,PSD Circular Letter No. 12 : To ensure customers interest while making interbank Automated Teller Machine (ATM) & Point Of Sale (POS) transactions under National Payment Switch Bangladesh (NPSB),Not Available,09/12/15,12
https://www.bb.org.bd/mediaroom/circulars/aml/dec092015bfiul06.pdf,"BFIU Circular Letter No. 06: Circulation of Money Laundering Prevention (Amendment) Act, 2015",Not Available,09/12/15,06
https://www.bb.org.bd/mediaroom/circulars/fepd/dec082015fepdl28.pdf,FEPD Circular Letter No. 28: Submission of Application for allowing Cash incentive/Export subsidy under Special consideration,Not Available,08/12/15,28
https://www.bb.org.bd/mediaroom/circulars/dcmps/dec072015dcm14.pdf,DCM Circular No. 14: Following proper procedure of note sorting,Not Available,07/12/15,14
https://www.bb.org.bd/mediaroom/circulars/fepd/dec062015fepdl27.pdf,FEPD Circular Letter No. 27 : Regarding compulsory requirement of releasing at least 20% of imported capital machinery & raw cotton through Pangaon Inland Container Terminal,Not Available,06/12/15,27
https://www.bb.org.bd/mediaroom/circulars/fid/dec062015dfiml08.pdf,DFIM Circular Letter No. 08 : Online reporting through BB web portal using Rationalized Input Template (RIT).,Not Available,06/12/15,08
https://www.bb.org.bd/mediaroom/circulars/smespd/dec022015smespdl06.pdf,"SMESPD Circular Letter No. 06: Regarding correction of Refinancing Fund for New Entrepreneurs in Cottage, Micro & Small sector",Not Available,02/12/15,06
https://www.bb.org.bd/mediaroom/circulars/fid/nov302015dfiml07.pdf,DFIM Circular Letter No. 07 : Holidays during the calendar year 2016,Not Available,30/11/15,07
https://www.bb.org.bd/mediaroom/circulars/fid/nov302015dfim13.pdf,DFIM Circular No. 13: Regarding honorarium and reimbursement of Travel expenses to the Directors of FIs for attending Board/Committee meetings,Not Available,30/11/15,13
https://www.bb.org.bd/mediaroom/circulars/brpd/nov192015brpdl13.pdf,BRPD Circular Letter No. 13 : Rationalization of rate of interest on deposit and lending,Not Available,19/11/15,13
https://www.bb.org.bd/mediaroom/circulars/dcmps/nov122015dcml12new.pdf,"DCM Circular Letter No. 12 : Receiving notes irrespective of denominations, payment of exchange value of mutilated notes and exchange coins of the customers by the all Scheduled Bank",Not Available,12/11/15,12
https://www.bb.org.bd/mediaroom/circulars/fepd/nov122015fepdl26.pdf,FEPD Circular Letter No. 26 : Raw jute export prohibited for one month from 03.11.2015,Not Available,12/11/15,26
https://www.bb.org.bd/mediaroom/circulars/dmd/nov112015dmdl04.pdf,DMD Circular Letter No. 04 : Analysis of re-fixation of savings instruments profit rate,Not Available,11/11/15,04
https://www.bb.org.bd/mediaroom/circulars/fid/nov092015dfim11.pdf,DFIM Circular No. 11 : Guidelines on ICT Security for Banks and Non-Bank Financial Institutions,Not Available,09/11/15,11
https://www.bb.org.bd/mediaroom/circulars/finincld/nov042015fidl02.pdf,FID Circular Letter No. 02 : Opening of Bank Accouts for students Under School Banking Guidelines Annexure,Not Available,04/11/15,02
https://www.bb.org.bd/mediaroom/circulars/gbcrd/nov032015sfdl03.pdf,SFD Circular Letter No. 03 : Bangladesh Bank's Refinance Scheme for Renewable Energy and Green Products,Not Available,03/11/15,03
https://www.bb.org.bd/mediaroom/circulars/acd/nov022015acfidl04.pdf,ACD Circular Letter No. 04 : Agricultural loan disbursement in newly included 111 enclaves in Bangladesh,Not Available,02/11/15,04
https://www.bb.org.bd/mediaroom/circulars/fepd/oct272015fepdl24.pdf,FEPD Circular Letter No. 24 : Regarding mandatory use of jute products at the time of packing goods law-2010,Not Available,27/10/15,24
https://www.bb.org.bd/mediaroom/circulars/aml/oct192015bfiu18.pdf,BFIU Circular No. 18 : Master Circular regarding Instructions to be followed by Capital market Intermediaries on preventing Money Laundering & Terrorist Financing.,Not Available,19/10/15,18
https://www.bb.org.bd/mediaroom/circulars/fid/oct152015dfiml05.pdf,"DFIM Circular Letter No. 05 : Regarding closing of all Financial Institutions on 22 October, 2015 instead of 23 October, 2015 on the occasion of Durga Puja",Not Available,15/10/15,05
https://www.bb.org.bd/mediaroom/circulars/dos/oct142015dosl16.pdf,"DOS Circular Letter No. 16: Regarding closing of all the scheduled banks on 22 October, 2015 instead of 23 October, 2015 on the occasion of Durga Puja",Not Available,14/10/15,16
https://www.bb.org.bd/mediaroom/circulars/brpd/oct122015brpdl12.pdf,BRPD Circular Letter No. 12 : Proper implementation of 'The Mandatory Jute Packaging Act 2010',Not Available,12/10/15,12
https://www.bb.org.bd/mediaroom/circulars/aml/oct072015bfiu17.pdf,BFIU Circular No. 17 : Instructions to be followed by co-operative societies on preventing money laundering & terrorist financing,Not Available,07/10/15,17
https://www.bb.org.bd/mediaroom/circulars/smespd/oct062015smespdl05.pdf,SMESPD Circular Letter No. 05 : Group-based Lending to MSME Entrepreneurs of new areas (Former Enclaves) recently included in the Map of Bangladesh,Not Available,06/10/15,05
https://www.bb.org.bd/mediaroom/circulars/fepd/oct052015fepd17.pdf,FEPD Circular No. 17 : Cash incentives against the export of leather & leathergoods,Not Available,05/10/15,17
https://www.bb.org.bd/mediaroom/circulars/brpd/oct042015brpdl11.pdf,BRPD Circular Letter No. 11 : Payment of honorium & travelling expenses for attending meeting of the board of directors,Not Available,04/10/15,11
https://www.bb.org.bd/mediaroom/circulars/brpd/oct042015brpdl10.pdf,"BRPD Circular Letter No. 10 : Amendment of Bank-Company Act, 1991",Not Available,04/10/15,10
https://www.bb.org.bd/mediaroom/circulars/fepd/oct012015fepd15.pdf,FEPD Circular No. 15 : Cash subsidy against export of agricultural and agro-processed product,Not Available,01/10/15,15
https://www.bb.org.bd/mediaroom/circulars/cib/sep302015cib02.pdf,CIB Circular No. 02 : Regarding Commencement of Live Operation of New CIB Online Solution Developed by its own resources,Not Available,30/09/15,02
https://www.bb.org.bd/mediaroom/circulars/finincld/sep282015fid03.pdf,FID Circular No. 03: Receipt of tuition and other fees/charges from students and providing financial services to the educational institutions/students under financial inclusion initiatives,Not Available,28/09/15,03
https://www.bb.org.bd/mediaroom/circulars/smespd/sep212015smespdl04.pdf,SMESPD Circular Letter No. 04 : Inclusion of day care centre under SME selector,Not Available,21/09/15,04
https://www.bb.org.bd/mediaroom/circulars/dos/sep212015dosl15.pdf,"DOS Circular Letter No. 15 : Regarding opening of scheduled bank branches of customs station area on 24 September, 2015 for the uninterrupted export-import services",Not Available,21/09/15,15
https://www.bb.org.bd/mediaroom/circulars/dos/sep212015dosl14.pdf,DOS Circular Letter No. 14 : Ensuring swift and smooth banking service for the payment of Garment Workers' wages on the occasion of the holy Eid-Ul Azha,Not Available,21/09/15,14
https://www.bb.org.bd/mediaroom/circulars/psd/sep212015psdl09.pdf,"PSD Circular Letter No. 09: To ensure customer interest for making transactions through Automated Teller Machine (ATM), Point Of Sale (POS) and e-payment gateway during religious festival",Not Available,21/09/15,09
https://www.bb.org.bd/mediaroom/circulars/dmd/sep172015dmd02.pdf,DMD Circular No. 02 : Crediting Profit and Principal of Sanchayapatra directly to the investors' bank account and conducting wide publicity regarding this,Not Available,17/09/15,02
https://www.bb.org.bd/mediaroom/circulars/brpd/sep172015brpd09.pdf,BRPD Circular No. 09 : Guideline on ICT Security for Banks and Non-Bank Financial Institutions,Not Available,17/09/15,09
https://www.bb.org.bd/mediaroom/circulars/fepd/sep162015fepd12.pdf,FEPD Circular No. 12 : Regarding maximum rate of cash incentive under any export in textile sector in case of availing the facilities in three mode,Not Available,16/09/15,12
https://www.bb.org.bd/mediaroom/circulars/dcmps/sep152015dcml09.pdf,DCM Circular Letter No. 09 : Ensuring sufficient cash supply and overall security of the ATM booths during Eid-ul-Azha holidays,Not Available,15/09/15,09
https://www.bb.org.bd/mediaroom/circulars/fepd/sep132015fepd11.pdf,"FEPD Circular No. 11: Regarding Foreign Exchange Regulation (Amendment) Act, 2015",Not Available,13/09/15,11
https://www.bb.org.bd/mediaroom/circulars/aml/sep102015bfiu16.pdf,BFIU Circular No. 16 : Master Circular regarding Instructions to be followed by the Insurance Companies on preventing Money Laundering & Terrorist Financing,Not Available,10/09/15,16
https://www.bb.org.bd/mediaroom/circulars/gbcrd/sep102015sfdl02.pdf,SFD Circular Letter No. 02 : Bangladesh Bank's Refinance Scheme for Green Finance,Not Available,10/09/15,02
https://www.bb.org.bd/mediaroom/circulars/aml/sep102015bfiul05.pdf,BFIU Circular Letter No. 05 : Issuance of Money Laundering & Terrorist Financing Risk Management Guidelines for Banks,Not Available,10/09/15,05
https://www.bb.org.bd/mediaroom/circulars/aml/sep092015bfiu15.pdf,"BFIU Circular No. 15: Instructions to be followed by Money Changers to comply with the provisions contained in MLPA, 2012 & ATA, 2009",Not Available,09/09/15,15
https://www.bb.org.bd/mediaroom/circulars/fepd/sep082015fepdl21.pdf,"FEPD Circular Letter No. 21:Instruction on not to establish any LC for import of Salt under Public Notification No.36(2012-2015)/Import, Dated. September 06,2015",Not Available,08/09/15,21
https://www.bb.org.bd/mediaroom/circulars/fepd/sep072015fepdl19.pdf,"FEPD Circular Letter No. 19: Issuance of Public Notification No. 36(2012-2015)/Import (Import Trade Control), Dated-06/09/2015",Not Available,07/09/15,19
https://www.bb.org.bd/mediaroom/circulars/fepd/sep072015fepd18.pdf,FEPD Circular Letter No. 18 :Restriction on opening of LCs without obtaining the Import Permit (IP) from Department of Agricultural Extension,Not Available,07/09/15,18
https://www.bb.org.bd/mediaroom/circulars/dcmps/sep072015dcm08.pdf,DCM Circular No. 08 : Receiving of notes and coins by scheduled banks irrespective of their denominated vaule and giving exchange value of torn up notes as per rules .,Not Available,07/09/15,08
https://www.bb.org.bd/mediaroom/circulars/fid/sep072015dfiml04.pdf,"DFIM Circular Letter No. 04 : Renting Office Space for Extension or Relocation of Head Office, Branch/Booth etc. of all Financial Institutions",Not Available,07/09/15,04
https://www.bb.org.bd/mediaroom/circulars/aml/sep022015bfiu14.pdf,"BFIU Circular No. 14: Instructions to be followed by NGO/NPOs to comply with the provisions contained in MLPA, 2012 & ATA, 2009",Not Available,02/09/15,14
https://www.bb.org.bd/mediaroom/circulars/fepd/sep022015fepdl17.pdf,"FEPD Circular Letter No. 17: Collection of regular and overdue VAT at 15% on issuance and renewal of Import, Export and Indenting registration certificates from FY 2010-2011",Not Available,02/09/15,17
https://www.bb.org.bd/mediaroom/circulars/fepd/sep012015fepdl16.pdf,FEPD Circular Letter No. 16 : Ensuring the importability before issuance of LCs,Not Available,01/09/15,16
https://www.bb.org.bd/mediaroom/circulars/ficsd/aug302015ficsdl03.pdf,FICSD Circular Letter No. 03: Statement of Complaints for Banks and Financial Institutions,Not Available,30/08/15,03
https://www.bb.org.bd/mediaroom/circulars/acd/aug252015acfidl03.pdf,ACD Circular Letter No. 03 : Refinance scheme on Milk Production and artificial insemination sector,Not Available,25/08/15,03
https://www.bb.org.bd/mediaroom/circulars/fepd/aug192015fepd10.pdf,FEPD Circular No. 10: Payment of Cash Incentive against export of Crushed Bone under Sales Contract or Advance T.T.,Not Available,19/08/15,10
https://www.bb.org.bd/mediaroom/circulars/psd/aug182015psdl08.pdf,PSD Circular Letter No. 08 : Synchronization of all information incorporated in Mobile SIM and KYC of MFS Account for reducing the risk of criminal activities.,Not Available,18/08/15,08
https://www.bb.org.bd/mediaroom/circulars/fepd/aug112015fepd09.pdf,FEPD Circular No. 09 : Regarding auditing before payment of cash incentive against export of leather goods,Not Available,11/08/15,09
https://www.bb.org.bd/mediaroom/circulars/fepd/aug102015fepdl15.pdf,FEPD Circular Letter No. 15 : Opening LC for importing pesticides without product registration and import license,Not Available,10/08/15,15
https://www.bb.org.bd/mediaroom/circulars/fid/aug092015dfim08.pdf,DFIM Circular No. 08 : Issuance of License to a new Financial Institution,Not Available,09/08/15,08
https://www.bb.org.bd/mediaroom/circulars/finincld/aug032015fidl01.pdf,"FID Circular Letter No. 01 : Amendment of policy regarding the Refinance Scheme for 10 TK Account Holders, Small/ Marginal/ Landless/ Natural Disaster Affected Farmers and Micro/ Small Traders Under Financial Inclusion Program",Not Available,03/08/15,01
https://www.bb.org.bd/mediaroom/circulars/finincld/aug032015fid02.pdf,FID Circular No. 02 : Opening Bank Accounts for the dwellers of Angorpota -Dohogram and newly included 111 enclaves in Bangladesh,Not Available,03/08/15,02
https://www.bb.org.bd/mediaroom/circulars/finincld/aug032015fid01.pdf,FID Circular No. 01: Establishment of Financial Inclusion Department,Not Available,03/08/15,01
https://www.bb.org.bd/mediaroom/circulars/fepd/aug022015fepdl14.pdf,FEPD Circular Letter No. 14 : Regarding sales of releasable cash Foreign Currency by Money Changers to be carried with Hajj Pilgrims,Not Available,02/08/15,14
https://www.bb.org.bd/mediaroom/circulars/acd/aug022015acfid05.pdf,ACD Circular No. 05 : Agricultural loan disbursement in newly included 111 enclaves in Bangladesh,Not Available,02/08/15,05
https://www.bb.org.bd/mediaroom/circulars/smespd/aug022015smespd05.pdf,SMESPD Circular No. 05 : Expansion of Financial Services to MSME Entrepreneurs of New Areas Recently Included in the Map of Bangladesh,Not Available,02/08/15,05
https://www.bb.org.bd/mediaroom/circulars/gbcrd/aug022015sfdl01.pdf,SFD Circular Letter No. 01 : CSR activities for enclaved dwellers,Not Available,02/08/15,01
https://www.bb.org.bd/mediaroom/circulars/psd/aug022015psdl07.pdf,PSD Circular Letter No. 07 : Synchronization of all information incorporated in mobile SIM and KYC of MFS account for reducing the risk of criminal activities,Not Available,02/08/15,07
https://www.bb.org.bd/mediaroom/circulars/aml/jul302015bfiul04.pdf,BFIU Circular Letter No. 04 : Money Laundering and Terrorist Financing Risk Assessment Guidelines for Financial Institutions,Not Available,30/07/15,04
https://www.bb.org.bd/mediaroom/circulars/acd/jul272015acfid4.pdf,ACD Circular No. 04: Agricultural & Rural Credit Policy & Programme for the FY 2015-16,Not Available,27/07/15,04
https://www.bb.org.bd/mediaroom/circulars/gbcrd/jul262015sfd01.pdf,SFD Circular No. 01 : Establishment of Sustainable Finance Department,Not Available,26/07/15,01
https://www.bb.org.bd/mediaroom/circulars/acd/jul162015acfid02.pdf,ACFID Circular Letter No. 02 :: Determination of Target for Disbursement of Agricultural & Rural Credit and its Implementation,Not Available,16/07/15,02
https://www.bb.org.bd/mediaroom/circulars/fepd/jul162015fepd13.pdf,FEPD Circular Letter No. 13 : Appointment of Audit firm for Cash incentive/Export subsidy in textile and other sectors,Not Available,16/07/15,13
https://www.bb.org.bd/mediaroom/circulars/smespd/jul142015smespd04.pdf,SMESPD Circular No. 04 : Master Circular on SME Financing,Not Available,14/07/15,04
https://www.bb.org.bd/mediaroom/circulars/psd/jul142015psd04.pdf,"PSD Circular No. 04 : To ensure customer interest for making transactions through Automated Teller Machine (ATM), Point Of Sale (POS) and e-payment gateway during Eid festival.",Not Available,14/07/15,04
https://www.bb.org.bd/mediaroom/circulars/fepd/jul132015fepd08.pdf,FEPD Circular No. 08 : Export subsidy/Cash incentive for financial year 2015-2016,Not Available,13/07/15,08
https://www.bb.org.bd/mediaroom/circulars/fepd/jul132015fepdl12.pdf,FEPD Circular Letter No. 12 : Regarding the deduction of income tax @ 0.60% against export proceeds under SRO 224-law/2015,Not Available,13/07/15,12
https://www.bb.org.bd/mediaroom/circulars/smespd/jul132015smespdl03.pdf,SMESPD Circular Letter No. 03 : Revision of Circular under Refinance Scheme for Setting-up Agro-based Product Processing Industries in Rural Areas,Not Available,13/07/15,03
https://www.bb.org.bd/mediaroom/circulars/dos/jul122015dos12.pdf,"DOS Circular No. 12: Regarding opening of bank branches of Industrial areas on 15 July, 2015 for the payment of Garment workers' wages, bonus and other allowances on the occasion of EId-ul-Fitr.",Not Available,12/07/15,12
https://www.bb.org.bd/mediaroom/circulars/fepd/jul122015fepdl11.pdf,FEPD Circular Letter No. 11: Import through LCAF without opening LC,Not Available,12/07/15,11
https://www.bb.org.bd/mediaroom/circulars/aml/jul092015bfiu13.pdf,"BFIU Circular No. 13: Circular regarding Instructions to be followed by the real estate developer, dealer in precious metals or stones, trust and company service provider and lawyer, notary, other legal professional and accountant for the prevention of Money Laundering & Terrorist Financing",Not Available,09/07/15,13
https://www.bb.org.bd/mediaroom/circulars/gbcrd/jul092015gbcsrd04.pdf,GBCSRD Circular No. 04 : Formation and Management Procedure of Climate Risk Fund,Not Available,09/07/15,04
https://www.bb.org.bd/mediaroom/circulars/dmd/jul082015dmdl03.pdf,DMD Circular Letter No. 03 : Redemtion of Source Tax on Wage earner bond along with two bond,Not Available,08/07/15,03
https://www.bb.org.bd/mediaroom/circulars/smespd/jul052015smespdl02.pdf,SMESPD Circular Letter No. 02 : Revision of Circular under Refinance Scheme for Setting-up Agro-based Product Processing Industries in Rural Areas,Not Available,05/07/15,02
https://www.bb.org.bd/mediaroom/circulars/brpd/jul052015brpd07.pdf,BRPD Circular No. 07 : Precautionary measures to ensure safety of the bank branch,Not Available,05/07/15,07
https://www.bb.org.bd/mediaroom/circulars/dos/jul022015dosl11.pdf,"DOS Circular Letter No. 11: Regarding opening of scheduled bank branches of industrial areas on 11th July,2015 for the payment of wages, bonus and other allowances to the employees/workers.",Not Available,02/07/15,11
https://www.bb.org.bd/mediaroom/circulars/fid/jul012015dfim06.pdf,DFIM Circular No. 06 : Issuance of a License to a new Financial Institution,Not Available,01/07/15,06
https://www.bb.org.bd/mediaroom/circulars/aml/jun292015bfiu12.pdf,BFIU Circular No. 12 : Master Circular regarding Instructions to be followed by the Financial Institutions for the prevention of Money Laundering & Terrorist Financing,Not Available,29/06/15,12
https://www.bb.org.bd/mediaroom/circulars/dos/jun282015dosl10.pdf,DOS Circular Letter No. 10 : Amendment of DOS Circular Letter No.03/2015 regarding maintenance of provision against investment in Mutual Fund Units by scheduled banks,Not Available,28/06/15,10
https://www.bb.org.bd/mediaroom/circulars/fepd/jun242015fepdl08.pdf,"FEPD Circular Letter No. 08 : Remittance for house rent, food and other expanses of hajj pilgrims in Saudi Arabia",Not Available,24/06/15,08
https://www.bb.org.bd/mediaroom/circulars/gbcrd/jun232015gbcsrdl10.pdf,GBCSRD Circular Letter No. 10: To include 'corruption prevention activities' in CSR,Not Available,23/06/15,10
https://www.bb.org.bd/mediaroom/circulars/gbcrd/jun232015gbcsrdl09.pdf,GBCSRD Circular Letter No. 09 : Regarding CSR expenditure for the betterment of livelihood of the state recognized third gender people,Not Available,23/06/15,09
https://www.bb.org.bd/mediaroom/circulars/gbcrd/jun222015gbcsrdl08.pdf,GBCSRD Circular Letter No. 08 : Bangladesh Bank's Refinance Scheme for Green Finance,Not Available,22/06/15,08
https://www.bb.org.bd/mediaroom/circulars/gbcrd/jun182015gbcsrdl07.pdf,GBCSRD Circular Letter No. 07 : Regarding Opening 10 Taka Account for Small/ Marginal/ Landless/ Natural Disaster Affected Farmers and Small or Micro Traders,Not Available,18/06/15,07
https://www.bb.org.bd/mediaroom/circulars/brpd/jun172015brpdl08.pdf,BRPD Circular Letter No. 08 : Performance Evaluation of Women Employees during Maternity Leave,Not Available,17/06/15,08
https://www.bb.org.bd/mediaroom/circulars/acd/jun152015acfid03.pdf,ACFID Circular No. 03 : Formulation of separate Agricultural Department/Cell.,Not Available,15/06/15,03
https://www.bb.org.bd/mediaroom/circulars/dos/jun142015dosl9.pdf,"DOS Circular Letter No. 9:Closing Bank branches of Bancharampur UZ of Brahmmanbaria Zila on 15 June,2015 for Pouroshova election",Not Available,14/06/15,9
https://www.bb.org.bd/mediaroom/circulars/smespd/jun112015smespdl01.pdf,SMESPD Circular Letter No. 01 : Establishment of Women Entrepreneur's Dedicated Desk/Help Desk,Not Available,11/06/15,01
https://www.bb.org.bd/mediaroom/circulars/fid/jun112015dfiml03.pdf,DFIM Circular Letter No. 03 : Office Time Table & Transaction period for Holy Ramadan of Hijri 1436 (2015 Khirstabda),Not Available,11/06/15,03
https://www.bb.org.bd/mediaroom/circulars/dos/jun102015dos08.pdf,DOS Circular No. 08 : Office Time Table & Transaction period for Holy Ramadan of Hijri 1436 (2015 Khirstabda),Not Available,10/06/15,08
https://www.bb.org.bd/mediaroom/circulars/smespd/jun092015smespd03.pdf,"SMESPD Circular No. 03 : SME Credit Facilities for the Entrepreneurs Belonging to Rakhaine and other Tribal's, The Physically Disabled, Socially deprived entrepreneurs and the people of Third Gender Group",Not Available,09/06/15,03
https://www.bb.org.bd/mediaroom/circulars/acd/jun022015acfid02new.pdf,ACFID Circular No. 02: Refinance scheme on Milk Production and artificial insemination sector,Not Available,02/06/15,02
https://www.bb.org.bd/mediaroom/circulars/dmd/jun012015dmdl02.pdf,DMD Circular Letter No. 02 : Analysis of re-fixation of Savings Instruments' profit rate,Not Available,01/06/15,02
https://www.bb.org.bd/mediaroom/circulars/feod/jun012015feodl02.pdf,FEOD Circular Letter No. 02 : Submission of Return for Foreign Exchange Transactions,Not Available,01/06/15,02
https://www.bb.org.bd/mediaroom/circulars/dos/may282015dosl07.pdf,"DOS Circular Letter No. 07 : Closing of Scheduled Bank Branches on 30 May, 2015 (Saturday) due to Magura-1 by-poll of 10th National Parliament",Not Available,28/05/15,07
https://www.bb.org.bd/mediaroom/circulars/dmd/may252015dmdl01.pdf,DMD Circular Letter No. 01 : Re-fixation of Savings Instruments' profit rate,Not Available,25/05/15,01
https://www.bb.org.bd/mediaroom/circulars/aml/may252015bfiu11.pdf,BFIU Circular No. 11: Submission of cash transaction report (CTR) - Financial Institutions,Not Available,25/05/15,11
https://www.bb.org.bd/mediaroom/circulars/fepd/may212015fepdl07.pdf,FEPD Circular Letter No. 07 : Imposition of 10% import duty against rice import,Not Available,21/05/15,07
https://www.bb.org.bd/mediaroom/circulars/gbcrd/may102015gbcrdl05.pdf,GBCSRD Circular Letter No. 05: Bangladesh Bank's Refinance Scheme for Green Finance,Not Available,10/05/15,05
https://www.bb.org.bd/mediaroom/circulars/gbcrd/may072015gbcrdl04.pdf,GBCSRD Circular Letter No. 04 : Refinance for Improvement of Brick Kiln Efficiency,Not Available,07/05/15,04
https://www.bb.org.bd/mediaroom/circulars/psd/apr272015psdl05.pdf,PSD Circular Letter No. 05 : Temporary postpone of MFS Transaction,Not Available,27/04/15,05
https://www.bb.org.bd/mediaroom/circulars/psd/apr272015psdl04.pdf,PSD Circular Letter No. 04 : Temporary reduction of MFS transaction limit,Not Available,27/04/15,04
https://www.bb.org.bd/mediaroom/circulars/fid/apr262015fidl02.pdf,"DFIM Circular Letter No. 02 : Closing of Financial Institutions on 28th April, 2015 (Tuesday) due to Dhaka North , Dhaka South & Chittagong City Corporation Elections",Not Available,26/04/15,02
https://www.bb.org.bd/mediaroom/circulars/dos/apr262015dosl06.pdf,"DOS Circular Letter No. 06 : Closing of Scheduled Bank Branches on 28 April, 2015 (Tuesday) due to Dhaka North, Dhaka South & Chittagong City Corporation Elections",Not Available,26/04/15,06
https://www.bb.org.bd/mediaroom/circulars/brpd/apr222015brpdl06.pdf,BRPD Circular Letter No. 06 : Precautionary measures to ensure safety of the bank-branch,Not Available,22/04/15,06
https://www.bb.org.bd/mediaroom/circulars/fepd/apr152015fepdl06.pdf,FEPD Circular Letter No. 06 : Regarding mention of right description and H.S. Code of product in LC and LCA form,Not Available,15/04/15,06
https://www.bb.org.bd/mediaroom/circulars/gbcrd/apr092015gbcrd03.pdf,"GBCSRD Circular No. 03 : Uniform Statement of TK10 (Ten), TK 50 (Fifty) and TK 100 (Hundred) Accounts under Financial Inclusion",Not Available,09/04/15,03
https://www.bb.org.bd/mediaroom/circulars/aml/apr092015bfiul03.pdf,"BFIU Circular Letter No. 03 : Circulation of Money Laundering Prevention Rules, 2013 and Anti Terrorism Rules, 2013",Not Available,09/04/15,03
https://www.bb.org.bd/mediaroom/circulars/smespd/apr092015smespd02.pdf,"SMESPD Circular No. 02 : Extending Credit Financial Services in favour of Fresh Women Entrepreneurs in cottage, Micro & Small sector.",Not Available,09/04/15,02
https://www.bb.org.bd/mediaroom/circulars/fid/apr082015fid03.pdf,DFIM Circular No. 03 : Guide lines on write off and waiver of loan facilities,Not Available,08/04/15,03
https://www.bb.org.bd/mediaroom/circulars/fepd/apr012015fepdl05.pdf,FEPD Circular Letter No. 05 : Regarding collection of registration fee with renewal fee from the date of issuing SRO according to the rate of Import Policy Order-2012-2015,Not Available,01/04/15,05
https://www.bb.org.bd/mediaroom/circulars/gbcrd/mar312015gbcrdl03.pdf,GBSRD Circular Letter No. 03 : Amendment of Policy regarding 10 taka Account Holders Small/ Marginal/ Landless/ Natural Disaster Affected Farmers and Small or Micro Traders under Financial Inclusion Program,Not Available,31/03/15,03
https://www.bb.org.bd/mediaroom/circulars/feod/mar312015feodl05.pdf,FEOD Circular Letter No. 05 : Waiver of overdue bill of entry,Not Available,31/03/15,05
https://www.bb.org.bd/mediaroom/circulars/dos/mar252015dosl05.pdf,DOS Circular Letter No. 05 : Closing of Scheduled Bank Branches on 29/03/2015 (Sunday) due to two pourashava elections (Modhukhali and Chandpur),Not Available,25/03/15,05
https://www.bb.org.bd/mediaroom/circulars/fid/mar252015dfim02.pdf,DFIM Circular No. 02: Appointment of Chief Executive of Financial Institution,Not Available,25/03/15,02
https://www.bb.org.bd/mediaroom/circulars/fid/mar252015dfim01.pdf,DFIM Circular No. 01: Contractual Appointment of Advisor and Consultant for Financial Institution,Not Available,25/03/15,01
https://www.bb.org.bd/mediaroom/circulars/dos/mar242015dosl04.pdf,"DOS Circular Letter No. 04: Opening of scheduled Bank branches located in Dhaka & Chittagong Metropolitan Cities on 27 & 28 March, 2015 (Friday & Saturday) in order to facilitate the nomination paper submission in Dhaka North, Dhaka South & Chittagong City Corporation Elections",Not Available,24/03/15,04
https://www.bb.org.bd/mediaroom/circulars/brpd/mar192015brpd06.pdf,BRPD Circular No. 06: Incentive to Good Borrowers,Not Available,19/03/15,06
https://www.bb.org.bd/mediaroom/circulars/aml/mar152015bfiul2.pdf,BFIU Circular Letter No. 2: Introduction of Uniform Account Opening Form & KYC Form for Financial Institutions,Not Available,15/03/15,2
https://www.bb.org.bd/mediaroom/circulars/dos/mar122015dosl03.pdf,DOS Circular Letter No. 03 : Provision against investment in Mutual fund Units,Not Available,12/03/15,03
https://www.bb.org.bd/mediaroom/circulars/feid/mar112015feidl01.pdf,"FEID Circular Letter No. 01 : Regarding attachment of necessary information/documents while submitting applicationfor new permission/renewal/inclusion under section 18a and 18b of foreign exchange regulation Act, 1947.",Not Available,11/03/15,01
https://www.bb.org.bd/mediaroom/circulars/feod/mar092015feodl04.pdf,FEOD Circular Letter No. 04 : Payment Brokerage Charge by Shipping Company/Agent to Shippers Council of Bangladesh,Not Available,09/03/15,04
https://www.bb.org.bd/mediaroom/circulars/brpd/mar082015brpdl05.pdf,BRPD Circular Letter No. 05: Rehabilitation package for Cold Storages established in favour of farmers,Not Available,08/03/15,05
https://www.bb.org.bd/mediaroom/circulars/gbcrd/mar032015gbcrd02.pdf,"GBCSRD Circular No. 02: Regarding Profit/interest rate of Tk 10 (Ten), 50 (Fifty) and 100 (Hundred) Accounts",Not Available,03/03/15,02
https://www.bb.org.bd/mediaroom/circulars/feod/mar022015feodl03.pdf,FEOD Circular Letter No. 03 : Waiver of Overdue Bill of Entry,Not Available,02/03/15,03
https://www.bb.org.bd/mediaroom/circulars/ismc/feb252015ismc01.pdf,ISMC Circular Letter No. 01: 'Submission of Information and Communication' related to Integrated Supervision System (ISS).,Not Available,25/02/15,01
https://www.bb.org.bd/mediaroom/circulars/brpd/feb252015brpdl04.pdf,BRPD Circular Letter No. 04 : Appoinment of Chief Executive Officer of Foreign Banks working in Bangladesh,Not Available,25/02/15,04
https://www.bb.org.bd/mediaroom/circulars/acd/feb232015acfid01.pdf,ACFID Circular No. 01 : Regarding Certificate Case,Not Available,23/02/15,01
https://www.bb.org.bd/mediaroom/circulars/psd/feb162015psd01.pdf,PSD Circular No. 01 : Regarding Displaying Inter Banks ATM Transaction Charges on Visible Places in ATM Booths,Not Available,16/02/15,01
https://www.bb.org.bd/mediaroom/circulars/gbcrd/feb122015gbcrdl02.pdf,GBCSRD Circular Letter No. 02: Regarding Banking Service for Street Urchin and Working Children,Not Available,12/02/15,02
https://www.bb.org.bd/mediaroom/circulars/feod/feb102015feodl02.pdf,FEOD Circular Letter No. 02 : Payment Brokerage Charge by Shipping Company/Agent to Shippers Council of Bangladesh,Not Available,10/02/15,02
https://www.bb.org.bd/mediaroom/circulars/smespd/feb082015smespd01.pdf,SMESPD Circular No. 01 : Formation of Women Entrepreneur Development Unit in Banks and Financial Institutions to Strengthen Monitoring Activities for the Development of Women Entrepreneurs,Not Available,08/02/15,01
https://www.bb.org.bd/mediaroom/circulars/dmd/feb012015dmd01.pdf,DMD Circular No. 01 Closing of all activities regarding Tk 10/-& Tk 50/- Bangladesh Prize Bond,Not Available,01/02/15,01
https://www.bb.org.bd/mediaroom/circulars/brpd/jan292015brpd03.pdf,BRPD Circular No. 03 : Rehabilitation package for Cold Storages established in favour of farmers of North-Bengal,Not Available,29/01/15,03
https://www.bb.org.bd/mediaroom/circulars/feod/jan262015feodl01.pdf,FEOD Circular Letter No. 01 : Payment Brokerage Charge by Shipping Company/Agent to Shippers Council of Bangladesh,Not Available,26/01/15,01
https://www.bb.org.bd/mediaroom/circulars/brpd/jan222015brpdl03.pdf,"BRPD Circular Letter No. 03 : Taking action about the new techniques of propaganda adopted by the black listed organization "" Hizbut Towhid""",Not Available,22/01/15,03
https://www.bb.org.bd/mediaroom/circulars/gbcrd/jan212015gbcrd01.pdf,GBCSRD Circular No. 01 : Ensuring banking services for physically challenged persons,Not Available,21/01/15,01
https://www.bb.org.bd/mediaroom/circulars/psd/jan202015psdl01.pdf,PSD Circular Letter No. 01 : Regarding Service charge of interbank ATM transactions made through National Payment Switch Bangladesh (NPSB),Not Available,20/01/15,01
https://www.bb.org.bd/mediaroom/circulars/fid/jan202015fidl01.pdf,"DFIM Circular Letter No 01: Specimen Signature of Md. Rafiqul Islam, Deputy General Manager , DFIM",Not Available,20/01/15,01
https://www.bb.org.bd/mediaroom/circulars/gbcrd/jan182015gbcrdl01.pdf,GBCSRD Circular Letter No. 01 : Bangladesh Bank's Refinance Scheme for Green Finance,Not Available,18/01/15,01
https://www.bb.org.bd/mediaroom/circulars/brpd/jan132015brpdl02.pdf,BRPD Circular Letter No. 02 : Policy regarding establishments of business center by Banks,Not Available,13/01/15,02
https://www.bb.org.bd/mediaroom/circulars/fepd/jan112015fepd02.pdf,FEPD Circular Letter No. 02 : Performing Hajj under Private Management-1436 Hijri Year,Not Available,11/01/15,02
https://www.bb.org.bd/mediaroom/circulars/fepd/jan112015fepd01.pdf,FEPD Circular Letter No. 01 : Performing Hajj under Govt. Management-1436 Hijri year,Not Available,11/01/15,01
https://www.bb.org.bd/mediaroom/circulars/aml/jan082015bfiul01.pdf,BFIU Circular Letter No. 01 : Money Laundering and Terrorist Financing Risk Assessment Guidelines for Banking Sector,Not Available,08/01/15,01
https://www.bb.org.bd/mediaroom/circulars/dcmps/jan082015dcmps01.pdf,DCM Circular No. 01: Compulsory compliance to be maintained by Cash Department,Not Available,08/01/15,01
https://www.bb.org.bd/mediaroom/circulars/dos/jan082015dosl01.pdf,DOS Circular Letter No. 01 : Closing of Scheduled Bank Branches on 11/01/2015 (Sunday) due to Rajoir pourashava election,Not Available,08/01/15,01
https://www.bb.org.bd/mediaroom/circulars/brpd/jan062015brpdl01.pdf,BRPD Circular Letter No. 01 : Directives on Agent Banking Operation,Not Available,06/01/15,01
https://www.bb.org.bd/mediaroom/circulars/acd/jan052015acfidl01.pdf,ACFID Circular Letter No. 01 : Determination of target for disbursement of Agricultural & Rural Credit and its implementation,Not Available,05/01/15,01
https://www.bb.org.bd/mediaroom/circulars/aml/dec282014bfiul05.pdf,"BFIU Circular Letter No. 05 : KYC Procedures for accounts opened before 30th April, 2002",Not Available,28/12/14,05
https://www.bb.org.bd/mediaroom/circulars/aml/dec282014bfiu10nn_new.pdf,BFIU Circular No. 10 : Master Circular regarding Instructions to be followed by the Scheduled banks for the prevention of Money Laundering & Terrorist Financing,Not Available,28/12/14,10
https://www.bb.org.bd/mediaroom/circulars/dmd/dec242014dmd10.pdf,DMD Circular No. 10 : Regarding Issuance of Islami Bond,Not Available,24/12/14,10
https://www.bb.org.bd/mediaroom/circulars/dos/dec242014dosl31.pdf,DOS Circular Letter No. 31: Closing of Scheduled Bank Branches on 28/12/2014 (Sunday) due to two pourashava elections (Dhupchanchia and Rajoir),Not Available,24/12/14,31
https://www.bb.org.bd/mediaroom/circulars/gbcrd/dec232014gbcrdl04.pdf,GBCSRD Circular Letter No 4 : Regarding the use of jute bag mandatorily while packaging imported rice and wheat by Government and Private sector,Not Available,23/12/14,4
https://www.bb.org.bd/mediaroom/circulars/gbcrd/dec222014gbcrdl03.pdf,GBCSRD Circular Letter No. 03 : Regarding Tk. 200 crore Refinance Scheme for 10 tk. A/c Holder,Not Available,22/12/14,03
https://www.bb.org.bd/mediaroom/circulars/dmd/dec222014dmd09.pdf,DMD Circular No. 09 : Investment of Gratuity Fund of Financial Institutionsin Shanchaypatro,Not Available,22/12/14,09
https://www.bb.org.bd/mediaroom/circulars/brpd/dec212014brpd17.pdf,BRPD Circular No. 17: Interest Rate of Agricultural and Rural Credit,Not Available,21/12/14,17
https://www.bb.org.bd/mediaroom/circulars/dos/dec182014dosl30.pdf,"DOS Circular Letter No. 30: Closing of Scheduled Bank Branches due to three Upazila Parishad Elections ( Ramu, Haimchar and Shariatpur Sadar).",Not Available,18/12/14,30
https://www.bb.org.bd/mediaroom/circulars/brpd/dec182014brpdl19.pdf,BRPD Circular Letter No. 19: Installation of CC camera in IT room,Not Available,18/12/14,19
https://www.bb.org.bd/mediaroom/circulars/dmd/dec112014dmd08.pdf,DMD Circular No. 08: Regarding investment of Gratuity Fund in Shanchaypatro,Not Available,11/12/14,08
https://www.bb.org.bd/mediaroom/circulars/dmd/dec022014dmdl02.pdf,DMD Circular Letter No. 02 : Extension of Bidding time of Reverse Repo,Not Available,02/12/14,02
https://www.bb.org.bd/mediaroom/circulars/psd/nov272014psd07.pdf,PSD Circular No. 07 : Guidelines on Mobile Financial Services for the Banks,Not Available,27/11/14,07
https://www.bb.org.bd/mediaroom/circulars/dos/nov252014dosl29.pdf,DOS Circular Letter No. 29 : Opening of main branches of Scheduled banks at all divisional and district levels on 29/11/2014 (Saturday) for the convenience of paying income tax by tax-payers.,Not Available,25/11/14,29
https://www.bb.org.bd/mediaroom/circulars/fid/nov242014fidl14.pdf,DFIM Circular Letter No. 14 : Holidays during the calendar year 2015,Not Available,24/11/14,14
https://www.bb.org.bd/mediaroom/circulars/fid/nov182014fidl13.pdf,DFIM Circular Letter No. 13 : Rendering festival bonus to the retired employees surrendered 100% pension,Not Available,18/11/14,13
https://www.bb.org.bd/mediaroom/circulars/fid/nov172014dfiml12new.pdf,"DFIM Circular Letter No. 12: Updating of 12-digits TIN of Account Holders of Scheduled Banks and Financial Institutions under Section 53F of Income Tax Ordinance, 1984",Not Available,17/11/14,12
https://www.bb.org.bd/mediaroom/circulars/brpd/nov172014brpdl18.pdf,BRPD Circular Letter No. 18 : Precautionary measures to ensure safety of the bank-vault.,Not Available,17/11/14,18
https://www.bb.org.bd/mediaroom/circulars/fid/nov122014dfim04.pdf,DFIM Circular No. 04: Name change of Financial Institution from 'United Leasing Company Limited' to 'United Finance Limited',Not Available,12/11/14,04
https://www.bb.org.bd/mediaroom/circulars/dmd/nov112014dmd07.pdf,DMD Circular No. 07 : Closing of all actvities related to 10 & 50 tk. prizebond,Not Available,11/11/14,07
https://www.bb.org.bd/mediaroom/circulars/brpd/nov112014brpdl17.pdf,BRPD Circular Letter No. 17 : Rendering Festival Bonus to the Retired Employees Surrendered 100% Pension,Not Available,11/11/14,17
https://www.bb.org.bd/mediaroom/circulars/dcmps/nov052014dcmps05.pdf,DCM Circular Letter No. 05 : About ensuring sufficient amount of money and security of both ATM booth and bank branches,Not Available,05/11/14,05
https://www.bb.org.bd/mediaroom/circulars/brpd/nov032014brpd16.pdf,"BRPD Circular Letter No. 16 :The Oriental Bank Ltd. (Reconstruction) Scheme, 2007",Not Available,03/11/14,16
https://www.bb.org.bd/mediaroom/circulars/dmd/nov032014dmd06.pdf,DMD Circular No. 06 : Circular regarding Amendment of Bangladesh Government Islami Investment Bond(Islami Bond) Rules-2004(Amended-2014),Not Available,03/11/14,06
https://www.bb.org.bd/mediaroom/circulars/brpd/nov022014brpdl15.pdf,"BRPD Circular Letter No. 15 : Updating of 12-digits TIN of Account Holders of Scheduled Banks and Financial Institutions under Section 53F of Income Tax Ordinance, 1984",Not Available,02/11/14,15
https://www.bb.org.bd/mediaroom/circulars/brpd/nov022014brpd14b_new.pdf,BRPD Circular No. 14 : Support for the tanneries who are relocated/under order of relocate to designated Modern Leather Industrial City - Savar,Not Available,02/11/14,14
https://www.bb.org.bd/mediaroom/circulars/fid/oct302014fidl11.pdf,DFIM Circular Letter No. 11 : Policy Regarding Opening New Branches of Financial Institutes,Not Available,30/10/14,11
https://www.bb.org.bd/mediaroom/circulars/fepd/oct292014fepdl20.pdf,FEPD Circular Letter No. 20: Additional cash incentive against export of RMG in textile industry,Not Available,29/10/14,20
https://www.bb.org.bd/mediaroom/circulars/ficsd/oct202014ficsd02.pdf,FICSD Circular No. 02: Statement of Complaints for Banks and Financial Institutions,Not Available,20/10/14,02
https://www.bb.org.bd/mediaroom/circulars/dmd/oct202014dmdl01.pdf,DMD Circular Letter No. 01 : Deducting Source Tax from Pensioner Sanchayapatra & Wage Earners Development Bond,Not Available,20/10/14,01
https://www.bb.org.bd/mediaroom/circulars/ficsd/oct142014ficsdl01.pdf,FICSD Circular Letter No. 01: Regarding Implementation of the Guidelines For Customer Services and Complaint Management,Not Available,14/10/14,01
https://www.bb.org.bd/mediaroom/circulars/fepd/oct142014fepdl19.pdf,FEPD Circular Letter No. 19: Regarding Import Policy Notice on BERC Licence checking during LC opening for importation of Petroleum bi-products,Not Available,14/10/14,19
https://www.bb.org.bd/mediaroom/circulars/gbcrd/oct122014gbcrd06.pdf,GBCSRD Circular No. 06 : Formation of refinance fund to support Islamic Shariah-based financing to ''Renewable Energy & Environment Friendly Financeable Sectors'',Not Available,12/10/14,06
https://www.bb.org.bd/mediaroom/circulars/smespd/oct092014smespd02.pdf,"SMESPD Circular No. 02: Formation of refinance fund to support Islamic Shariah-based financing to 'agro-based Industry', 'small enterprise (including women entrepreneurs) and 'new entrepreneur in cottage, micro and small enterprise sector'",Not Available,09/10/14,02
https://www.bb.org.bd/mediaroom/circulars/psd/oct022014psd05.pdf,PSD Circular No. 05: Banks' responsibilities to ensure and protect Customers' interest for using Automated Teller Machine(ATM) & Point of Sale(POS),Not Available,02/10/14,05
https://www.bb.org.bd/mediaroom/circulars/dos/oct012014dosl27.pdf,"DOS Circular Letter No. 27: Opening of Branches on 04 October, 2014 (Saturday) in order to Pay Salary and Allowances of Garments Industries",Not Available,01/10/14,27
https://www.bb.org.bd/mediaroom/circulars/dcmps/oct012014dcmpsl03m.pdf,DCM Circular Letter No. 03: Ensuring the cash supply and overall security of ATM Booth,Not Available,01/10/14,03
https://www.bb.org.bd/mediaroom/circulars/fepd/sep252014fepd36.pdf,FEPD Circular No. 36: Cash incentive against export of other frozen fish in the year 2014-2015,Not Available,25/09/14,36
https://www.bb.org.bd/mediaroom/circulars/dos/sep232014dosl26.pdf,DOS Circular Letter No. 26 : Closing of Scheduled Bank Branches due to Sherpur Sadar Upazila Parishad and Nabinagar Pourashava Election,Not Available,23/09/14,26
https://www.bb.org.bd/mediaroom/circulars/dos/sep222014dosl25.pdf,"DOS Circular Letter No. 25 : Opening of Branches on 03 October, 2014 (Friday) in order to Pay Salary and Allowances of Garments Industries",Not Available,22/09/14,25
https://www.bb.org.bd/mediaroom/circulars/feid/sep222014feidl06.pdf,"FEID Circular Letter No. 06 : Time extension of circular letters regarding on-line submission of application along with other documents to accord permission under Section 18A and 18B of Foreign Exchange Regulation (FER) Act, 1947",Not Available,22/09/14,06
https://www.bb.org.bd/mediaroom/circulars/gbcrd/sep172014gbcrd05.pdf,GBCSRD Circular No. 05:E-tendering System in Banks and FIs,Not Available,17/09/14,05
https://www.bb.org.bd/mediaroom/circulars/dos/sep172014dosl24.pdf,DOS Circular Letter No. 24: Closing of Scheduled Bank branches on 21/09/2014 (Sunday) due to 4th Upazila Parishad Election,Not Available,17/09/14,24
https://www.bb.org.bd/mediaroom/circulars/fepd/sep152014fepdl18.pdf,"FEPD Circular Letter No. 18: Regarding the issuance of SRO No-190-Law/2014, Dated. 16/07/2014 and SRO No- 213-Law/2014 Dated.07/08/2014",Not Available,15/09/14,18
https://www.bb.org.bd/mediaroom/circulars/acd/sep112014acfid02.pdf,ACFID Circular No. 02: Agriculture loan facility for the flood affected farmers,Not Available,11/09/14,02
https://www.bb.org.bd/mediaroom/circulars/fepd/sep0072014fepdl17.pdf,FEPD Circular Letter No. 17 : Regarding the submission of Import Registration Certificate (I.R.C.) and Renewal book,Not Available,07/09/14,17
https://www.bb.org.bd/mediaroom/circulars/gbcrd/sep042014gbcrd04.pdf,GBCSRD Circular No. 04 : Annual Target for Direct Green Finance Excel Reporting Format,Not Available,04/09/14,04
https://www.bb.org.bd/mediaroom/circulars/dmd/sep012014dmd05.pdf,DMD Circular No. 05 : Circular regarding Bangladesh Govt .Islami Bond (Islami Bond) Rules-2004 (Amended-2014),Not Available,01/09/14,05
https://www.bb.org.bd/mediaroom/circulars/gbcrd/aug192014gbcrdl02.pdf,GBCSRD Circular Letter No. 02: Bangladesh Bank's Refinance Scheme for Green Finance,Not Available,18/08/14,02
https://www.bb.org.bd/mediaroom/circulars/dos/aug032014dosl23.pdf,DOS Circular Letter No. 23 : Submission of Statement regarding Large Loan (Form 'L') download Form L,Not Available,03/08/14,23
https://www.bb.org.bd/mediaroom/circulars/fepd/aug032014fepdl16.pdf,"FEPD Circular Letter No. 16 : Remittance for house rent, food and other expanses of hajj pilgrims in Saudi Arabia under private management in 2014 (1435 Hijri year)",Not Available,03/08/14,16
https://www.bb.org.bd/mediaroom/circulars/psd/jul272014psd04.pdf,PSD Circular No. 04: Banks' responsibilities to protect Customers' interest in using Automated Teller Machine(ATM) and Point of Sale(POS).,Not Available,27/07/14,04
https://www.bb.org.bd/mediaroom/circulars/dcmps/jul242014dcml02.pdf,DCM Circular Letter No. 02: Ensuring the sufficient cash supply and overall security of ATM booth,Not Available,24/07/14,02
https://www.bb.org.bd/mediaroom/circulars/dos/jul242014dosl22.pdf,DOS Circular Letter No. 22 : Clarification of DOS Circular Letter No. 20 & 21,Not Available,24/07/14,22
https://www.bb.org.bd/mediaroom/circulars/fid/jul232014dfim03.pdf,DFIM Circular No. 03: Name change of Financial Institution 'First Lease Finance and Investment Limited' to 'First Finance Limited',Not Available,23/07/14,03
https://www.bb.org.bd/mediaroom/circulars/dos/jul222014dosl21.pdf,"DOS Circular Letter No. 21: Opening of respective scheduled bank branches on 25, 26 & 28 July, 2014 in order to facilitate RMG related export-import activities",Not Available,22/07/14,21
https://www.bb.org.bd/mediaroom/circulars/dos/jul172014dosl20.pdf,"DOS Circular Letter No. 20: Opening of Branches on 26 July, 2014 Saturday in order to Pay Salary and Allowances of Garments Industries",Not Available,17/07/14,20
https://www.bb.org.bd/mediaroom/circulars/dos/jul172014dosl19.pdf,"DOS Circular Letter No. 19: Payment of salary & allowances for the month of July/2014 to all Non-Gazetted employees of Government, Non-Government, Autonomous Bodies as well as all Non-Commissioned Officers/employees of Armed Forces and also payment of Pension for the month of July/2014 to all Retired Government service holders on 22 July, 2014 for Eid-ul-Fitr",Not Available,17/07/14,19
https://www.bb.org.bd/mediaroom/circulars/fepd/jul162014fepdl15.pdf,FEPD Circular Letter No. 15:Delivery of the NRB remittances to their beneficiaries,Not Available,16/07/14,15
https://www.bb.org.bd/mediaroom/circulars/feid/jul142014feidl05.pdf,FEID Circular Letter No. 05 : Specimen Signature of officers of FEID,Not Available,14/07/14,05
https://www.bb.org.bd/mediaroom/circulars/ficsd/jul132014ficsd01.pdf,FICSD Circular No. 01 : Guidelines for Customer Services and Complaint Management,Not Available,13/07/14,01
https://www.bb.org.bd/mediaroom/circulars/psd/jul102014psdl06.pdf,PSD Circular Letter No. 06 : Bangladesh Electronic Funds Transfer Network Operating Rules,Not Available,10/07/14,06
https://www.bb.org.bd/mediaroom/circulars/feod/jul092014feodl02.pdf,FEOD Circular Letter No. 02: Regarding payment of 0.50% Freight Brokerage Charge to Shippers Council of Bangladesh(SCB) by Shipping Companies/Shipping Agents,Not Available,09/07/14,02
https://www.bb.org.bd/mediaroom/circulars/dmd/jul082014dmd04.pdf,DMD Circular No. 04 : Deducting Source Tax from Pensioner Sanchayapatra & Wage Earners Development Bond,Not Available,08/07/14,04
https://www.bb.org.bd/mediaroom/circulars/fepd/jul072014fepdl14.pdf,FEPD Circular Letter No. 14: Appointment of Audit firm for Cash incentive/Export subsidy in textile and other sectors,Not Available,07/07/14,14
https://www.bb.org.bd/mediaroom/circulars/fepd/jul032014fepd28.pdf,FEPD Circular No. 28 : Export subsidy/Cash incentive for the financial year 2014-2015',Not Available,03/07/14,28
https://www.bb.org.bd/mediaroom/circulars/fid/jul022014fid02.pdf,DFIM Circular No. 02 : Revolving Loan Provided by Financial Institutions,Not Available,02/07/14,02
https://www.bb.org.bd/mediaroom/circulars/dmd/jun302014dmd03.pdf,DMD Circular No. 03 : Investment of Provident Fund of employees of Bank Companies,Not Available,30/06/14,03
https://www.bb.org.bd/mediaroom/circulars/fepd/jun292014fepdl13.pdf,FEPD Circular Letter No. 13 : Payment of VAT against fees for auditing cases of cash assistance/subsidy,Not Available,29/06/14,13
https://www.bb.org.bd/mediaroom/circulars/fepd/jun262014fepdl12.pdf,"FEPD Circular Letter No. 12 : Regarding Stop export of green Chilli, Brinjal, Lemon, Cucumber & Coriander",Not Available,26/06/14,12
https://www.bb.org.bd/mediaroom/circulars/smespd/jun262014smespd01.pdf,"SMESPD Circular No. 01 : Refinancing Fund for New Entrepreneurs in Cottage, Micro & Small sector",Not Available,26/06/14,01
https://www.bb.org.bd/mediaroom/circulars/dos/jun252014dosl18.pdf,DOS Circular Letter No. 18 : To keep all branches of Scheduled banks open on 28/06/2014 (Saturday) for the convenience of paying income tax by tax-payers,Not Available,25/06/14,18
https://www.bb.org.bd/mediaroom/circulars/fid/jun252014dfiml10.pdf,DFIM Circular Letter No. 10: Closing of FIs at Narayanganj-5 due to National Parliamentary Election,Not Available,25/06/14,10
https://www.bb.org.bd/mediaroom/circulars/dos/jun242014dosl17.pdf,DOS Circular Letter No. 17 : Closing of Scheduled Bank Branches at Narayanganj-5 due to National Parliamentary Election,Not Available,24/06/14,17
https://www.bb.org.bd/mediaroom/circulars/fid/jun232013dfiml08.pdf,DFIM Circular Letter No. 08: Office time table for Holy Ramadan of Hijri 1435 (2014 Khirstabda),Not Available,23/06/14,08
https://www.bb.org.bd/mediaroom/circulars/dos/jun232014dosl16.pdf,DOS Circular Letter No. 16: Office Time Table & Transaction period for Holy Ramadan of Hijri 1435 (2014 Khirstabda),Not Available,23/06/14,16
https://www.bb.org.bd/mediaroom/circulars/fepd/jun152014fepdl11.pdf,FEPD Circular Letter No. 11 : Opening of LC for import of consumer goods,Not Available,15/06/14,11
https://www.bb.org.bd/mediaroom/circulars/dos/jun122014dosl15.pdf,DOS Circular Letter No. 15: Closing of Scheduled Bank branches at Barishal-5 due to 10th National Parliamentary Election,Not Available,12/06/14,15
https://www.bb.org.bd/mediaroom/circulars/brpd/jun092014brpd11.pdf,BRPD Circular No. 11: Policy regarding Re-finance Scheme of Tk. 200 crore for Jute Sector arranged by Bangladesh Bank,Not Available,09/06/14,11
https://www.bb.org.bd/mediaroom/circulars/brpd/jun092014brpdl14.pdf,BRPD Circular Letter No. 14 : Single Borrower Exposure Limit,Not Available,09/06/14,14
https://www.bb.org.bd/mediaroom/circulars/brpd/jun092014brpdl13.pdf,BRPD Circular Letter No. 13 : Printing of all Customer related Forms in Bangla along with English,Not Available,09/06/14,13
https://www.bb.org.bd/mediaroom/circulars/fepd/jun082014fepd25new.pdf,FEPD Circular No. 25: Payment of additional cash incentive against export of RMG of Textile Industry,Not Available,08/06/14,25
https://www.bb.org.bd/mediaroom/circulars/dos/jun082014dosl14.pdf,DOS Circular Letter No. 14 : Closing of Scheduled Bank branches due to 4th Upazila Parishad Election,Not Available,08/06/14,14
https://www.bb.org.bd/mediaroom/circulars/dcmps/jun042014dcmpsl01.pdf,DCM Circular Letter No. 01 : Instructions for exchange and transactions of metallic coins for the customers and the members of public through the branches of scheduled banks,Not Available,04/06/14,01
https://www.bb.org.bd/mediaroom/circulars/gbcrd/jun032014gbcrd03.pdf,GBCSRD Circular No. 03 : Refinance for Improvement of Brick Kiln Efficiency,Not Available,03/06/14,03
https://www.bb.org.bd/mediaroom/circulars/brpd/jun022014brpdl12.pdf,BRPD Circular Letter No. 12 : Modification of Policy regarding establishments of business center by Banks,Not Available,02/06/14,12
https://www.bb.org.bd/mediaroom/circulars/brpd/jun022014brpdl11.pdf,BRPD Circular Letter No. 11 : Directives on Agent Banking Operation.,Not Available,02/06/14,11
https://www.bb.org.bd/mediaroom/circulars/brpd/jun012014brpd10.pdf,BRPD Circular No. 10 : Issuance of Bank guarantee according to specified format,Not Available,01/06/14,10
https://www.bb.org.bd/mediaroom/circulars/fepd/may272014fepd10.pdf,FEPD Circular Letter No. 10: Direction regarding opening of Non-Resident Foreign Currency Deposit Account,Not Available,27/05/14,10
https://www.bb.org.bd/mediaroom/circulars/brpd/may222014brpdl10.pdf,BRPD Circular Letter No. 10 : For assigning 5-10 Bank employees in each district as Mentor for ICT Entrepreneurship development,Not Available,22/05/14,10
https://www.bb.org.bd/mediaroom/circulars/brpd/may212014brpdl09.pdf,BRPD Circular Letter No. 09 : Deduction of Income Tax at source on Commission received by Selling Prize bond and Saving Certificate,Not Available,21/05/14,09
https://www.bb.org.bd/mediaroom/circulars/gbcrd/may202014gbcrdl01.pdf,GBCSRD Circular Letter No. 01 : Bangladesh Bank's Refinance Scheme for Green Finance,Not Available,20/05/14,01
https://www.bb.org.bd/mediaroom/circulars/fepd/may192014fepd09.pdf,FEPD Circular Letter No. 09 : Regarding Special order no-12/VAT/2014 of National Board of Revenue,Not Available,19/05/14,09
https://www.bb.org.bd/mediaroom/circulars/fid/may18052014fid07.pdf,DFIM Circular Letter No. 07: Closing of Financial Institutions Branches in the 4th and 6th phases of Upazila Parishad Election,Not Available,18/05/14,07
https://www.bb.org.bd/mediaroom/circulars/dos/may152014dosl13.pdf,DOS Circular Letter No. 13 : Closing of Scheduled Bank branches on 19/05/2014 & 21/05/2014 due to Upazila Parishad & Poroshaba Election,Not Available,15/05/14,13
https://www.bb.org.bd/mediaroom/circulars/psd/may152014psd02.pdf,PSD Circular No. 02:Regarding Bangladesh Payment and Settlement Systems Regulations‐2014,Not Available,15/05/14,02
https://www.bb.org.bd/mediaroom/circulars/psd/may152014psd03.pdf,PSD Circular No. 03: Regarding Regulations on Electronic Fund Transfer Network 2014,Not Available,15/05/14,03
https://www.bb.org.bd/mediaroom/circulars/gbcrd/may142014gbcrd01.pdf,"GBCSRD Circular No. 01 :Refinance Scheme for 10 TK Account Holders, Small/ Marginal/ Landless/ Natural Disaster Affected Farmers and Micro/ Small Traders Under Financial Inclusion Program",Not Available,14/05/14,01
https://www.bb.org.bd/mediaroom/circulars/fepd/may142014fepdl08.pdf,"FEPD Circular Letter No. 08 : Regarding S.R.O No-56-Law/2014/697-Vat, date: 13 April,2014",Not Available,14/05/14,08
https://www.bb.org.bd/mediaroom/circulars/brpd/may062014brpd09.pdf,BRPD Circular No. 09: Implementation of Hon'able High Court Division's interim order regarding uses of Bengali,Not Available,06/05/14,09
https://www.bb.org.bd/mediaroom/circulars/fepd/may052014fepdl07.pdf,"FEPD Circular Letter No. 07 : Providing sufficient information of imported goods in the L/Cs such as name, description, quantity, HS-code, price etc. for ensuring proper management & monitoring the release of imported goods under L/C after completing customs procedure",Not Available,05/05/14,07
https://www.bb.org.bd/mediaroom/circulars/fid/may052014fid01.pdf,DFIM Circular No. 01 : Execution of honorable supreme court's order against writ petition no. 1696/2014 regarding uses of Bengali,Not Available,05/05/14,01
https://www.bb.org.bd/mediaroom/circulars/fepd/apr152014fepd2632.pdf,FEPD(Import Section)/125/2014-2632 : Timely submission of the monthly statement regarding collection of Annual renewal fees of IRC to the corresponding regional office of CCI&E,Not Available,15/04/14,
https://www.bb.org.bd/mediaroom/circulars/dos/apr152014dosl12.pdf,DOS Circular Letter No. 12: Closing of Scheduled Bank branches on 16/04/2014 (Wednesday) due to Thakurgaon Sadar Upazila Parishad Election,Not Available,15/04/14,12
https://www.bb.org.bd/mediaroom/circulars/dmd/apr082014dmd02.pdf,DMD Circular No. 02 : Government Notification regarding foreign investment in BGTB by NITA,Not Available,08/04/14,02
https://www.bb.org.bd/mediaroom/circulars/brpd/apr082014brpdl08.pdf,"BRPD Circular Letter No. 08 : Deduction of Income Tax at Source on Mobile Banking Service related Charge/Commission/Fees/Revenue Share etc. under Section 52AA of The Income Tax Ordinance, 1984",Not Available,08/04/14,08
https://www.bb.org.bd/mediaroom/circulars/fepd/apr062014fepdl06.pdf,FEPD Circular Letter No. 06 : Reporting procedure of receipt and payment of short term foreign currency loan through discounting of direct/deemed export bills as per FE Circular 03/2013,Not Available,06/04/14,06
https://www.bb.org.bd/mediaroom/circulars/fepd/apr012014fepdl04.pdf,FEPD Circular Letter No. FEPD(Remittance)44/2014-04: Performing Hajj under Govt. Management-1435 Hijri year,Not Available,01/04/14,
https://www.bb.org.bd/mediaroom/circulars/fepd/apr012014fepdl05.pdf,FEPD Circular Letter No. FEPD(Remittance)44/2014-05: Performing Hajj Under Private Management-1435 Hijri Year,Not Available,01/04/14,
https://www.bb.org.bd/mediaroom/circulars/fid/mar312014fidl06.pdf,DFIM Circular Letter No. 06 : Deduction of 15% VAT on the honorium to Directors for attending board meeting.,Not Available,31/03/14,06
https://www.bb.org.bd/mediaroom/circulars/dos/mar302014dosl11.pdf,DOS Circular Letter No. 11 : Closing of scheduled bank branches in Sreepur Upazilla of Gazipur District,Not Available,30/03/14,11
https://www.bb.org.bd/mediaroom/circulars/dos/mar242014dosl10.pdf,DOS Circular Letter No. 10 : Reporting government deposit against revised sector code through RIT,Not Available,24/03/14,10
https://www.bb.org.bd/mediaroom/circulars/brpd/mar242014brpdl07.pdf,BRPD Circular Letter No. 07: Directives on Agent Banking Operation,Not Available,24/03/14,07
https://www.bb.org.bd/mediaroom/circulars/brpd/mar202014brpdl06.pdf,BRPD Circular Letter No. 06: Deduction of 15% VAT on the honorium to the Directors for attending board meeting,Not Available,20/03/14,06
https://www.bb.org.bd/mediaroom/circulars/fid/mar202014fidl05.pdf,DFIM Circular Letter No. 05 : Closing of Financial Institutions Branches in the 4th and 5th phases of Upazila Parishad Election,Not Available,20/03/14,05
https://www.bb.org.bd/mediaroom/circulars/fepd/mar182014fepdl03.pdf,FEPD Circular Letter No.(Import policy)/123/03: Regarding Public Notice on Shrimp importation for the purpose of Re-Export,Not Available,18/03/14,
https://www.bb.org.bd/mediaroom/circulars/dos/mar182014dosl09.pdf,DOS Circular Letter No. 09 : Closing of Scheduled Bank branches in the 4th and 5th phases of Upazila Parishad Election,Not Available,18/03/14,09
https://www.bb.org.bd/mediaroom/circulars/psd/mar182014psd01.pdf,PSD Circular No. 01: Service charge of interbank ATM transaction made through National Payment Switch Bangladesh (NPSB),Not Available,18/03/14,01
https://www.bb.org.bd/mediaroom/circulars/brpd/mar122014brpd06.pdf,BRPD Circular No. 06: Payment of bills against Import L/C in due time,Not Available,12/03/14,06
https://www.bb.org.bd/mediaroom/circulars/feod/mar092014feodl01.pdf,FEOD Circular Letter No. 01: SCB Brokerage Charge 0.50%,Not Available,09/03/14,01
https://www.bb.org.bd/mediaroom/circulars/brpd/mar092014brpd05.pdf,BRPD Circular No. 05 : Banking Services for Street Urchin and Working Children,Not Available,09/03/14,05
https://www.bb.org.bd/mediaroom/circulars/dos/mar092014dosl08.pdf,"DOS Circular Letter No. 08: Opening of all branches of Sonali,Janata, Agrani and Rupali Bank Limited on 08/03/2014",Not Available,09/03/14,08
https://www.bb.org.bd/mediaroom/circulars/brpd/mar042014brpdl05.pdf,BRPD Circular Letter No. 05: Tax Deducted at Source on the payments to Port Inland Container Depot (ICD)/ Off-Dock Terminal /Container Freight Station.,Not Available,04/03/14,05
https://www.bb.org.bd/mediaroom/circulars/brpd/feb202014brpdl04.pdf,"BRPD Circular Letter No. 04 : Exemption from compliance of section 7(3) of the Bank Company Act, 1991 (amended upto 2013)",Not Available,20/02/14,04
https://www.bb.org.bd/mediaroom/circulars/fepd/feb182014fepdl02.pdf,FEPD Circular Letter No. 02 : Regarding S.R.O. No-05-Law/2014/694-VAT,Not Available,18/02/14,02
https://www.bb.org.bd/mediaroom/circulars/fid/feb182014fidl04.pdf,DFIM Circular Letter No. 04: Closing of Financial Institutions due to 4th Upazila Parishad Election,Not Available,18/02/14,04
https://www.bb.org.bd/mediaroom/circulars/dos/feb172014dosl06.pdf,DOS Circular Letter No. 06: Closing of Scheduled Bank branches due to 4th Upazila Parishad Election,Not Available,17/02/14,06
https://www.bb.org.bd/mediaroom/circulars/dos/feb132014dosl05.pdf,DOS Circular Letter No. 05 : Scheduled Bank branches will be open on 15/02/2014 (Saturday) in order to facilitate the nomination paper submission in 3rd phase of 4th Upazila Parishad Election.,Not Available,13/02/14,05
https://www.bb.org.bd/mediaroom/circulars/fepd/jan302014fepd05.pdf,FEPD Circular No. 05 : Currency Note Import and Export,Not Available,30/01/14,05
https://www.bb.org.bd/mediaroom/circulars/brpd/jan272014brpdl03.pdf,BRPD Circular Letter No. 03 : Precautionary Measures to ensure Safety of the Bank-vaults,Not Available,27/01/14,03
https://www.bb.org.bd/mediaroom/circulars/dos/jan232014dosl04.pdf,"DOS Circular Letter No. 04: Scheduled Bank branches will remain open on 25 January, 2014 (Saturday)",Not Available,23/01/14,04
https://www.bb.org.bd/mediaroom/circulars/brpd/jan162014brpdl02.pdf,BRPD Circular Letter No. 02: Avoidance of High Expense for Luxurious Vehicles and Decoration,Not Available,16/01/14,02
https://www.bb.org.bd/mediaroom/circulars/fid/jan152014fidl02.pdf,DFIM Circular Letter No. 02 : Closing of FI Branches on 16/01/2014 (Thursday) due to re-polling of some halted centers of 10th National Parliamentary Election,Not Available,15/01/14,02
https://www.bb.org.bd/mediaroom/circulars/dos/jan152014dosl03.pdf,DOS Circular Letter No. 03 : Closing of Scheduled Bank Branches on 16/01/2014 (Thursday) due to re-polling of some halted centers of 10th National Parliamentary Election,Not Available,15/01/14,03
https://www.bb.org.bd/mediaroom/circulars/fepd/jan082014fepd01.pdf,FEPD Circular No. 01: Providing Cash incentive against advanced TT for Textile goods,Not Available,08/01/14,01
https://www.bb.org.bd/mediaroom/circulars/fid/jan022014fidl01.pdf,"DFIM Circular Letter No. 01 : Financial Institutions' branches will remain closed on 05 January, 2014 (Sunday) due to 10th National Parliamentary Election",Not Available,02/01/14,01
https://www.bb.org.bd/mediaroom/circulars/dos/jan012014dosl02.pdf,"DOS Circular Letter No. 02 : Scheduled Bank branches will remain closed on 05 January, 2014 (Sunday) due to 10th National Parliamentary Election.",Not Available,01/01/14,02
https://www.bb.org.bd/mediaroom/circulars/dos/jan012014dosl01.pdf,"DOS Circular Letter No. 01 : Scheduled Bank branches will remain open on 03 & 04 January, 2014 (Friday & Saturday)",Not Available,01/01/14,01
https://www.bb.org.bd/mediaroom/circulars/fid/dec312013fidl14.pdf,DFIM Circular Letter No. 14 : Adjustment of the excess loan amount over 'Single Borrower Exposure Limit' provided by Financial Institutions to their subsidiary companies,Not Available,31/12/13,14
https://www.bb.org.bd/mediaroom/circulars/dos/dec302013dosl29.pdf,DOS Circular Letter No. 29: Holding of share & capital market exposure for bank companies,Not Available,30/12/13,29
https://www.bb.org.bd/mediaroom/circulars/fid/dec292013fid10.pdf,DFIM Circular No. 10 : Flow of financing for the Effected productive activities and business,Not Available,29/12/13,10
https://www.bb.org.bd/mediaroom/circulars/fepd/dec262013fepdl37.pdf,"FEPD Circular Letter No. 37 : Prohibition of importing book named ""Bhangamoth"" written by Mr. Salam Azad",Not Available,26/12/13,37
https://www.bb.org.bd/mediaroom/circulars/brpd/dec262013brpdl23.pdf,BRPD Circular Letter No. 23 : Prohibiting presence of non-member at bank's Board Meetings and excess benefits to directors,Not Available,26/12/13,23
https://www.bb.org.bd/mediaroom/circulars/brpd/dec232013brpd15.pdf,BRPD Circular No. 15 : Flow of Financing for the Effected Productive Activities and Business,Not Available,23/12/13,15
https://www.bb.org.bd/mediaroom/circulars/brpd/dec192013brpdl22.pdf,"BRPD Circular Letter No. 22 : Clarification about Local L/C under Section 52 of Income Tax Ordinance, 1984",Not Available,19/12/13,22
https://www.bb.org.bd/mediaroom/circulars/dos/dec192013dosl28.pdf,DOS Circular Letter No. 28 : Regarding participation of Bank Officials in Banking Diploma Examination-2013 on 20/12/2013 (Friday),Not Available,19/12/13,28
https://www.bb.org.bd/mediaroom/circulars/dos/dec192013dosl27.pdf,DOS Circular Letter No. 27 : Regarding opening of Scheduled Bank branches on 20/12/2013,Not Available,19/12/13,27
https://www.bb.org.bd/mediaroom/circulars/dos/dec182013dosl26.pdf,DOS Circular Letter No. 26 : To keep Scheduled Bank branches open on 20/12/2013,Not Available,18/12/13,26
https://www.bb.org.bd/mediaroom/circulars/acd/dec182013acfid02.pdf,ACFID Circular No. 02: Credit norms for seed cultivation for the financial year 2013-2014,Not Available,18/12/13,02
https://www.bb.org.bd/mediaroom/circulars/brpd/dec182013brpd14.pdf,BRPD Circular No. 14 : Access to Finance in the SME Sector,Not Available,18/12/13,14
https://www.bb.org.bd/mediaroom/circulars/fepd/dec052013fepdl34.pdf,"FEPD Circular Letter No. 34 : Inception of operations of Pangaon Inland Container Terminal, Keranigonj, Dhaka under Chittagong Port Authority",Not Available,05/12/13,34
https://www.bb.org.bd/mediaroom/circulars/dos/dec052013dosl24new.pdf,"DOS Circular Letter No. 24: Providing loan default information, if any, of the candidates in the 10th National Parliamentary Election",Not Available,05/12/13,24
https://www.bb.org.bd/mediaroom/circulars/dos/dec052013dosl25.pdf,DOS Circular Letter No. 25: To keep Scheduled Bank branches open on 06/12/2013,Not Available,05/12/13,25
https://www.bb.org.bd/mediaroom/circulars/fid/dec052013dfiml13.pdf,DFIM Circular Letter No. 13: Collection and Supply of defaulted loan information of interested Candidates of the 10th National Parliament Election,Not Available,05/12/13,13
https://www.bb.org.bd/mediaroom/circulars/dos/dec042013dosl23.pdf,DOS Circular Letter No. 23: To keep Scheduled Bank Branches open on 07/12/2013 (Saturday) for payment of salary & allowances to Garments workers,Not Available,04/12/13,23
https://www.bb.org.bd/mediaroom/circulars/fid/dec012013fid09.pdf,DFIM Circular No. 09 : Fixation of minimum maturity period of term deposit for Financial Institutions,Not Available,01/12/13,09
https://www.bb.org.bd/mediaroom/circulars/dos/nov282013dosl22.pdf,"DOS Circular Letter No. 22 : Banks remain open on 30 November, 2013",Not Available,28/11/13,22
https://www.bb.org.bd/mediaroom/circulars/psd/nov282013psd04.pdf,"PSD Circular No. 04 : Receipt and processing of ""Positive Pay Instruction"" during cheque clearing through BACH",Not Available,28/11/13,04
https://www.bb.org.bd/mediaroom/circulars/fid/nov282013fid08.pdf,DFIM Circular No. 08 : Online reporting of FI Director related information through Bangladesh Bank Web Portal,Not Available,28/11/13,08
https://www.bb.org.bd/mediaroom/circulars/fid/nov272013fidl12.pdf,"DFIM Circular Letter No. 12 : Reissuance of the ""Guidelines on Product & Services of Financial Institutions in Bangladesh"" with few modification",Not Available,27/11/13,12
https://www.bb.org.bd/mediaroom/circulars/fid/nov212013fid07.pdf,DFIM Circular No. 07 : Implementation of National Integrity Strategy,Not Available,21/11/13,07
https://www.bb.org.bd/mediaroom/circulars/fid/nov212013fidl11.pdf,DFIM Circular Letter No. 11 : Write off policy,Not Available,21/11/13,11
https://www.bb.org.bd/mediaroom/circulars/fid/nov182013fidl10.pdf,DFIM Circular Letter No. 10 : Holidays during 2014,Not Available,18/11/13,10
https://www.bb.org.bd/mediaroom/circulars/brpd/nov122013brpdl21.pdf,BRPD Circular Letter No. 21 : Implementation of National Integrity Policy,Not Available,12/11/13,21
https://www.bb.org.bd/mediaroom/circulars/fid/nov122013fidl09.pdf,DFIM Circular Letter No. 09 : Change of Holidays for Ashura,Not Available,12/11/13,09
https://www.bb.org.bd/mediaroom/circulars/dos/nov112013dosl20.pdf,DOS Circular Letter No. 20 : Holiday for Ashura,Not Available,11/11/13,20
https://www.bb.org.bd/mediaroom/circulars/brpd/nov072013brpd13.pdf,BRPD Circular No. 13 : Write-off Policy,Not Available,07/11/13,13
https://www.bb.org.bd/mediaroom/circulars/aml/nov052013bfiul04.pdf,BFIU Circular Letter No. 04: Instructions to be followed for compliance of Freezing Accounts of listed Individuals or Institutions and Other Issues under the Sanction List of Different Resolutions of United Nations Security Council,Not Available,05/11/13,04
https://www.bb.org.bd/mediaroom/circulars/fepd/nov032013fepdl33.pdf,"FEPD Circular Letter No. 33 : Regarding Public Notice [No-22(2012-2015)/Import] dated 28 October, 2013 on extension of time for shipment against LC issued untill 22 September, 2013 against importation of crude Salt",Not Available,03/11/13,33
https://www.bb.org.bd/mediaroom/circulars/brpd/nov032013brpdl20.pdf,"BRPD Circular Letter No. 20 : The Oriental Bank Ltd. (Reconstruction) Scheme, 2007",Not Available,03/11/13,20
https://www.bb.org.bd/mediaroom/circulars/aml/oct292013bfiu08.pdf,BFIU Circular No. 08 : Guidelines on Prevention of Money laundering & Combating Financing of Terrorism for Designated Non- Financial Businesses and Professions,Not Available,29/10/13,08
https://www.bb.org.bd/mediaroom/circulars/fepd/oct242013fepdl32.pdf,"FEPD Circular Letter No. 32 : Regarding SRO No-283-Law/2013, Dated: 22 August, 2013 related to Amendment of Section 17(2) (kha) of Import Policy Order, 2012-2015",Not Available,24/10/13,32
https://www.bb.org.bd/mediaroom/circulars/fepd/oct232013fepdl31.pdf,FEPD Circular Letter No. 31 : Regarding non-Issuance of LC without obtaining VAT Registration Number (BIN) as Importer and mentioning HS Code of imported items in import bill of Lading,Not Available,23/10/13,31
https://www.bb.org.bd/mediaroom/circulars/brpd/oct222013brpdl17.pdf,"BRPD Circular Letter No. 17 : Keeping Deposit of Annual Development Programme (ADP), Government and Semi-Government Institutions and Autonomous and Semi-Autonomous Bodies in Private Commercial Banks",Not Available,22/10/13,17
https://www.bb.org.bd/mediaroom/circulars/dos/oct102013dos04.pdf,DOS Circular No 04 : Submission of Management Report (Confidential Part),Not Available,10/10/13,04
https://www.bb.org.bd/mediaroom/circulars/dos/oct102013dos03.pdf,DOS Circular No 03 : Submission of Audited Financial Statements,Not Available,10/10/13,03
https://www.bb.org.bd/mediaroom/circulars/fepd/oct102013fepd14.pdf,FEPD Circular No 14: Increasing the Rate of Cash Incentive Against Export of Shrimp,Not Available,10/10/13,14
https://www.bb.org.bd/mediaroom/circulars/fid/oct092013dfiml08.pdf,"DFIM Circular Letter No 08: Specimen Signature of Md. Shah Alam, General Manager, DFIM",Not Available,09/10/13,08
https://www.bb.org.bd/mediaroom/circulars/feod/oct082013feodl02.pdf,FEOD Circular Letter No. 02 : 0.50% Freight Brokerage Charges Shippers Council of Bangladesh,Not Available,08/10/13,02
https://www.bb.org.bd/mediaroom/circulars/fepd/oct012013fepdl30.pdf,FEPD Circular Letter No. 30 : Issuance of Letter of Credit (LC) in accordance with Import Policy Order 2012-2015,Not Available,08/10/13,30
https://www.bb.org.bd/mediaroom/circulars/dos/oct032013dosl19.pdf,DOS Circular Letter No. 19 : Opening of all scheduled bank branches situated at Bangladesh-India border area on Friday & Saturday before Holy Eid-Ul-Azha & Durga Puja with a view to ensuring smooth Onion importation,Not Available,03/10/13,19
https://www.bb.org.bd/mediaroom/circulars/dos/sep302013dosl17.pdf,"DOS Circular Letter No. 17 : Opening of all scheduled bank branches situated at industrial areas on October 12, 2013 for payment of salary, festival bonus & other allowances of Garments workers/employees",Not Available,30/09/13,17
https://www.bb.org.bd/mediaroom/circulars/dos/sep302013dosl18.pdf,"DOS Circular Letter No. 18 : Closing of all scheduled bank branches situated at Borguna-2 by polls area on October 3, 2013.",Not Available,30/09/13,18
https://www.bb.org.bd/mediaroom/circulars/dos/sep292013dosl16.pdf,"DOS Circular Letter No. 16 : Extending co-operation to Election Commission and following Election Officer (Special Regulation) Act 1991 for Borguna-2 by-polls to be held on October 3, 2013",Not Available,29/09/13,16
https://www.bb.org.bd/mediaroom/circulars/fepd/sep292013fepdl29.pdf,FEPD Circular Letter No. 29: Withdrawn of Public Notice Regarding Prohibition of Betel-nut Importation,Not Available,29/09/13,29
https://www.bb.org.bd/mediaroom/circulars/gbcrd/sep262013gbcrd06.pdf,GBCSRD Circular No. 06 : Opening of Bank Accounts for Workers of Small Footwear & Leather Products' Industries under LSBPC (Leather Sector Business Promotion Council) Project,Not Available,26/09/13,06
https://www.bb.org.bd/mediaroom/circulars/brpd/sep232013brpd10.pdf,BRPD Circular No. 10: Fixation of rate of Interest on Import Financing,Not Available,23/09/13,10
https://www.bb.org.bd/mediaroom/circulars/fepd/sep192013fepdl28.pdf,"FEPD Circular Letter No. 28 : Insertion of Authorised Dealer Bank's 11 digit VAT Registration Number (BIN) on Letter of Credit (LC), Bill of Lading and other Shipping documents",Not Available,19/09/13,28
https://www.bb.org.bd/mediaroom/circulars/gbcrd/sep172013gbcrd05.pdf,GBCSRD Circular No. 05: Opening of Bank Accounts for Ready Made Garments Workers,Not Available,17/09/13,05
https://www.bb.org.bd/mediaroom/circulars/fepd/sep162013fepdl27.pdf,FEPD Circular Letter No. 27 : SRO on Amended Convention regarding Avoidance of Double Taxation between Bangladesh & India,Not Available,16/09/13,27
https://www.bb.org.bd/mediaroom/circulars/dos/sep162013dos02.pdf,DOS Circular No. 02 : Regulation regarding investment in capital market by the scheduled banks,Not Available,16/09/13,02
https://www.bb.org.bd/mediaroom/circulars/fepd/sep122013fepdl26.pdf,FEPD Circular Letter No. 26 : Public Notice on Importation (conditional) of Salt,Not Available,12/09/13,26
https://www.bb.org.bd/mediaroom/circulars/smespd/sep112013smespdl01.pdf,SMESPD Circular Letter No. 01: Financing to all disable SME entrepreneurs including blind under Bangladesh Bank Fund,Not Available,11/09/13,01
https://www.bb.org.bd/mediaroom/circulars/gbcrd/sep052013gbcrdl04.pdf,GBCSRD Circular Letter No. 04 : Policy Guidelines for Green Banking,Not Available,05/09/13,04
https://www.bb.org.bd/mediaroom/circulars/psd/sep052013psd03.pdf,PSD Circular No. 03 : Security and Risk Mitigation measures at ATM/POS Transactions,Not Available,05/09/13,03
https://www.bb.org.bd/mediaroom/circulars/brpd/sep032013brpdl16.pdf,BRPD Circular Letter No. 16 : To resolve the loan accounts of Government identified Sick/closed Industries,Not Available,03/09/13,16
https://www.bb.org.bd/mediaroom/circulars/fid/sep012013fidl07.pdf,DFIM Circular Letter No.07: Regarding Participation in Interbank Call Money Market.,Not Available,01/09/13,07
https://www.bb.org.bd/mediaroom/circulars/psd/sep012013psd01.pdf,PSD Circular Letter No. 01 : Guidelines on Mobile Financial Services for the Banks,Not Available,01/09/13,01
https://www.bb.org.bd/mediaroom/circulars/brpd/aug262013brpd09.pdf,BRPD Circular No. 09 : Infrastructural and Qualitative Development of Training Institutes of Banks,Not Available,26/08/13,09
https://www.bb.org.bd/mediaroom/circulars/dmd/aug202013dmdl06.pdf,DMD Circular Letter No. 06 : Regarding Issuance of Duplicate Wage Earners Development Bond(WEDB),Not Available,20/08/13,06
https://www.bb.org.bd/mediaroom/circulars/brpd/aug192013brpdl15.pdf,"BRPD Circular Letter No. 15: Bank Company (Amendment) Act, 2013",Not Available,19/08/13,15
https://www.bb.org.bd/mediaroom/circulars/fepd/aug142013fepdl25.pdf,FEPD Circular Letter No. 25: Correction of sub-section 2.5.1 of Export Policy 2012-2015,Not Available,14/08/13,25
https://www.bb.org.bd/mediaroom/circulars/brpd/aug122013brpdl14.pdf,BRPD Circular Letter No. 14 : Acquisition of Immovable Properties by Banks,Not Available,12/08/13,14
https://www.bb.org.bd/mediaroom/circulars/brpd/aug052013brpdl13.pdf,"BRPD Circular Letter No. 13 : Scheduling of ""NRB Global Bank Limited""",Not Available,05/08/13,13
https://www.bb.org.bd/mediaroom/circulars/dos/jul312013dosl15.pdf,DOS Circular Letter No. 15 : Opening of all scheduled bank AD branches situated at Bangladesh-India border area on Friday & Saturday before Holy Eid-Ul-Fitre,Not Available,31/07/13,15
https://www.bb.org.bd/mediaroom/circulars/dos/jul312013dosl14.pdf,DOS Circular Letter No. 14 : To keep Scheduled Bank branches open on 06/08/2013 (Tuesday) for payment of salary & allowances for Garments workers,Not Available,31/07/13,14
https://www.bb.org.bd/mediaroom/circulars/fepd/jul282013fepdl24.pdf,FEPD Circular Letter No. 24 : Remittance for house rent and other expanses of hajj pilgrims in Saudi Arabia under private management in 2013 (1434 Hijri year).,Not Available,28/07/13,24
https://www.bb.org.bd/mediaroom/circulars/fid/jul282013fidl06.pdf,DFIM Circular Letter No. 06 : Duration of Maternity Leave,Not Available,28/07/13,06
https://www.bb.org.bd/mediaroom/circulars/gbcrd/jul252013gbcrd03.pdf,GBCSRD Circular No. 03 : Opening of Bank Accounts for Cleaning Staffs of Dhaka North and Dhaka South City Corporation,Not Available,25/07/13,03
https://www.bb.org.bd/mediaroom/circulars/fid/jul232013fidl05.pdf,DFIM Circular Letter No. 05 : Preparation of Financial Statement,Not Available,23/07/13,05
https://www.bb.org.bd/mediaroom/circulars/fepd/jul182013fepdl23.pdf,FEPD Circular Letter No. 23 : Special cash incentive for textile mills,Not Available,18/07/13,23
https://www.bb.org.bd/mediaroom/circulars/fepd/jul172013fepdl21.pdf,FEPD Circular Letter No. 21 : Appointment of Audit firm for Cash incentive/Export subsidy in textile and other sectors,Not Available,17/07/13,21
https://www.bb.org.bd/mediaroom/circulars/aml/jul142013bfiu07.pdf,"BFIU Circular No. 07 : Anti Terrorism (Amendment) Act, 2013",Not Available,14/07/13,07
https://www.bb.org.bd/mediaroom/circulars/fepd/jul102013fepdl20.pdf,"FEPD Circular Letter No. (export policy)220/2013-20 : Export of Green Chilli, Brinjal, Garlic, Lemon,Cucumber & Coriander band upto 7th August",Not Available,10/07/13,
https://www.bb.org.bd/mediaroom/circulars/fepd/jul072013fepd12.pdf,FEPD Circular No. 12: Export subsidy/Cash incentive for the financial year 2013-2014,Not Available,07/07/13,12
https://www.bb.org.bd/mediaroom/circulars/fid/jul072013fidl04.pdf,DFIM Circular Letter No. 04: Office time table for the month of Ramadan,Not Available,07/07/13,04
https://www.bb.org.bd/mediaroom/circulars/dos/jul042013dosl13.pdf,DOS Circular Letter No. 13 : Suspension of DOS circular letter No. 06/2013 regarding opening of all AD branches of Scheduled Banks on Saturday,Not Available,04/07/13,13
https://www.bb.org.bd/mediaroom/circulars/fepd/jul042013fepdl19.pdf,FEPD Circular Letter No. 19 : End of Mandatory PSI System and Start of Optional PSI System,Not Available,04/07/13,19
https://www.bb.org.bd/mediaroom/circulars/dos/jul042013dosl12.pdf,DOS Circular Letter No. 12: Office time table in the month of Ramadan,Not Available,04/07/13,12
https://www.bb.org.bd/mediaroom/circulars/dfei/jul032013dfeil01.pdf,"DFEI Circular Letter No. 01 : About preservation of IMP Forms, Invoices, Bills of Entry duly in concerned Import Files",Not Available,03/07/13,01
https://www.bb.org.bd/mediaroom/circulars/fepd/jul032013fepd18.pdf,FEPD Circular Letter No. 18 : LC condition for having Preshipment Inspection Certificate from Internationally reputed serveyer regarding 'Quantity of Sulpher is not more than 3%' incase of Coal importation,Not Available,03/07/13,18
https://www.bb.org.bd/mediaroom/circulars/gbcrd/jul012013gbcrd02.pdf,GBCSRD Circular No. 02 : Bangladesh Bank's Refinance Scheme for Green Finance.,Not Available,01/07/13,02
https://www.bb.org.bd/mediaroom/circulars/dos/jun302013dosl11.pdf,DOS Circular Letter No. 11 : Scheduled Bank branches located under Election areas will remain closed on 03/07/2013 (Wednesday) & 06/07/2013 (Saturday) for election purpose,Not Available,30/06/13,11
https://www.bb.org.bd/mediaroom/circulars/fid/jun272013fid04.pdf,DFIM Circular No. 04 : Age limit of applicants for fresh recruitment in Financial Institutions,Not Available,27/06/13,04
https://www.bb.org.bd/mediaroom/circulars/dos/jun262013dosl10.pdf,DOS Circular Letter No. 10: To keep all branches of Scheduled banks open on 29/06/2013 (saturday) for the convenience of the tax-payers in paying tax,Not Available,26/06/13,10
https://www.bb.org.bd/mediaroom/circulars/brpd/jun232013brpd08.pdf,BRPD Circular No. 08: Age Limit for New Applicants of Bank-Jobs,Not Available,23/06/13,08
https://www.bb.org.bd/mediaroom/circulars/brpd/jun202013brpd07.pdf,BRPD Circular No. 07: To resolve the loan accounts of Government identified Sick/closed Industries,Not Available,20/06/13,07
https://www.bb.org.bd/mediaroom/circulars/dos/jun182013dosl09.pdf,DOS Circular Letter No. 09 : Information about Saturday banking operation,Not Available,18/06/13,09
https://www.bb.org.bd/mediaroom/circulars/brpd/jun182013brpdl12.pdf,"BRPD Circular Letter No. 12 : Scheduling of ""Modhumoti Bank Limited""",Not Available,18/06/13,12
https://www.bb.org.bd/mediaroom/circulars/dos/jun132013dosl08.pdf,"DOS Circular Letter No. 08 : Closure of Bank Branches located in Rajshahi, Sylhet, Khulna & Barisal due to City Corporation Election",Not Available,13/06/13,08
https://www.bb.org.bd/mediaroom/circulars/fepd/jun112013fepdl16.pdf,FEPD Circular Letter No.(Import policy)/123/2013-16 : Public notice on Prohibition(Temporary) of Poultry and Poultry Products Importation from China,Not Available,11/06/13,
https://www.bb.org.bd/mediaroom/circulars/fepd/jun092013fepdl15.pdf,FEPD Circular Letter No.(Import policy)/123/2013-15 : Non-Applicability of Public notice related to Prohibition of Betel-nut Impportation for EPZs,Not Available,09/06/13,
https://www.bb.org.bd/mediaroom/circulars/fepd/may292013fepdl13.pdf,FEPD Circular Letter No. 13 : Export Policy 2012-2015,Not Available,29/05/13,13
https://www.bb.org.bd/mediaroom/circulars/fepd/may292013fepdl14.pdf,FEPD Circular Letter No.(Import policy)/123/2013-14 : Public Notice on Prohibition of betel-nut importation,Not Available,29/05/13,
https://www.bb.org.bd/mediaroom/circulars/fepd/may282013fepdl12.pdf,FEPD Circular Letter No. (Export policy) 220/2013-12: Public Notice on Prohibition of exporting Betel Leaf,Not Available,28/05/13,
https://www.bb.org.bd/mediaroom/circulars/gbcrd/may262013gbcrd01.pdf,GBCSRD Circular No. 01 : Bank A/C opening for destitute people receiving allowance from Ministry of Religious Affairs,Not Available,26/05/13,01
https://www.bb.org.bd/mediaroom/circulars/fepd/may162013fepdl11.pdf,FEPD Circular Letter No. (Import policy)/123/2013-11:Issuance of public notice regarding prohibition of Betel-nut importation,Not Available,16/05/13,
https://www.bb.org.bd/mediaroom/circulars/fepd/may152013fepd08.pdf,FEPD Circular No. 08 : Cash Subsidy against export of Halal Meat,Not Available,15/05/13,08
https://www.bb.org.bd/mediaroom/circulars/fid/may142013fid03.pdf,DFIM Circular No. 03 : Ensuring structural safety of the establishments of Financial Institutions,Not Available,14/05/13,03
https://www.bb.org.bd/mediaroom/circulars/fepd/may142013fepd07.pdf,FEPD Circular No. 07: Special cash incentive for textile mills,Not Available,14/05/13,07
https://www.bb.org.bd/mediaroom/circulars/fid/may122013fid02.pdf,"DFIM Circular No. 02 : Compliance of related rules and regulations for financing residential/ commercial building/ structure development, land development and purchasing building/ apartment/floor space and for purchasing /leasing building/ apartment/floor space by financial institutions",Not Available,12/05/13,02
https://www.bb.org.bd/mediaroom/circulars/dos/may092013dosl07.pdf,"DOS Circular Letter No. 07 : Opening of all branches located in Rajshahi, Khulna, Barisal and Sylhet on 11 May, 2013 for furnishing election activities",Not Available,09/05/13,07
https://www.bb.org.bd/mediaroom/circulars/brpd/may092013brpd04.pdf,BRPD Circular No. 04 : Stopping disbursement of money from Bank Account,Not Available,09/05/13,04
https://www.bb.org.bd/mediaroom/circulars/fepd/may072013fepdl10.pdf,"FEPD(Import Policy) Circular Letter No. 123/2013-10 : Amendment of Import Policy Order, 2012-2015 : Importation of Formalin on condition",Not Available,07/05/13,123
https://www.bb.org.bd/mediaroom/circulars/brpd/may052013brpdl11.pdf,"BRPD Circular Letter No. 11 : Scheduling of ""NRB Bank Limited""",Not Available,05/05/13,11
https://www.bb.org.bd/mediaroom/circulars/brpd/may022013brpdl10.pdf,"BRPD Circular Letter No. 10 : Scheduling of ""The Farmers Bank Limited""",Not Available,02/05/13,10
https://www.bb.org.bd/mediaroom/circulars/brpd/apr302013brpdl09.pdf,"BRPD Circular Letter No. 09:The Oriental Bank Limited (Reconstruction) Scheme, 2007.",Not Available,30/04/13,09
https://www.bb.org.bd/mediaroom/circulars/brpd/apr302013brpd03.pdf,BRPD Circular No. 03 : Stopping disbursement of money from Bank Account,Not Available,30/04/13,03
https://www.bb.org.bd/mediaroom/circulars/fid/apr292013fidl03.pdf,DFIM Circular Letter No. 03 : Fixation of general provision against 'Standard' loans/leases of Small and Medium Enterprise (SME),Not Available,29/04/13,03
https://www.bb.org.bd/mediaroom/circulars/brpd/apr282013brpdl08.pdf,"BRPD Circular Letter No. 08: Prior approval from regulatory authorities and compliance of related rules and regulations for financing residential/commercial building or structure, land development and for purchasing building/apartment/floor space by banks.",Not Available,28/04/13,08
https://www.bb.org.bd/mediaroom/circulars/brpd/apr252013brpdl07.pdf,BRPD Circular Letter No. 07 : Safety Measures of Bank Premises,Not Available,25/04/13,07
https://www.bb.org.bd/mediaroom/circulars/fepd/apr242013fepdl08.pdf,FEPD Circular Letter No. 08 : Bangladesh-Bhutan bilateral agreement-SRO on waiver of customs duty,Not Available,24/04/13,08
https://www.bb.org.bd/mediaroom/circulars/feid/apr182013feidl06.pdf,FEID Circular Letter No. 06 : Specimen Signature of officers of FEID,Not Available,18/04/13,06
https://www.bb.org.bd/mediaroom/circulars/brpd/apr172013brpd02.pdf,BRPD Circular No. 02 : Financing in private land development projects approved under Private Housing Project Land Development Rule' 2004 as well as financing in projects approved under Local Government (Paurashava) Act 2009.,Not Available,17/04/13,02
https://www.bb.org.bd/mediaroom/circulars/gbcrd/apr162013gbcrdl02.pdf,"GBCSRD Circular Letter No. 02: Submission of all information and letter correspondance on Green Banking, CSR, School Banking, Financial Education and Financial Inclusion",Not Available,16/04/13,02
https://www.bb.org.bd/mediaroom/circulars/dmd/apr152013dmd03.pdf,"DMD Circular No. 03: Regarding Amendment of the Notification ""Issuance of Bangladesh Government Treasury Bonds""",Not Available,15/04/13,03
https://www.bb.org.bd/mediaroom/circulars/brpd/apr112013brpdl06.pdf,"BRPD Circular Letter No. 06 : Scheduling of "" Midland Bank Limited """,Not Available,11/04/13,06
https://www.bb.org.bd/mediaroom/circulars/eef/apr092013eef34.pdf,EEF Circular No. 34 : Equity & Entrepreneurship Fund (EEF) - Sanction of Food Processing & Agro-based Projects,Not Available,09/04/13,34
https://www.bb.org.bd/mediaroom/circulars/brpd/apr072013brpd05.pdf,"BRPD Circular Letter No. 05 : Scheduling of ""Meghna Bank Limited""",Not Available,07/04/13,05
https://www.bb.org.bd/mediaroom/circulars/fepd/apr042013fepdl27.pdf,FEPD Circular Letter No. 27 : Performing Hajj under Private Management-1434 Hijri Year,Not Available,04/04/13,27
https://www.bb.org.bd/mediaroom/circulars/fepd/apr042013fepdl26.pdf,FEPD Circular Letter No. 26 : Performing Hajj under Govt. Management-1434 Hijri year,Not Available,04/04/13,26
https://www.bb.org.bd/mediaroom/circulars/brpd/apr012013brpdl04.pdf,"BRPD Circular Letter No. 04 : Scheduling of ""Union Bank Limited""",Not Available,01/04/13,04
https://www.bb.org.bd/mediaroom/circulars/brpd/apr012013brpdl03.pdf,"BRPD Circular Letter No. 03 : Scheduling of ""South Bangla Agriculture and Commerce Bank Limited""",Not Available,01/04/13,03
https://www.bb.org.bd/mediaroom/circulars/brpd/apr012013brpdl02.pdf,"BRPD Circular Letter No. 02 : Scheduling of ""NRB Commercial Bank Limited""",Not Available,01/04/13,02
https://www.bb.org.bd/mediaroom/circulars/brpd/mar282013brpdl01.pdf,BRPD Circular Letter No. 01 : Duration of Maternity Leave,Not Available,28/03/13,01
https://www.bb.org.bd/mediaroom/circulars/dos/mar272013dosl06.pdf,DOS Circular Letter No. 06 : Opening of AD Branches on Saturday,Not Available,27/03/13,06
https://www.bb.org.bd/mediaroom/circulars/fid/mar212013fidl02.pdf,DFIM Circular Letter No. 02 : General holiday declared by Govt. due to the death of Honorable President Mohammad Zillur Rahman,Not Available,21/03/13,02
https://www.bb.org.bd/mediaroom/circulars/dos/mar212013dosl05.pdf,DOS Circular Letter No. 05: General holiday declared by Govt,Not Available,21/03/13,05
https://www.bb.org.bd/mediaroom/circulars/brpd/mar192013brpd01.pdf,BRPD Circular No. 01: Regarding establishment of children day care service for Bank employees,Not Available,19/03/13,01
https://www.bb.org.bd/mediaroom/circulars/dos/mar132013dosl04.pdf,DOS Circular Letter No. 04 : Share holding and capital market exposure limits for bank-companies,Not Available,13/03/13,04
https://www.bb.org.bd/mediaroom/circulars/fepd/mar132013fepdl06.pdf,"FEPD Circular Letter No. 06 : Insertion of VAT Registration No. on letter of credit (L/c), Bill of lading and other shipping Documents",Not Available,13/03/13,06
https://www.bb.org.bd/mediaroom/circulars/dos/mar122013dos01.pdf,DOS Circular No. 01: Submission of Statement regarding Large Loan download Form L,Not Available,12/03/13,01
https://www.bb.org.bd/mediaroom/circulars/dos/mar072013dosl03.pdf,"DOS Circular Letter No. 03 : Opening of Branches on 9 March, 2013 Saturday in order to Pay Salary and Allowances of Export Oriented Labour Intensive Garments Industries",Not Available,07/03/13,03
https://www.bb.org.bd/mediaroom/circulars/fepd/mar062013fepdl05.pdf,"FEPD Circular Letter No. 05 : Import-Export Trade with Bhutan through Gobrakura, Koroitoli & Nokugaon Land Customs Station",Not Available,06/03/13,05
https://www.bb.org.bd/mediaroom/circulars/psd/feb282013psd01.pdf,PSD Circular No. 01: Clearing charge for BACH transaction,Not Available,28/02/13,01
https://www.bb.org.bd/mediaroom/circulars/fepd/feb272013fepd(import)4l.pdf,FEPD (Import) Circular Letter No. 04: Regarding verification and renewal of Import Registration Certificate (IRC),Not Available,27/02/13,04
https://www.bb.org.bd/mediaroom/circulars/feod/feb142013feodl01.pdf,FEOD Circular Letter No. 01 : Regarding payment of 0.50% Freight Brokerage Charge to Shippers Council of Bangladesh(SCB) by Shipping Companies/Shipping Agents,Not Available,14/02/13,01
https://www.bb.org.bd/mediaroom/circulars/fid/feb142013fidl01.pdf,"DFIM Circular Letter No. 01 : Submission of Minutes of the Board of Directors, Executive Committee & Audit Committees' meetings",Not Available,14/02/13,01
https://www.bb.org.bd/mediaroom/circulars/dmd/feb122013dmd02.pdf,DMD Circular No. 02 : Regarding create NRB Bond Communication Unit,Not Available,12/02/13,02
https://www.bb.org.bd/mediaroom/circulars/fepd/feb042013fepdl03.pdf,"FEPD Circular Letter No. FEPD (Import Policy) 123/2013-03 : Regarding Import Policy , 2012-2015",Not Available,04/02/13,
https://www.bb.org.bd/mediaroom/circulars/dmd/feb032013dmd01.pdf,DMD Circular No. 01 : Regarding late payment of prizebond claim money,Not Available,03/02/13,01
https://www.bb.org.bd/mediaroom/circulars/dos/jan232013dosl02.pdf,DOS Circular Letter No. 02:Uniform Accounting procedure for REPO Transaction,Not Available,23/01/13,02
https://www.bb.org.bd/mediaroom/circulars/dos/jan152013dosl01.pdf,"DOS Circular Letter No. 01: Scheduled banks under concerned Election area Chittagong-12 to remain closed on 17 January, 2013 on the occassion of Election for the vacant Parliamentary seat 289",Not Available,15/01/13,01
https://www.bb.org.bd/mediaroom/circulars/dcmps/jan142013dcmpsl15.pdf,DCM Circular Letter No. 15: Guidelines for scheduled banks regarding payment of defective/torn/mutilated and soil notes,Not Available,14/01/13,15
https://www.bb.org.bd/mediaroom/circulars/fepd/jan092013fepdl02.pdf,FEPD Circular Letter No. (Export Policy)220/2013-02: The SRO regarding export of aromatic rice,Not Available,09/01/13,
https://www.bb.org.bd/mediaroom/circulars/fepd/jan082013fepdl01.pdf,"FEPD Circular Letter No. (Import Policy) 123/2013-01: Regarding circular of Finance Ministry, Internal Resources Division",Not Available,08/01/13,
https://www.bb.org.bd/mediaroom/circulars/fepd/jan022013fepd01.pdf,FEPD Circular No. 01: Special cash incentive for textile mills.,Not Available,02/01/13,01
https://www.bb.org.bd/mediaroom/circulars/fepd/dec202012fepd12.pdf,FEPD Circular No. 12: Time limit for submission of application for Export Subsidy/Cash Incentive in Textile and others related sectors,Not Available,20/12/12,12
https://www.bb.org.bd/mediaroom/circulars/fepd/dec202012fepd13.pdf,FEPD Circular No. 13: Time limit for implementation of different Stimulous packages,Not Available,20/12/12,13
https://www.bb.org.bd/mediaroom/circulars/fid/dec192012fid12.pdf,DFIM Circular No. 12: Financial Institutions under City Corporation area of Rangpur remain closed on the occassion of City Corporation election,Not Available,19/12/12,12
https://www.bb.org.bd/mediaroom/circulars/aml/dec172012bfiu05.pdf,BFIU Circular No.05: Instructions to be followed for international and domestic wire transfer,Not Available,17/12/12,05
https://www.bb.org.bd/mediaroom/circulars/brpd/dec132012brpdl14.pdf,BRPD Circular Letter No. 14: Effective monitoring of the claims filed under Certificate Cases,Not Available,13/12/12,14
https://www.bb.org.bd/mediaroom/circulars/dmd/dec132012dmd11.pdf,DMD Circular No. 11 : Secondary Trading Through Market Infrastructure (MI) module using Trader Work Station,Not Available,13/12/12,11
https://www.bb.org.bd/mediaroom/circulars/fid/dec122012fidl11.pdf,"DFIM Circular Letter No. 11 : Amended Duty of The Stamp Act, 1899(Act II of 1899)",Not Available,12/12/12,11
https://www.bb.org.bd/mediaroom/circulars/dmd/dec122012dmdl05.pdf,DMD Circular Letter No. 05 : Regarding providing liquidity support to primary dealers,Not Available,12/12/12,05
https://www.bb.org.bd/mediaroom/circulars/fepd/dec112012fepdl28.pdf,FEPD Circular Letter No. 28 : Regarding betel-nut export,Not Available,11/12/12,28
https://www.bb.org.bd/mediaroom/circulars/dcmps/dec102012dcm04.pdf,DCM Circular No. 2012/04: Regarding Bangladesh Bank (Note Refund) Regulations-2012,Not Available,10/12/12,2012
https://www.bb.org.bd/mediaroom/circulars/brpd/dec062012brpdl13.pdf,"BRPD Circular Letter No. 13 : Amended Duty of The Stamp Act, 1899(Act II of 1899)",Not Available,06/12/12,13
https://www.bb.org.bd/mediaroom/circulars/dmd/dec052012dmdl04.pdf,DMD Circular Letter No. 04 : Regarding destruction of mutilated or cancelled 100-tk. denominated Prizebond,Not Available,05/12/12,04
https://www.bb.org.bd/mediaroom/circulars/dos/dec032012dosl20.pdf,DOS Circular Letter No. 20 : Reporting of Quarterly Statement regarding Sectorwise Outstanding Loans,Not Available,03/12/12,20
https://www.bb.org.bd/mediaroom/circulars/dos/dec032012dosl21.pdf,"DOS Circular Letter No. 21: Extending assistance and Co-operation to Election Officer (Special Regulation) Law follow the Regulation of 1991 and Election Commission in respect of holding free, fair, peaceful and impartial election for Rangpur City Corporation to be held on Thursday,December 20, 2012",Not Available,03/12/12,21
https://www.bb.org.bd/mediaroom/circulars/fid/nov292012dfim09.pdf,DFIM Circular No. 09: Online reporting through BB web portal using Rationalized Input Template (RIT),Not Available,29/11/12,09
https://www.bb.org.bd/mediaroom/circulars/brpd/nov292012brpd18.pdf,BRPD Circular No. 18: Policy ragarding establishments of business center by Banks,Not Available,29/11/12,18
https://www.bb.org.bd/mediaroom/circulars/fid/nov222012fidl10.pdf,DFIM Circular Letter No. 10 : Regarding Holidays of 2013,Not Available,22/11/12,10
https://www.bb.org.bd/mediaroom/circulars/eef/nov222012eef33.pdf,EEF Circular No. 33: Procedures for providing NOC in favor of EEF approved capital machinery based agriculture sector projects for taking working capital from different Banks and FIs,Not Available,22/11/12,33
https://www.bb.org.bd/mediaroom/circulars/dos/nov222012dosl19.pdf,DOS Circular Letter No. 19 : Holidays during 2013,Not Available,22/11/12,19
https://www.bb.org.bd/mediaroom/circulars/fid/nov202012fid08.pdf,DFIM Circular No. 08 : Re -fixation of highest rate /limit of margin loans provided by the subsidiaries of Financial Institutions formed for the purpose of Merchant Banking/ Brokerage activities,Not Available,20/11/12,08
https://www.bb.org.bd/mediaroom/circulars/brpd/nov182012brpd17.pdf,BRPD Circular No. 17 : Bank Account for Hardcore Poor Woman,Not Available,18/11/12,17
https://www.bb.org.bd/mediaroom/circulars/fepd/nov152012fepdl25.pdf,FEPD Circular Letter No. 25 : Conditions imposed for import of Formalin,Not Available,15/11/12,25
https://www.bb.org.bd/mediaroom/circulars/dos/nov152012dosl18.pdf,"DOS Circular Letter No 18: To keep open all scheduled bank's branches of Rangpur City Corporation area on 16 & 17 November, 2012 (Friday & Saturday)",Not Available,15/11/12,18
https://www.bb.org.bd/mediaroom/circulars/psd/nov132012psd03.pdf,PSD Circular No. 03 : Imposing charge on BACH Transactions,Not Available,13/11/12,03
https://www.bb.org.bd/mediaroom/circulars/fepd/nov112012fepdl24.pdf,FEPD Circular Letter No. 220/2012-24: Regarding sending SRO for permission of exporting sugar,Not Available,11/11/12,220
https://www.bb.org.bd/mediaroom/circulars/dos/nov072012dosl17.pdf,DOS Circular Letter No. 17 : Self-Assessment of Anti-Fraud Internal Controls in Bank,Not Available,07/11/12,17
https://www.bb.org.bd/mediaroom/circulars/acd/nov062012acdl04.pdf,ACFID Circular Letter No. 04 : To expedite transactions of 10 Taka A/Cs of marginal & poor farmers,Not Available,06/11/12,04
https://www.bb.org.bd/mediaroom/circulars/dos/nov052012dosl16.pdf,"DOS Circular Letter No. 16: Extending assistance and Co-operation to Election Commission in respect of holding free, fair, peaceful and impartial election for Tangail-3, constituency-132 of the National Parlament to be held on Sunday,November 18, 2012.",Not Available,05/11/12,16
https://www.bb.org.bd/mediaroom/circulars/brpd/oct232012brpdl12.pdf,BRPD Circular Letter No. 12: Foreign exchange dealing by a Non-AD branch,Not Available,23/10/12,12
https://www.bb.org.bd/mediaroom/circulars/dos/oct222012dosl15.pdf,"DOS Circular Letter No. 15 : Payment of salary & allowonces and pension for the month of October/2012 to all Non-Gazetted employees working in Government, Non-Government, Autonomous Bodies and also to Non-Commissioned Officers & employees of Armed Forces as well as Retired Government service holders on 21st October/2012 for Eid-ul-Azha",Not Available,22/10/12,15
https://www.bb.org.bd/mediaroom/circulars/fid/oct212012fid822.pdf,DFIM Circular No. DFIM(S)1055/1/2012-822 : Regarding Signature of Managing Director/Chief Executive in Different Letters/Documents Submitted to BB,Not Available,21/10/12,
https://www.bb.org.bd/mediaroom/circulars/psd/oct182012psd01.pdf,PSD Circular No. 01 : Uninterrupted ATM service,Not Available,18/10/12,01
https://www.bb.org.bd/mediaroom/circulars/brpd/oct172012brpd11.pdf,BRPD Circular Letter No. 11: Policy on issuing license and renewal of fire arms for Banks,Not Available,17/10/12,11
https://www.bb.org.bd/mediaroom/circulars/fepd/oct152012fepdl23.pdf,FEPD Circular Letter No. 23 : Verification of the authenticity of Commercial /Industrial/Indenting Import Registration Certificate (IRC) to prevent fraud/forgery,Not Available,15/10/12,23
https://www.bb.org.bd/mediaroom/circulars/fid/oct042012fid07.pdf,"DFIM Circular No. 07 : Guidelines on ""Managing Core Risks of Financial Institutions""",Not Available,04/10/12,07
https://www.bb.org.bd/mediaroom/circulars/fepd/oct022012fepd10.pdf,FEPD Circular No. 10: Export Subsidy against the Export Proceeds received by TT in advance for the export of Halal Meat,Not Available,02/10/12,10
https://www.bb.org.bd/mediaroom/circulars/dos/oct022012dosl14.pdf,"DOS Circular Letter No. 14, Regarding Margin Lending of subsidiary company/companies established for merchant banking/brokerage activities",Not Available,02/10/12,14
https://www.bb.org.bd/mediaroom/circulars/dos/sep272012dosl13.pdf,"DOS Circular Letter No. 13: Scheduled banks under concerned Election area Gazipur-4 (Kapasia) to remain closed on 30 September, 2012 on the occassion of Election for the vacant Parliamentary seat",Not Available,27/09/12,13
https://www.bb.org.bd/mediaroom/circulars/dos/sep272012dosl12.pdf,"DOS Circular Letter No. 12: To keep the main branches of Government and Private scheduled banks of all divisioin and districts open on 29 September, 2012 for the convenience of the tax-payers in paying tax",Not Available,27/09/12,12
https://www.bb.org.bd/mediaroom/circulars/aml/sep162012bfiu04.pdf,BFIU Circular No. 04 : Regarding Guidance Notes on Prevention of Money Laundering and Terrorist Financing,Not Available,16/09/12,04
https://www.bb.org.bd/mediaroom/circulars/acd/sep162012acd02.pdf,ACFID Circular No. 02 : Regarding financing of Brick. Kiln Efficiency Improvement Project,Not Available,16/09/12,02
https://www.bb.org.bd/mediaroom/circulars/brpd/sep092012brpd13.pdf,BRPD Circular No. 13: Acceptance and Purchase of Inland Bill,Not Available,09/09/12,13
https://www.bb.org.bd/mediaroom/circulars/fepd/aug132012fepdl22.pdf,FEPD Circular Letter No. 22 : All kinds of fish export prohibited except Shirmp & Eel fish,Not Available,13/08/12,22
https://www.bb.org.bd/mediaroom/circulars/dos/aug132012dosl11.pdf,"DOS Circular Letter No. 11: Payment of salary & allowonces and pension for the month of August-2012 to all Non-Gazetted employees working in Government, Non-Government, Autonomous Bodies and also to Non-Commissioned Officers & employees of Armed Forces as well as Retired Government service holders on 13th August/2012 for Eid-ul-Fitr.",Not Available,13/08/12,11
https://www.bb.org.bd/mediaroom/circulars/dos/aug122012dosl10.pdf,DOS Circular Letter No. 10 : Opening of the Scheduled bank's branches for the garments industries on the eve of forthcoming Eid-ul-Fitr,Not Available,12/08/12,10
https://www.bb.org.bd/mediaroom/circulars/fepd/aug072012fepdl21.pdf,FEPD Circular Letter No. 21 : Rice export prohibited,Not Available,07/08/12,21
https://www.bb.org.bd/mediaroom/circulars/fepd/aug072012fepdl20.pdf,FEPD Circular Letter No. 20 : Fish export prohibited,Not Available,07/08/12,20
https://www.bb.org.bd/mediaroom/circulars/dos/aug052012dosl09.pdf,DOS Circular Letter No. 09 : Opening of Branches/Specific branches of all the Sheduled banks on Saturday (the weekly holiday) before Eid-ul-Fitr,Not Available,05/08/12,09
https://www.bb.org.bd/mediaroom/circulars/aml/aug022012bfiu03.pdf,BFIU Circular No. 03: Submission of cash transaction report (CTR),Not Available,02/08/12,03
https://www.bb.org.bd/mediaroom/circulars/smespd/jul312012smespdl01.pdf,"SMESPD Circular Letter No. 01 : Inclusion of ""Polutry and Dairy Industry"" in the ""List of Agro-based Industries"" under ""Refinance Scheme for Agro-based Product Processing Industries in Rural Areas""",Not Available,31/07/12,01
https://www.bb.org.bd/mediaroom/circulars/brpd/jul302012brpdl09.pdf,BRPD Circular Letter No. 09 : Purchase of Fixed Assets by Banks,Not Available,30/07/12,09
https://www.bb.org.bd/mediaroom/circulars/feod/jul262012feodl02.pdf,FEOD Circular Letter No. 02 : Payment of 0.50% freight brokerage charge to Shippers' Council of Bangladesh (SCB) by shipping companies/shipping agents,Not Available,26/07/12,02
https://www.bb.org.bd/mediaroom/circulars/dmd/jul242012dmd06.pdf,DMD Circular No. 06 : Balancing investment of Scheduled Banks in Government Securities,Not Available,24/07/12,06
https://www.bb.org.bd/mediaroom/circulars/acd/jul242012acd01.pdf,ACFID Circular No. 01 : Agricultural & Rural Credit Policy and Programme,Not Available,24/07/12,01
https://www.bb.org.bd/mediaroom/circulars/fepd/jul232012fepdl17.pdf,"FEPD Circular Letter No. 17: Remittance for house rent, food and other expanses of hajj pilgrims in Saudi Arabia under private management in 2012 (1433 Hijri year)",Not Available,23/07/12,17
https://www.bb.org.bd/mediaroom/circulars/brpd/jul192012brpdl06.pdf,"BRPD Circular Letter No. 06 : Rate of Tax at Source described in sections 52, 52R, 53BB, 53BBBB, 53DDD, 53F of the Income Tax Ordinance, 1984 through the Artho Ain, 2012",Not Available,19/07/12,06
https://www.bb.org.bd/mediaroom/circulars/fid/jul182012fidl09.pdf,DFIM Circular Letter No. 09 : Office Time-table during the Holy Ramadan-2012,Not Available,18/07/12,09
https://www.bb.org.bd/mediaroom/circulars/dos/jul182012dosl08.pdf,DOS Circular Letter No. 08: Office hours and Transactions period of Banks during the Holy Ramadan,Not Available,18/07/12,08
https://www.bb.org.bd/mediaroom/circulars/fepd/jul172012fepdl16.pdf,FEPD Circular Letter No. 16 : Appointment of Audit firm for Cash incentive/Export subsidy in textile and other sectors,Not Available,17/07/12,16
https://www.bb.org.bd/mediaroom/circulars/brpd/jul162012brpdl05.pdf,BRPD Circular Letter No. 05: Avoidance of High Expense for Luxerious Vehicles and Decoration,Not Available,16/07/12,05
https://www.bb.org.bd/mediaroom/circulars/fepd/jul152012fepdl15.pdf,"FEPD Circular Letter No. 15 : Green Chilli, Brinjal, Garlic & Onion export banned",Not Available,15/07/12,15
https://www.bb.org.bd/mediaroom/circulars/fid/jul122012fidl08.pdf,DFIM Circular Letter No. 08 : Submission of sector-wise loan/lease statement,Not Available,12/07/12,08
https://www.bb.org.bd/mediaroom/circulars/fepd/jul112012fepdl14.pdf,FEPD Circular Letter No. FEPD(FEMP)/04/2012-14 : Submission of exchagne position in RIT format through web portal,Not Available,11/07/12,
https://www.bb.org.bd/mediaroom/circulars/brpd/jul112012brpd10.pdf,BRPD Circular No. 10 : Acceptance and Purchase of Inland Bill,Not Available,11/07/12,10
https://www.bb.org.bd/mediaroom/circulars/dmd/jul092012dmd05.pdf,"DMD Circular No. 05 : Regarding Purchase of Wage Earner Development Bond, U.S. Dollar Premium Bond & U.S. Dollar Investment Bond",Not Available,09/07/12,05
https://www.bb.org.bd/mediaroom/circulars/fepd/jul042012fepd06.pdf,FEPD Circular No. 06: Export subsidy/cash incentive for the financial year 2012-2013,Not Available,04/07/12,06
https://www.bb.org.bd/mediaroom/circulars/fid/jul032012fid05.pdf,DFIM Circular No. 05 : Late submission of statements by Financial Institutions,Not Available,03/07/12,05
https://www.bb.org.bd/mediaroom/circulars/fid/jul032012dfiml07.pdf,DFIM Circular Letter No. 07: Submission of data through web portal using Rationalized Input Template (RIT),Not Available,03/07/12,07
https://www.bb.org.bd/mediaroom/circulars/dmd/jul012012dmdl02.pdf,"DMD Circular Letter No. 02 : Regarding Amended of the wage Earner Development Bond Rules, 1981 (Amended upto 30/06/2012), the US Dollar Premium Bond Rules, 2002(Amended upto 15/12/2010) and the US Dollar Investment Bond Rules, 2002(Amended upto 15/12/2010)",Not Available,01/07/12,02
https://www.bb.org.bd/mediaroom/circulars/fepd/jun252012fepdl12.pdf,FEPD Circular Letter No. FEPD(Remittance)44/2012-12 : Performing Hajj Under Private Management-1433 Hijri Year,Not Available,25/06/12,
https://www.bb.org.bd/mediaroom/circulars/fepd/jun252012fepdl11.pdf,FEPD Circular Letter No. FEPD(Remittance)44/2012-11 : Performing Hajj under Govt. Management-1433 Hijri year,Not Available,25/06/12,
https://www.bb.org.bd/mediaroom/circulars/dos/jun242012dosl07.pdf,DOS Circular Letter No. 07 : Submission of information/statements related to DOS in Rationalized Input Templates through Web Portal,Not Available,24/06/12,07
https://www.bb.org.bd/mediaroom/circulars/fid/jun172012fidl06.pdf,"DFIM Circular Letter No. 06 : Policy related to responsibility & accountability of Board of Directors, Chairman, CEO/MD of Financial Institutions",Not Available,17/06/12,06
https://www.bb.org.bd/mediaroom/circulars/dos/jun142012dosl06.pdf,DOS Circular Letter No. 06 : To keep the main branches of all Government and Private scheduled banks of all districts open on 30/06/2012 for the convenience of the tax-payers in paying tax,Not Available,14/06/12,06
https://www.bb.org.bd/mediaroom/circulars/fepd/jun132012fepdl09.pdf,FEPD Circular Letter No. 09,Not Available,13/06/12,09
https://www.bb.org.bd/mediaroom/circulars/fepd/jun132012fepdl08.pdf,FEPD Circular Letter No. 08 : Regarding Public Notification of CCI&E on freely importable eggs and hatching eggs of ducks-hens and birds till 30/06/2012,Not Available,13/06/12,08
https://www.bb.org.bd/mediaroom/circulars/fepd/jun122012fepdl07.pdf,"FEPD Circular Letter No. 07 : Regarding postponement of SRO no. 279-Law/2011, dated 06/09/2011 on import of salt and providing LC information on daily basis",Not Available,12/06/12,07
https://www.bb.org.bd/mediaroom/circulars/brpd/may312012brpd06.pdf,BRPD Circular No. 06 : Involvement of Bangladesh Bank Officials in Training program/activities arranged by Banks/Financial Institutions,Not Available,31/05/12,06
https://www.bb.org.bd/mediaroom/circulars/fepd/may282012fepdl06.pdf,FEPD Circular Letter No. 06,Not Available,28/05/12,06
https://www.bb.org.bd/mediaroom/circulars/fepd/may282012fepdl05.pdf,FEPD Circular Letter No. 05,Not Available,28/05/12,05
https://www.bb.org.bd/mediaroom/circulars/dmd/may232012dmd04.pdf,DMD Circular No. 04 : Preservation of information regarding saving bond in the help desk of schedule Bank,Not Available,22/05/12,04
https://www.bb.org.bd/mediaroom/circulars/acd/may172012acdl03.pdf,"ACFID Circular Letter No. 03 : Re-fixation of Interest rate for Refinance scheme on Solar Energy, Bio-gas and Effluent Treatment Plant(ETP) Sector",Not Available,17/05/12,03
https://www.bb.org.bd/mediaroom/circulars/fepd/may132012fepdl04.pdf,FEPD Circular Letter No. 04 : Precaution relating to transfer of sales proceeds of asset of Jubo Karmashangsthan Society (JUBOK),Not Available,13/05/12,04
https://www.bb.org.bd/mediaroom/circulars/dmd/may022012dmd03.pdf,DMD Circular No. 03 : Regarding selling of National Savings Instruments [Sanchayapatra],Not Available,02/05/12,03
https://www.bb.org.bd/mediaroom/circulars/fid/may022012fidl05.pdf,DFIM Circular Letter No. 05 : Specimen signature of A.K.M. Amjad Hussain DGM of Department of Financial Institutuions and Markets,Not Available,02/05/12,05
https://www.bb.org.bd/mediaroom/circulars/dos/apr292012dosl05.pdf,"DOS Circular Letter No. 05 : Bank Holiday on ""Buddha Purnima (Baishakhi Purnima) """,Not Available,29/04/12,05
https://www.bb.org.bd/mediaroom/circulars/fid/apr252012fidl04.pdf,"DFIM Circular Letter No. 04 :Financial Institutions remain closed on the occasion of ""Buddha Purnima""",Not Available,25/04/12,04
https://www.bb.org.bd/mediaroom/circulars/brpd/apr252012brpd05.pdf,BRPD Circular No. 05 : Increase in Credit flow in productive sector,Not Available,25/04/12,05
https://www.bb.org.bd/mediaroom/circulars/aml/apr242012bfiul02.pdf,BFIU Circular Letter No. 02 : Instructions to be followed during nomination of Chief Anti Money Laundering Compliance Office (CAMLCO),Not Available,24/04/12,02
https://www.bb.org.bd/mediaroom/circulars/brpd/apr172012brpdl04.pdf,BRPD Circular Letter No. 04 : Rate of Interest/Profit on Fixed/Term Deposit,Not Available,17/04/12,04
https://www.bb.org.bd/mediaroom/circulars/acd/apr022012acdl02.pdf,ACFID Circular Letter No. 02 : Disbursement of Agricultural Credit in Apiculture,Not Available,02/04/12,02
https://www.bb.org.bd/mediaroom/circulars/fid/mar282012fid04.pdf,DFIM Circular No. 04 : Formation of subsidiary company by the financial institutions,Not Available,28/03/12,04
https://www.bb.org.bd/mediaroom/circulars/brpd/mar252012brpdl03.pdf,BRPD Circular Letter No. 03 : Preservation of CCTV footage for Bank Branches and ATM Booth,Not Available,25/03/12,03
https://www.bb.org.bd/mediaroom/circulars/feod/mar222012feodl01.pdf,FEOD Circular Letter No. 01 : Payment of 0.50% Freight Brokerage Charge to Shippers Council of Bangladesh(SCB) by Shipping Company/Shipping Agent,Not Available,22/03/12,01
https://www.bb.org.bd/mediaroom/circulars/acd/mar182012acdl01.pdf,ACFID Circular Letter No. 01 : Formation of Agricultural Credit and Financial Inclusion Department (ACFID) by Restructuring Agricultural Credit Department (ACD),Not Available,18/03/12,01
https://www.bb.org.bd/mediaroom/circulars/aml/mar152012aml02.pdf,"BFIU Circular No. 02 : Regarding ""Money Laundering Prevention Act, 2012"" and Amendment of ""Anti Terrorism Act, 2012""",Not Available,15/03/12,02
https://www.bb.org.bd/mediaroom/circulars/brpd/feb292012brpdl02.pdf,BRPD Circular Letter No. 02 : Rate of Interest/Profit on Fixed/Term Deposit,Not Available,29/02/12,02
https://www.bb.org.bd/mediaroom/circulars/dmd/feb232012dmd01.pdf,DMD Circular No. 01 : Discontinuation of Issuing Treasury bill Scrips,Not Available,23/02/12,01
https://www.bb.org.bd/mediaroom/circulars/dmd/feb222012dmdl01.pdf,DMD Circular Letter No. 01:Liquidity Support for Primary Dealers,Not Available,22/02/12,01
https://www.bb.org.bd/mediaroom/circulars/fid/feb152012fid03.pdf,DFIM Circular No. 03 : Exemption of BIFFL from Article 25(3) of FI Act-1993,Not Available,15/02/12,03
https://www.bb.org.bd/mediaroom/circulars/fid/feb062012fidl03.pdf,DFIM Circular Letter No. 03 : Submission of statement on large loan /lease,Not Available,06/02/12,03
https://www.bb.org.bd/mediaroom/circulars/fid/jan312012fid02.pdf,DFIM Circular No. 02 : Investment in Capital Market by Financial Institutions,Not Available,31/01/12,02
https://www.bb.org.bd/mediaroom/circulars/dos/jan302012dosl03.pdf,DOS Circular Letter No. 03 : Uniform accounting procedure for REPO transaction,Not Available,30/01/12,03
https://www.bb.org.bd/mediaroom/circulars/fepd/jan292012fepd01.pdf,FEPD Circular No. 01 : Regarding measures to be taken by AD banks to prevent import of environmental and health hazardous ship into Bangladesh,Not Available,29/01/12,01
https://www.bb.org.bd/mediaroom/circulars/fid/jan262012fid01.pdf,DFIM Circular No. 01 : Submission of data through web portal using rationalized input template,Not Available,26/01/12,01
https://www.bb.org.bd/mediaroom/circulars/brpd/jan252012brpd04.pdf,BRPD Circular No. 04 : Submission of statements/information to Banking Regulation and Policy Department through web portal of the enterprise data warehouse of Bangladesh Bank,Not Available,25/01/12,04
https://www.bb.org.bd/mediaroom/circulars/dos/jan182012dosl01.pdf,DOS Circular Letter No. 01 : Scheduled banks under Municipality area of Narsingdi to remain closed on the occassion of Municipality by-election,Not Available,18/01/12,01
https://www.bb.org.bd/mediaroom/circulars/dos/jan162012dos01.pdf,DOS Circular No. 01 : Submission of information/statements related to DOS in rationalized input templates through Web Portal,Not Available,16/01/12,01
https://www.bb.org.bd/mediaroom/circulars/brpd/jan042012brpd02.pdf,BRPD Circular No. 02 : Fixing rate of interest on lending,Not Available,04/01/12,02
https://www.bb.org.bd/mediaroom/circulars/fid/jan032012fidl01.pdf,DFIM Circular Letter No. 01 :Financial Institutions under City Corporation area of Comilla to remain closed on the occasion of City Corporation election,Not Available,03/01/12,01
https://www.bb.org.bd/mediaroom/circulars/brpd/jan012012brpd01.pdf,BRPD Circular No. 01 : Loan Classification and Provisioning,Not Available,01/01/12,01
https://www.bb.org.bd/mediaroom/circulars/dos/dec282011dosl25.pdf,DOS Circular Letter No. 25 : Scheduled banks under City Corporation area of Comilla to remain closed on the occassion of City Corporation election,Not Available,28/12/11,25
https://www.bb.org.bd/mediaroom/circulars/dos/dec272011dosl24.pdf,DOS Circular Letter No. 24 : Marking to market based revaluation of treasury bill and band held by the banking companies,Not Available,27/12/11,24
https://www.bb.org.bd/mediaroom/circulars/dos/dec272011dosl23.pdf,DOS Circular Letter No. 23 : Regarding islami interbank fund market,Not Available,27/12/11,23
https://www.bb.org.bd/mediaroom/circulars/brpd/dec222011brpdl13.pdf,BRPD Circular Letter No. 13 : Policy for urban and rural branches of private commercial bank,Not Available,22/12/11,13
https://www.bb.org.bd/mediaroom/circulars/fid/dec202011fidl21.pdf,DFIM Circular Letter No. 21 : Statement of Liquidity Profile,Not Available,20/12/11,21
https://www.bb.org.bd/mediaroom/circulars/dcmps/dec142011dcmps10.pdf,DCMPS Circular No. 10 : Guidelines on Mobile Financial Services for the Banks,Not Available,14/12/11,10
https://www.bb.org.bd/mediaroom/circulars/fid/dec042011fidl20.pdf,DFIM Circular Letter No. 20 : Holidays during 2012,Not Available,04/12/11,20
https://www.bb.org.bd/mediaroom/circulars/dos/nov242011dos04.pdf,DOS Circular No. 04 : Holding of shares & capital market exposure for bank companies.,Not Available,24/11/11,04
https://www.bb.org.bd/mediaroom/circulars/fepd/nov202011fepd22.pdf,FEPD Circular No. 22 : Providing new market exploration assistance,Not Available,20/11/11,22
https://www.bb.org.bd/mediaroom/circulars/fepd/nov022011fepd20.pdf,FEPD Circular No. 20 : Special cash incentives for textile related mills,Not Available,02/11/11,20
https://www.bb.org.bd/mediaroom/circulars/brpd/nov012011brpd08.pdf,BRPD Circular No. 08 : Bank account for small life insurance policy holders,Not Available,01/11/11,08
https://www.bb.org.bd/mediaroom/circulars/fid/oct312011fidl19.pdf,"DFIM Circular Letter No. 19 : Circulation of name, phone, fax and email address of offices of the complain cell of FIs",Not Available,31/10/11,19
https://www.bb.org.bd/mediaroom/circulars/brpd/oct312011brpdl12.pdf,BRPD Circular Letter No. 12: Duty draw back against direct exported goods through commercial banks,Not Available,31/10/11,12
https://www.bb.org.bd/mediaroom/circulars/dos/oct302011dosl20.pdf,DOS Circular Letter No. 20: Extending the banking services for the garments industry sector on the eve of forthcoming Eid-ul-Azah.,Not Available,30/10/11,20
https://www.bb.org.bd/mediaroom/circulars/dmd/oct262011dmd06.pdf,DMD Circular No. 06: Online transaction of T.bill & T.bond throgh MI module,Not Available,26/10/11,06
https://www.bb.org.bd/mediaroom/circulars/fid/oct262011fidl18.pdf,DFIM Circular Letter No. 18 : Responsibility and accountability of the Board of Directors and Chief Executives / Managing Directors of the Financial Institutions,Not Available,26/10/11,18
https://www.bb.org.bd/mediaroom/circulars/fid/oct262011fid13.pdf,DFIM Circular No. 13 : Formation of audit committee of the Board of Directors of Financial Institutions,Not Available,26/10/11,13
https://www.bb.org.bd/mediaroom/circulars/fepd/oct252011fepd19.pdf,FEPD Circular No. 19 : Cash incentive against export of frozen shrimps and other fishes,Not Available,25/10/11,19
https://www.bb.org.bd/mediaroom/circulars/fepd/oct252011fepdl16.pdf,FEPD Circular Letter No. 16 : Regarding NBR notification dated 22/09/2011,Not Available,25/10/11,16
https://www.bb.org.bd/mediaroom/circulars/fid/oct252011fidl17.pdf,DFIM Circular Letter No. 17 : Financial Institutions under City Corporation area of Narayangonj to remain closed on the occassion of City Corporation election,Not Available,25/10/11,17
https://www.bb.org.bd/mediaroom/circulars/fid/oct242011fid12.pdf,DFIM Circular No. 12 : Relating to the newly licensed Financial Institutions under the Financial Institutions Act. 1993,Not Available,24/10/11,12
https://www.bb.org.bd/mediaroom/circulars/fid/oct242011fidl16.pdf,DFIM Circular Letter No. 16 : Submission of liquidity profile statement,Not Available,24/10/11,16
https://www.bb.org.bd/mediaroom/circulars/dos/oct232011dosl19.pdf,DOS Circular Letter No. 19: Scheduled banks under City Corporation area of Narayangonj to remain closed on the occassion of City Corporation election,Not Available,23/10/11,19
https://www.bb.org.bd/mediaroom/circulars/dos/oct202011dosl18.pdf,DOS Circular Letter No. 18: Scheduled banks under Municipality area of Pakundia to remain closed on the occassion of by-election of Municipality,Not Available,20/10/11,18
https://www.bb.org.bd/mediaroom/circulars/dfei/oct192011feivdl01.pdf,"FEIVD Circular Letter No. 01 :Publication of phone no. & e-mail address of ""Complaint Cell"" of the scheduled banks in their respective web-site and display of the same in the visible place of every bank branch",Not Available,19/10/11,01
https://www.bb.org.bd/mediaroom/circulars/fepd/oct172011fepdl15.pdf,FEPD Circular Letter No. 15 : Regarding notification of Ministry of Finance dated 27/09/2011,Not Available,17/10/11,15
https://www.bb.org.bd/mediaroom/circulars/fid/oct022011fidl15e.pdf,"DFIM Circular Letter No. 15 : Specimen signature of Md. Anwarul Islam, Deputy General Manager",Not Available,02/10/11,15
https://www.bb.org.bd/mediaroom/circulars/dos/sep282011dosl17.pdf,DOS Circular Letter No. 17 : Marking to market based revaluation of treasury bill and bond held by the banking company,Not Available,28/09/11,17
https://www.bb.org.bd/mediaroom/circulars/aml/sep272011aml29.pdf,AML Circular No. 29 : Guidance notes on anti money laundering and combating financing of terrorism for money changers,Not Available,27/09/11,29
https://www.bb.org.bd/mediaroom/circulars/acd/sep222011acdl03.pdf,"ACD Circular Letter No. 03 : Inclusion of ""Fish Cultivation in Cage"" in agricultural/rural credit policy and programme for the FY 2011-2012",Not Available,22/09/11,03
https://www.bb.org.bd/mediaroom/circulars/fid/sep192011fid11.pdf,DFIM Circular No. 11 : Investment in shares by Financial Institutions,Not Available,19/09/11,11
https://www.bb.org.bd/mediaroom/circulars/dos/sep192011dosl15.pdf,DOS Circular Letter No. 15 : Adjustment of loan in excess of single borrower exposure limit extended to own subsidiary companies established for Merchant Banking and Brokerage activities,Not Available,19/09/11,15
https://www.bb.org.bd/mediaroom/circulars/brpd/sep182011brpd07.pdf,BRPD Circular No. 07 : Bank account for distressed people having grant from Hindu religious welfare trust,Not Available,18/09/11,07
https://www.bb.org.bd/mediaroom/circulars/fepd/sep182011fepd17.pdf,FEPD Circular No. 17 : Implementation of steps adopted in second stimulus package declared by the Government for the development of export sector,Not Available,18/09/11,17
https://www.bb.org.bd/mediaroom/circulars/dfei/sep152011feivd01.pdf,"FEIVD Circular No. 01 :Change of the name of ""Help Desk""",Not Available,15/09/11,01
https://www.bb.org.bd/mediaroom/circulars/dcmps/sep122011dcmps07.pdf,DCMPS Circular No. 07 : Introducing debit transactions through Bangladesh Electronic Fund Transfer Network (BEFTN),Not Available,12/09/11,07
https://www.bb.org.bd/mediaroom/circulars/acd/sep112011acdl02.pdf,"ACD Circular Letter No. 02 : Re-fixation of interest rate for refinance scheme on solar energy, bio-gas and effluent treatment plant",Not Available,11/09/11,02
https://www.bb.org.bd/mediaroom/circulars/fid/sep052011dfim10.pdf,DFIM Circular No. 10 : Regarding submission of large loan/lease statement,Not Available,05/09/11,10
https://www.bb.org.bd/mediaroom/circulars/smespd/sep042011smespd02.pdf,"SMESPD Circular No. 02 : Revision/ Addition /Deletion of some provisions of ""Bangladesh Bank Fund"" under small enterprises refinance scheme",Not Available,04/09/11,02
https://www.bb.org.bd/mediaroom/circulars/fepd/aug252011fepdl12.pdf,FEPD Circular Letter No. 12 :Deduction of tax at sources on service income received from abroad,Not Available,25/08/11,12
https://www.bb.org.bd/mediaroom/circulars/dos/aug252011dosl14.pdf,DOS Circular Letter No. 14 : Authorised dealer (AD) branches of banks in ports to remain open on government holiday,Not Available,25/08/11,14
https://www.bb.org.bd/mediaroom/circulars/fid/aug212011fidl14.pdf,"DFIM Circular Letter No. 14 : Payment of salary for the month of August/2011 to all non-gazetted employees working in government, non-government, autonomous bodies and also to non-commissioned officers & employees of armed forces as well as payment of pension money for August/2011 to all retired government service holders on 23rd August/2011 on the occasion of Eid-ul-Fitr",Not Available,21/08/11,14
https://www.bb.org.bd/mediaroom/circulars/dos/aug162011dosl13.pdf,"DOS Circular Letter No. 13 : Payment of salary for the month of August/2011 to all non-gazetted employees working in government, non-government, autonomous bodies and also to non-commissioned officers & employees of armed forces as well as payment of pension money for August/2011 to all retired government service holders on 23rd August/2011 on the occasion of Eid-ul-Fitr",Not Available,16/08/11,13
https://www.bb.org.bd/mediaroom/circulars/fepd/aug142011fepd16.pdf,FEPD Circular No. 16 : Export subsidy against export of ship,Not Available,14/08/11,16
https://www.bb.org.bd/mediaroom/circulars/feod/aug082011feod03.pdf,FEOD Circular No. 03 : Regarding publish/cancel of specimen signature,Not Available,08/08/11,03
https://www.bb.org.bd/mediaroom/circulars/fepd/aug072011fepd14.pdf,FEPD Circular No. 14 : Cash incentive against export of leather goods for financial year 2011-2012,Not Available,07/08/11,14
https://www.bb.org.bd/mediaroom/circulars/fid/aug022011fid09.pdf,DFIM Circular No. 09 : Regarding submission of statement of filed and settled suit in Artha Rin Adalat and other court,Not Available,02/08/11,09
https://www.bb.org.bd/mediaroom/circulars/fid/aug022011fid08.pdf,DFIM Circular No. 08 : Regarding submission of top-10 defaulter statement,Not Available,02/08/11,08
https://www.bb.org.bd/mediaroom/circulars/fid/aug022011dfiml13.pdf,"DFIM Circular Letter No. 13: Setting up of ""Complaint Cell"" in head office of the financial institutes",Not Available,02/08/11,13
https://www.bb.org.bd/mediaroom/circulars/feod/aug012011feodl01.pdf,FEOD Circular Letter No. 01 : Payment of 0.50% freight brokerage charge to Shippers' Council of Bangladesh (SCB) by shipping companies/shipping agents,Not Available,01/08/11,01
https://www.bb.org.bd/mediaroom/circulars/brpd/jul312011brpd06.pdf,BRPD Circular No. 06 : Maintenance of deferred tax accounts,Not Available,31/07/11,06
https://www.bb.org.bd/mediaroom/circulars/fid/jul312011fid07.pdf,DFIM Circular No. 07 : Regarding deferred tax,Not Available,31/07/11,07
https://www.bb.org.bd/mediaroom/circulars/fid/jul282011fidl12.pdf,DFIM Circular Letter No. 12 : Office hours and transactions period of Banks during the holy Ramadan,Not Available,28/07/11,12
https://www.bb.org.bd/mediaroom/circulars/dos/jul282011dosl12.pdf,DOS Circular Letter No. 12 : Scheduled banks under municipality area of Chandpur to remain closed on the occasion of municipality election,Not Available,28/07/11,12
https://www.bb.org.bd/mediaroom/circulars/dos/jul272011dosl11.pdf,DOS Circular Letter No 11: Office hours and transactions period of Banks during the holy ramadan.,Not Available,27/07/11,11
https://www.bb.org.bd/mediaroom/circulars/fid/jul262011fid06.pdf,DFIM Circular No. 06 : Regarding submission of monthly statement of liquidity profile,Not Available,26/07/11,06
https://www.bb.org.bd/mediaroom/circulars/acd/jul242011acd03.pdf,ACD Circular No. 03 : Agricultural/Rural credit policy and programme for the fiscal year (2011-2012),Not Available,24/07/11,03
https://www.bb.org.bd/mediaroom/circulars/fid/jul242011dfim05.pdf,DFIM Circular No. 05: Increase in minimum paid up capital of the financial institutions,Not Available,24/07/11,05
https://www.bb.org.bd/mediaroom/circulars/fepd/jul172011fepd12.pdf,FEPD Circular No. 12 : Cash subsidy against export of jute goods,Not Available,17/07/11,12
https://www.bb.org.bd/mediaroom/circulars/fid/jul132011fidl10.pdf,"DFIM Circular Letter No. 10 : Specimen signature of Kazi Akhtarul Islam, Deputy General Manager",Not Available,13/07/11,10
https://www.bb.org.bd/mediaroom/circulars/fid/jul132011fidl11.pdf,DFIM Circular Letter No. 11 : Financial Institutions to remain closed on the occasion of Holy Shab-e-Barat,Not Available,13/07/11,11
https://www.bb.org.bd/mediaroom/circulars/fepd/jul132011fepd10.pdf,FEPD Circular No. 10 : Export Subsidy/Cash Incentive for Financial Year 2011-2012,Not Available,13/07/11,10
https://www.bb.org.bd/mediaroom/circulars/dos/jul132011dosl10.pdf,DOS Circular Letter No. 10: Banks to remain closed on the occasion of Holy Shab-e-Barat,Not Available,13/07/11,10
https://www.bb.org.bd/mediaroom/circulars/feod/jul052011feod02.pdf,"FEOD Circular No. 02 : Specimen signature of Md. Shafiqul Islam, General Manager, Foreign Exchange Operation Department",Not Available,05/07/11,02
https://www.bb.org.bd/mediaroom/circulars/aml/jul052011aml28.pdf,AML Circular No. 28 : Guidance notes on AML&CFT for insurance companies,Not Available,05/07/11,28
https://www.bb.org.bd/mediaroom/circulars/brpd/jun202011brpdl09.pdf,"BRPD Circular Letter No. 09 : Regarding fixation of rate of interest, it's disclosure and reporting",Not Available,20/06/11,09
https://www.bb.org.bd/mediaroom/circulars/smespd/jun192011smespd01.pdf,"SMESPD Circular No. 01 : Regarding definition of cottage, micro, small and medium industry/enterprise",Not Available,19/06/11,01
https://www.bb.org.bd/mediaroom/circulars/brpd/jun192011brpdl08.pdf,BRPD Circular Letter No. 08 : Regarding formation of audit committee of Bank's executive committee,Not Available,19/06/11,08
https://www.bb.org.bd/mediaroom/circulars/brpd/jun192011brpd05.pdf,BRPD Circular No. 05 : Bank account for beneficiaries under social security program,Not Available,19/06/11,05
https://www.bb.org.bd/mediaroom/circulars/fepd/jun082011fepd08.pdf,FEPD Circular No. 08 : Cash incentive against export of handloom and other products,Not Available,08/06/11,08
https://www.bb.org.bd/mediaroom/circulars/fepd/jun062011fepd07.pdf,FEPD Circular No. 07 : Cash incentive against export of frozen shrimps and other fishes,Not Available,06/06/11,07
https://www.bb.org.bd/mediaroom/circulars/acd/may302011acd02.pdf,"ACD Circular No. 02: Re-fixation of concessional interest rate at 4% from 2% on agricultural credit to be disbursed for the purpose of cultivation of pulses, oil seeds, spices and maize from 2011-2012 fiscal year",Not Available,30/05/11,02
https://www.bb.org.bd/mediaroom/circulars/dos/may292011dosl09.pdf,DOS Circular Letter No. 09: Marking to market based revaluation of treasury bill and bond held by the banking company,Not Available,29/05/11,09
https://www.bb.org.bd/mediaroom/circulars/dos/may262011dosl08.pdf,DOS Circular Letter No. 08 : Adjustment of loan in excess of single borrower exposure limit extended to own subsidiary companies established for merchant banking and brokerage activities,Not Available,26/05/11,08
https://www.bb.org.bd/mediaroom/circulars/acd/may162011acd01.pdf,ACD Circular No. 01: Target setting of agri/rural credit & its implementation by the private and foreign banks,Not Available,16/05/11,01
https://www.bb.org.bd/mediaroom/circulars/cib/may042011cib02.pdf,"CIB Circular No. 02 : Registration fee for CIB online services, imposition and realization of service charges for CIB reports generated through CIB online system, penalties imposed on banks and FIs failed to contribute batch monthly contribution in time and for disclosure of credit information contained in CIB reports and exaction of money as penalties for these from banks/FIs concerned.",Not Available,04/05/11,02
https://www.bb.org.bd/mediaroom/circulars/fepd/may042011fepd05.pdf,FEPD Circular No. 05 : Cash incentive against export of leather and leather goods,Not Available,04/05/11,05
https://www.bb.org.bd/mediaroom/circulars/dos/apr282011dosl07.pdf,DOS Circular Letter No. 07 : Submission of minutes of the meetings of Board of Directors/Executive Committee/Audit Committee,Not Available,28/04/11,07
https://www.bb.org.bd/mediaroom/circulars/fepd/apr242011fepd04.pdf,FEPD Circular No. 04 : Authorizing BTTLMEA to issue certificate.,Not Available,24/04/11,04
https://www.bb.org.bd/mediaroom/circulars/fid/apr172011fidl09.pdf,"DFIM Circular Letter No. 09 : Specimen signature - Mahbuba Khatun, Deputy General Manager",Not Available,17/04/11,09
https://www.bb.org.bd/mediaroom/circulars/feod/apr112011feod01.pdf,FEOD Circular No. 01 : Regarding publish/cancel of specimen signature,Not Available,11/04/11,01
https://www.bb.org.bd/mediaroom/circulars/brpd/apr112011brpd04.pdf,BRPD Circular No. 04 : Bank account for freedom fighters,Not Available,11/04/11,04
https://www.bb.org.bd/mediaroom/circulars/fepd/apr102011fepd03.pdf,FEPD Circular No. 03 : Providing new market exploration assistance,Not Available,10/04/11,03
https://www.bb.org.bd/mediaroom/circulars/dcmps/apr062011dcmps04.pdf,DCMPS Circular Letter No. 04 : Distribution of dividend through EFTN,Not Available,06/04/11,04
https://www.bb.org.bd/mediaroom/circulars/dcmps/apr042011dcmps03.pdf,DCMPS Circular No. 03 : Implementation of BACPS at Rajshahi and Barisal region,Not Available,04/04/11,03
https://www.bb.org.bd/mediaroom/circulars/fid/mar302011fid03.pdf,"DFIM Circular No. 03: Exemption from section 14(1)(b) of the financial institution act, 1993 to Infrastructure Development Company Limited (IDCOL)",Not Available,30/03/11,03
https://www.bb.org.bd/mediaroom/circulars/dos/mar292011dos02.pdf,DOS Circular No. 02 : Regarding submission of liquidity profile,Not Available,29/03/11,02
https://www.bb.org.bd/mediaroom/circulars/dcmps/mar282011dcmps02.pdf,DCMPS Circular No. 02 : E-Commerce activities,Not Available,28/03/11,02
https://www.bb.org.bd/mediaroom/circulars/dcmps/mar242011dcmps23.pdf,DCMPS Circular No. 23,Not Available,24/03/11,23
https://www.bb.org.bd/mediaroom/circulars/fid/mar152011fidl08.pdf,DFIM Circular Letter No. 08 : Population and house census,Not Available,15/03/11,08
https://www.bb.org.bd/mediaroom/circulars/brpd/mar152011brpdl07.pdf,"BRPD Circular Letter No. 07 : Corrigendum: Circular letter no-06, dated- 13/03/2011 about ""Enlistment of insurance company by Bank """,Not Available,15/03/11,07
https://www.bb.org.bd/mediaroom/circulars/cib/mar132011cib01.pdf,CIB Circular No. 01 : Monthly submission of credit information statements to CIB by banks and FIs,Not Available,13/03/11,01
https://www.bb.org.bd/mediaroom/circulars/brpd/mar132011brpdl06.pdf,BRPD Circular Letter No. 06: Enlistment of insurance company by Bank,Not Available,13/03/11,06
https://www.bb.org.bd/mediaroom/circulars/brpd/mar092011brpdl05.pdf,BRPD Circular Letter No. 05: Disclosure of information on loan services of banks,Not Available,09/03/11,05
https://www.bb.org.bd/mediaroom/circulars/fid/mar092011fidl07.pdf,"DFIM Circular Letter No. 07 : March 14, 2011 been declared Public holiday only in Chittagong city",Not Available,09/03/11,07
https://www.bb.org.bd/mediaroom/circulars/brpd/mar092011brpd03.pdf,BRPD Circular No. 03 : Rate of Interest on lending,Not Available,09/03/11,03
https://www.bb.org.bd/mediaroom/circulars/dos/mar082011dosl06.pdf,"DOS Circular Letter No. 06: March 14, 2011 been declared public holiday only in Chittagong city",Not Available,08/03/11,06
https://www.bb.org.bd/mediaroom/circulars/dos/mar032011dosl05.pdf,DOS Circular Letter No. 05 : Scheduled banks under concerned area to remain open on the occassion of Union Parisad Election,Not Available,03/03/11,05
https://www.bb.org.bd/mediaroom/circulars/fid/feb232011fidl06.pdf,"DFIM Circular Letter No. 06: Cancellation of FID Circular Letter No:06, Dated 07 July, 2002",Not Available,23/02/11,06
https://www.bb.org.bd/mediaroom/circulars/fid/feb152011fidl05.pdf,DFIM Circular Letter No. 05 : Banks in Dhaka City area to remain closed from 2.00 pm on the occasion of the opening ceremony of the ICC Cricket World Cup-2011,Not Available,15/02/11,05
https://www.bb.org.bd/mediaroom/circulars/dos/feb152011dosl04.pdf,DOS Circular Letter No. 04 : Banks in Dhaka City area to remain closed from 2.00 pm on the occasion of the opening ceremony of the ICC Cricket World Cup-2011,Not Available,15/02/11,04
https://www.bb.org.bd/mediaroom/circulars/brpd/feb142011brpdl04.pdf,BRPD Circular Letter No. 04 : Fixing Rate of Interest on Import Financing,Not Available,14/02/11,04
https://www.bb.org.bd/mediaroom/circulars/brpd/feb142011brpdl03.pdf,BRPD Circular Letter No. 03 : Re-fixing the time limit for repayment of the loans for the procurement of rice by mill owners and traders,Not Available,14/02/11,03
https://www.bb.org.bd/mediaroom/circulars/fid/feb102011fidl04.pdf,DFIM Circular Letter No. 04 : Duration of Maternity Leave,Not Available,10/02/11,04
https://www.bb.org.bd/mediaroom/circulars/brpd/feb102011brpdl02.pdf,BRPD Circular Letter No. 02 : Duration of Maternity Leave,Not Available,10/02/11,02
https://www.bb.org.bd/mediaroom/circulars/fid/feb032011fid02.pdf,DFIM Circular No. 02 :Issuance of licence in favour of Agrani SME Financing company Limited as Financial Institution,Not Available,03/02/11,02
https://www.bb.org.bd/mediaroom/circulars/dos/jan262011dosl03.pdf,DOS Circular Letter No. 03 : Scheduled banks under concerned Municipality area to remain closed on the occassion of up coming Municipality Election,Not Available,26/01/11,03
https://www.bb.org.bd/mediaroom/circulars/acd/jan252011acdl01.pdf,ACD Circular Letter No. 01 : Credit Norms for salt cultivation,Not Available,25/01/11,01
https://www.bb.org.bd/mediaroom/circulars/fid/jan232011fid01.pdf,DFIM Circular No. 01: Change of Financial Institution Name,Not Available,23/01/11,01
https://www.bb.org.bd/mediaroom/circulars/fid/jan172011fidl03.pdf,"DFIM Circular Letter No. 03 : Specimen signature - Md. Sohrawardy, General Manager",Not Available,17/01/11,03
https://www.bb.org.bd/mediaroom/circulars/fid/jan172011fidl02.pdf,"DFIM Circular Letter No. 02 : Branch of Financial Institutions under concerned Election area to remain closed on 27th January, 2011 on the occasion of Election for the vacant Parliamentary seats",Not Available,17/01/11,02
https://www.bb.org.bd/mediaroom/circulars/dos/jan122011dosl02.pdf,"DOS Circular Letter No. 02 : Scheduled banks under concerned Election area to remain closed on 27 January,2011 on the occasion of Election for the vacant Parliamentary seats.",Not Available,12/01/11,02
https://www.bb.org.bd/mediaroom/circulars/fid/jan112011fidl01.pdf,DFIM Circular Letter No. 01 : Financial Institutions under concerned Municipality area to remain closed on the occasion of up coming Municipality Election,Not Available,11/01/11,01
https://www.bb.org.bd/mediaroom/circulars/dos/jan112011dosl01.pdf,DOS Circular Letter No. 01 : Scheduled banks under concerned Municipality area to remain closed on the occasion of up coming Municipality Election,Not Available,11/01/11,01
https://www.bb.org.bd/mediaroom/circulars/brpd/jan042011brpdl01.pdf,BRPD Circular Letter No. 01 : Charging rate of interest other than the announced rate,Not Available,04/01/11,01
https://www.bb.org.bd/mediaroom/circulars/fepd/dec302010fepd28.pdf,FEPD Circular No. 28 : Special assistance to SME exporters of readymade garments/textile goods.,Not Available,30/12/10,28
https://www.bb.org.bd/mediaroom/circulars/fepd/dec302010fepd27.pdf,FEPD Circular No. 27 : Implementation of steps adopted in second stimulus package declared by the Government for the development of export sector.,Not Available,30/12/10,27
https://www.bb.org.bd/mediaroom/circulars/brpd/dec292010brpdl18.pdf,BRPD Circular Letter No. 18 : Re-fixing the time limit for repayment of the loans for the procurement of rice by mill owners and traders,Not Available,29/12/10,18
https://www.bb.org.bd/mediaroom/circulars/brpd/dec292010brpdl17.pdf,BRPD Circular Letter No. 17 : Implementation of National Environment Committee's decisions,Not Available,29/12/10,17
https://www.bb.org.bd/mediaroom/circulars/brpd/dec292010brpd34.pdf,BRPD Circular No. 34 : Prudential Regulations for Consumer Financing,Not Available,29/12/10,34
https://www.bb.org.bd/mediaroom/circulars/acd/dec272010acd17.pdf,ACD Circular No. 17 : Credit facilities for installing Solar Panels on residential/commercial/industrial buildings and buildings for other purposes.,Not Available,27/12/10,17
https://www.bb.org.bd/mediaroom/circulars/dos/dec262010dosl17.pdf,DOS Circular Letter No. 17 : Subscription for Reuters Services,Not Available,26/12/10,17
https://www.bb.org.bd/mediaroom/circulars/brpd/dec212010brpdl16.pdf,BRPD Circular Letter No. 16 : Special Notice Deposit (SND) Account,Not Available,21/12/10,16
https://www.bb.org.bd/mediaroom/circulars/dcmps/dec152010dcmps14.pdf,DCMPS Circular No. 14:Full Implementation schedule of Bangladesh Autyomated Clearing House,Not Available,15/12/10,14
https://www.bb.org.bd/mediaroom/circulars/fepd/dec142010fepd26.pdf,FEPD Circular No. 26 : Regarding Fixation of Export price Ceiling in case of Potato Export.,Not Available,14/12/10,26
https://www.bb.org.bd/mediaroom/circulars/fepd/dec092010fepd25.pdf,FEPD Circular No. 25 : Amendment of FMJ Form,Not Available,09/12/10,25
https://www.bb.org.bd/mediaroom/circulars/fid/dec072010fid10.pdf,DFIM Circular No. 10: Collection of fee/charge/Commission etc. from NBFI Clients,Not Available,07/12/10,10
https://www.bb.org.bd/mediaroom/circulars/brpd/dec072010brpdl14.pdf,BRPD Circular Letter No. 14: Calculation of Interest and Fixing Rate of Interest on Loans,Not Available,07/12/10,14
https://www.bb.org.bd/mediaroom/circulars/fid/dec022010fid19.pdf,DFIM Circular Letter No. 19 : Holidays during 2011,Not Available,02/12/10,19
https://www.bb.org.bd/mediaroom/circulars/acd/dec022010acd16.pdf,ACD Circular No. 16 : Relaxation of CIB Inquiry & CIB Reporting Requirement for disbursing short-term Agricultural Credit amounting to a maximum of Tk. 1.50 Lakh for the purpose of Crop Cultivation only.,Not Available,02/12/10,16
https://www.bb.org.bd/mediaroom/circulars/feid/nov232010feidl02.pdf,FEID Circular Letter No. 02 : Waiver of regular submission of some quarterly statements under Section 18A and 18B of FER Act-1947,Not Available,23/11/10,02
https://www.bb.org.bd/mediaroom/circulars/fepd/nov212010fepd23.pdf,FEPD Circular No. 23 : Providing Export Subsidy against Export of Ship,Not Available,21/11/10,23
https://www.bb.org.bd/mediaroom/circulars/dos/nov142010dosl14.pdf,DOS Circular Letter No. 14: Bank's to remain open after normal business hour before the ensuing Eid Ul-Azha( on 14-11-10 & 15-11-10) to facilitate the payment of salary & allowances to the Germent workers.,Not Available,14/11/10,14
https://www.bb.org.bd/mediaroom/circulars/dos/nov102010dosl13.pdf,"DOS Circular Letter No. 13 : To take necessary steps for repaying salary, bonus and other allowances to labours and staffs of the Export-oriented Readymade Garment industries on the occasion of ensuing Eid-ul-Azha",Not Available,10/11/10,13
https://www.bb.org.bd/mediaroom/circulars/fepd/nov092010fepd22.pdf,FEPD Circular No. 22 : Implementation of steps adopted in second stimulus package declared by the Government for the development of export sector.,Not Available,09/11/10,22
https://www.bb.org.bd/mediaroom/circulars/fepd/nov092010fepd21.pdf,FEPD Circular No. 21 : Providing new market exploration assistance,Not Available,09/11/10,21
https://www.bb.org.bd/mediaroom/circulars/fepd/nov042010fepdl19.pdf,FEPD Circular Letter No. 19 : Receipt of fund by NGO from abroad,Not Available,04/11/10,19
https://www.bb.org.bd/mediaroom/circulars/dcmps/nov042010dcmps13.pdf,DCMPS Circular No. 13 :,Not Available,04/11/10,13
https://www.bb.org.bd/mediaroom/circulars/brpd/nov042010brpdl13.pdf,BRPD Circular Letter No. 13: Ensuring proper utilization of loan,Not Available,04/11/10,13
https://www.bb.org.bd/mediaroom/circulars/brpd/nov022010brpdl11.pdf,BRPD Circular Letter No. 11: Collection of fees by banks through Pay Order/Bank Draft in case of bank job,Not Available,02/11/10,11
https://www.bb.org.bd/mediaroom/circulars/brpd/nov022010brpdl12.pdf,BRPD Circular Letter No. 12 : School Banking,Not Available,02/11/10,12
https://www.bb.org.bd/mediaroom/circulars/brpd/nov012010brpdl10.pdf,BRPD Circular Letter No. 10 : Master Circular - Single Borrower Exposure Limit,Not Available,01/11/10,10
https://www.bb.org.bd/mediaroom/circulars/dcmps/oct312010dcmps12.pdf,DCMPS Circular No. 12: Issuing of MICR Instruments in Regional Clearing Houses,Not Available,31/10/10,12
https://www.bb.org.bd/mediaroom/circulars/feid/oct282010feid01.pdf,FEID Circular Letter No. 01 : Regarding black listing of following foreign companics for obtaining permission under section 18A of Foreign Exchange Regulation Act-1947,Not Available,28/10/10,01
https://www.bb.org.bd/mediaroom/circulars/dmd/oct142010dmdl06.pdf,DMD Circular Letter No. 06: Usage of Treasury Bill and Bangladesh Government Treasury Bond for Repo and Reverse Repo Operation,Not Available,14/10/10,06
https://www.bb.org.bd/mediaroom/circulars/brpd/oct142010brpd30.pdf,BRPD Circular No. 30: Fixing Rate of Interest on Loans,Not Available,14/10/10,30
https://www.bb.org.bd/mediaroom/circulars/acd/oct122010acdl02.pdf,"ACD Circular Letter No. 02 : Agricultural Credit at the rate of interest 2% on Pulse,Oil-seed,Spice and Maize",Not Available,12/10/10,02
https://www.bb.org.bd/mediaroom/circulars/brpd/oct112010brpdl09.pdf,BRPD Circular Letter No. 09 : Harmonisation between the traditional division/class system and the grading system,Not Available,11/10/10,09
https://www.bb.org.bd/mediaroom/circulars/brpd/oct052010brpdl08.pdf,BRPD Circular Letter No. 08 : Value Added Tax (VAT) on services rendered by indenting firms,Not Available,05/10/10,08
https://www.bb.org.bd/mediaroom/circulars/dcmps/sep292010dcmps11.pdf,DCMPS Circular No. 11: Live Day simulation with BACH DR Site,Not Available,29/09/10,11
https://www.bb.org.bd/mediaroom/circulars/fid/sep282010fidl18.pdf,DFIM Circular Letter No. 18 : Ensuring use of Revenue Stamp,Not Available,28/09/10,18
https://www.bb.org.bd/mediaroom/circulars/dos/sep212010dosl12.pdf,DOS Circular Letter No. 12 : Confirmation regarding affix/use of Revenue Stamp,Not Available,21/09/10,12
https://www.bb.org.bd/mediaroom/circulars/fepd/sep202010fepd17.pdf,FEPD Circular No. 17 : Export subsidy/cash incentive for financial year 2010-2011,Not Available,20/09/10,17
https://www.bb.org.bd/mediaroom/circulars/fid/sep142010dfiml17.pdf,DFIM Circular Letter No. 17: Submission of Sector wise Loan/ Lease Statement by FIS,Not Available,14/09/10,17
https://www.bb.org.bd/mediaroom/circulars/dcmps/sep142010dcmps10.pdf,DCMPS Circular No. 10 : BACPS Go Live,Not Available,14/09/10,10
https://www.bb.org.bd/mediaroom/circulars/acd/sep082010acd15.pdf,ACD Circular No. 15: Providing agricultural credit to the farmers for salt cultivation at the concessional interest rate of 4%,Not Available,08/09/10,15
https://www.bb.org.bd/mediaroom/circulars/brpd/sep082010brpd29.pdf,BRPD Circular No. 29: Bank account for Hardcore Poor,Not Available,08/09/10,29
https://www.bb.org.bd/mediaroom/circulars/smespd/sep062010smespdl05.pdf,SMESPD Circular Letter No. 05: Group Lending to SME Women Enterprenure,Not Available,06/09/10,05
https://www.bb.org.bd/mediaroom/circulars/dos/sep052010dosl11.pdf,"DOS Circular Letter No. 11: Banks' to remain Open on 7th September,2010 on the occasion of Eid-ul-Fitr",Not Available,05/09/10,11
https://www.bb.org.bd/mediaroom/circulars/smespd/sep022010smespdl04.pdf,"SMESPD Circular Letter No. 04 : Revised of circulars regarding scheme on ""Refinance Agro product processing rural industries""",Not Available,02/09/10,04
https://www.bb.org.bd/mediaroom/circulars/dos/sep022010dosl10.pdf,"DOS Circular Letter No. 10 : Banks' AD branches open on 3rd & 4th September, 2010 for Eid-ul-Fitr",Not Available,02/09/10,10
https://www.bb.org.bd/mediaroom/circulars/brpd/aug312010brpd27.pdf,BRPD Circular No. 27 : Calculation of Interest on Loans,Not Available,31/08/10,27
https://www.bb.org.bd/mediaroom/circulars/fid/aug292010fidl16.pdf,DFIM Circular Letter No. 16 : Financial Institutions to remain closed on the occasion of Janmashtami,Not Available,29/08/10,16
https://www.bb.org.bd/mediaroom/circulars/dos/aug262010dosl09.pdf,DOS Circular Letter No. 09 : Banks to remain closed on the occasion of Janmashtami,Not Available,26/08/10,09
https://www.bb.org.bd/mediaroom/circulars/brpd/aug252010brpd25.pdf,BRPD Circular No. 25 : Rules for regulating the supply and sale of Revenue Stamp,Not Available,25/08/10,25
https://www.bb.org.bd/mediaroom/circulars/brpd/aug252010brpd26.pdf,BRPD Circular No. 26 : Special Notice Deposit (SND) Account,Not Available,25/08/10,26
https://www.bb.org.bd/mediaroom/circulars/dos/aug252010dos07.pdf,DOS Circular No. 07: Mainstreaming Corporate Social Responsibility (CSR) in banks in Bangladesh,Not Available,24/08/10,07
https://www.bb.org.bd/mediaroom/circulars/brpd/aug222010brpdl07.pdf,BRPD Circular Letter No. 07 : Re-fixing the time limit for repayment of the loans for the procurement of rice by mill owners and traders,Not Available,22/08/10,07
https://www.bb.org.bd/mediaroom/circulars/fid/aug222010fid09.pdf,DFIM Circular No. 09 : Investment in shares by Financial Institutions,Not Available,22/08/10,09
https://www.bb.org.bd/mediaroom/circulars/dcmps/aug192010dcmps08.pdf,DCMPS Circular No. 08 : BACPS Live Day Simulation,Not Available,19/08/10,08
https://www.bb.org.bd/mediaroom/circulars/smespd/aug182010smespdl03.pdf,SME Circular Letter No. 03 : Refinance in Small & Medium Enterprize,Not Available,18/08/10,03
https://www.bb.org.bd/mediaroom/circulars/eef/aug122010eef32.pdf,EEF Circular No. 32,Not Available,12/08/10,32
https://www.bb.org.bd/mediaroom/circulars/fid/aug052010fidl15.pdf,DFIM Circular Letter No. 15: Office Time table during month of Ramadan,Not Available,05/08/10,15
https://www.bb.org.bd/mediaroom/circulars/dos/aug042010dosl08.pdf,DOS Circular Letter No. 08 : Office hours and Transactions period of Banks during the Holy Ramadan,Not Available,04/08/10,08
https://www.bb.org.bd/mediaroom/circulars/dcmps/jul262010dcmpsl07.pdf,DCMPS Circular Letter No. 07 : Issuance of MICR Instruments from all bank branches throughout the country,Not Available,26/07/10,07
https://www.bb.org.bd/mediaroom/circulars/dcmps/jul222010dcmps06.pdf,"DCMPS Circular No. 06 : Live Day Simulation on 4th August, 2010",Not Available,22/07/10,06
https://www.bb.org.bd/mediaroom/circulars/fepd/jul212010fepd13.pdf,FEPD Circular No. 13 : Implementation of steps adopted in second stimulus package declared by the Government for the development of export sector,Not Available,21/07/10,13
https://www.bb.org.bd/mediaroom/circulars/acd/201011agricrditpolicy.pdf,ACD Circular No. 14 : Agricultural/Rural Credit Policy and Programme for the Fiscal Year 2010-2011,Not Available,21/07/10,14
https://www.bb.org.bd/mediaroom/circulars/smespd/jul192010smespd08.pdf,SME Circular No. 01: Refinance in Small & Medium Enterprize,Not Available,19/07/10,01
https://www.bb.org.bd/mediaroom/circulars/fid/jun282010fid07.pdf,DFIM Circular No. 07 : Branch Opening Guideline,Not Available,28/06/10,07
https://www.bb.org.bd/mediaroom/circulars/fid/jun212010fid06.pdf,DFIM Circular No. 06 : Updated Guideline on ICT Security for Banks and Financial Institutions,Not Available,21/06/10,06
https://www.bb.org.bd/mediaroom/circulars/acd/jun202010acdl01.pdf,"ACD Circular Letter No. 01 : For use of any company/organisation as Agent/Intermediary in the process of disbursement and recovery of loans at the borrower level under the Refinance Scheme for Solar energy, Bio-gas & Effluent Treatment Plant sectors",Not Available,20/06/10,01
https://www.bb.org.bd/mediaroom/circulars/fid/jun152010fidl14.pdf,DFIM Circular Letter No. 14 : Scheduled Bank close for Chittagong City Corporation Election 2010,Not Available,15/06/10,14
https://www.bb.org.bd/mediaroom/circulars/dos/jun152010dos04.pdf,DOS Circular No. 04 : Share holding and Capital Market Exposure limits for Bank-companies,Not Available,15/06/10,04
https://www.bb.org.bd/mediaroom/circulars/dos/jun142010dosl06.pdf,DOS Circular Letter No. 06: Holiday for Scheduled Bank Branches under Chittagong City Corporation,Not Available,14/06/10,06
https://www.bb.org.bd/mediaroom/circulars/brpd/jun142010brpd22.pdf,BRPD Circular No. 22 : Master Circular - Single Borrower Exposure Limit,Not Available,14/06/10,22
https://www.bb.org.bd/mediaroom/circulars/fid/jun092010fidl13.pdf,DFIM Circular Letter No. 13 : Amendment to the list of Holidays in 2010 for Financial Institutes,Not Available,09/06/10,13
https://www.bb.org.bd/mediaroom/circulars/acd/jun092010acd13.pdf,ACD Circular No. 13 : Strengthening the monitoring and coordination of Agri/Rural Credit Program by Banks in Partnership with Micro-Finance Institutions (MFIs) licensed by the Micro-credit Regulatory Authority.,Not Available,09/06/10,13
https://www.bb.org.bd/mediaroom/circulars/acd/jun092010acd12.pdf,ACD Circular No. 12 : Private and Foreign Banks' Representation in District Agricultural Credit Committee under the Lead Banks System.,Not Available,09/06/10,12
https://www.bb.org.bd/mediaroom/circulars/fepd/jun072010fepd12.pdf,FEPD Circular No. 12 : Implementation of steps adopted in second stimulus package declared by the Government for the development of export sector.,Not Available,07/06/10,12
https://www.bb.org.bd/mediaroom/circulars/fepd/jun012010fepd11.pdf,FEPD Circular No. 11 : Export subsidy against export of Ship,Not Available,01/06/10,11
https://www.bb.org.bd/mediaroom/circulars/fepd/jun012010fepd10.pdf,FEPD Circular No. 10 : Export subsidy against export of Crust Leather,Not Available,01/06/10,10
https://www.bb.org.bd/mediaroom/circulars/dos/jun012010dos03.pdf,DOS circular No 03: Procedure and Rate of Penal Interest and Penalty to be imposed for Shortfall in Maintaining Cash Reserve (CRR) by the Scheduled Banks,Not Available,01/06/10,03
https://www.bb.org.bd/mediaroom/circulars/brpd/may202010brpd21.pdf,BRPD Circular No. 21 : Updated Guideline on ICT Security for Banks and Financial Institutions,Not Available,20/05/10,21
https://www.bb.org.bd/mediaroom/circulars/dos/may192010dosl05.pdf,DOS Circular Letter No. 05: Amendment to the list of Holidays in 2010 for Banks,Not Available,19/05/10,05
https://www.bb.org.bd/mediaroom/circulars/fid/may182010fidl12.pdf,DFIM Circular Letter No. 12 : Policy for the appointment of Chief Executive Officer/Managing Director of Financial Institutions,Not Available,18/05/10,12
https://www.bb.org.bd/mediaroom/circulars/fepd/may172010fepd09.pdf,FEPD Circular No. 09: Export subsidy against export of Pet Bottle-Flex,Not Available,17/05/10,09
https://www.bb.org.bd/mediaroom/circulars/brpd/may162010brpd20.pdf,BRPD Circular No. 20 : Special Notice Deposit (SND) Account,Not Available,16/05/10,20
https://www.bb.org.bd/mediaroom/circulars/brpd/may132010brpd19.pdf,BRPD Circular No. 19 : Master Circular on Schedule of Charges,Not Available,13/05/10,19
https://www.bb.org.bd/mediaroom/circulars/acd/may112010acd11.pdf,ACD Circular No. 11 : Postponing the recovery of Agricultural Loan (Boro Crop) and providing Fresh Loan facilities in favour of farmers affected by flash flood in the North-Eastern Haor Areas of Bangladesh.,Not Available,11/05/10,11
https://www.bb.org.bd/mediaroom/circulars/fid/may062010fid05.pdf,DFIM Circular No. 05: Sending Information regarding Directors of Financial Institutes,Not Available,06/05/10,05
https://www.bb.org.bd/mediaroom/circulars/brpd/may062010brpd18.pdf,BRPD Circular No. 18: Fixing Rate of Interest on Import Financing,Not Available,06/05/10,18
https://www.bb.org.bd/mediaroom/circulars/fid/may022010fidl11.pdf,DFIM Circular Letter No. 11 : Specimen signature,Not Available,02/05/10,11
https://www.bb.org.bd/mediaroom/circulars/brpd/may022010brpd17.pdf,BRPD Circular No. 17 : Bank Account for Beneficiary of National Service Programme.,Not Available,02/05/10,17
https://www.bb.org.bd/mediaroom/circulars/dcmps/apr282010dcmps05.pdf,DCMPS Circular No. 05 Time extention of accepting Non-MICR Instruments at Dhaka clearing house,Not Available,28/04/10,05
https://www.bb.org.bd/mediaroom/circulars/brpd/apr272010brpd16.pdf,BRPD Circular No. 16 : Restriction on bank loan for purchasing land.,Not Available,27/04/10,16
https://www.bb.org.bd/mediaroom/circulars/brpd/apr262010brpd15.pdf,BRPD Circular No. 15 : Maintaining Exchange Equalization Account,Not Available,26/04/10,15
https://www.bb.org.bd/mediaroom/circulars/eef/apr222010eef31.pdf,EEF Circular No. 31,Not Available,22/04/10,31
https://www.bb.org.bd/mediaroom/circulars/fepd/apr202010fepd08.pdf,FEPD Circular No. 08 : Enhancement of export subsidy/cash incentive to 20% from 10% against export of potato under second stimulus package declared by the Government.,Not Available,20/04/10,08
https://www.bb.org.bd/mediaroom/circulars/fid/apr202010fidl10.pdf,DFIM Circular Letter No. 10 : Avoidance of High Expense for Luxurious Vehicles and Decoration,Not Available,20/04/10,10
https://www.bb.org.bd/mediaroom/circulars/brpd/apr202010brpdl06.pdf,BRPD Circular Letter No. 06 : Rules and Regulations regarding the appointment of Chief Executive of a bank,Not Available,20/04/10,06
https://www.bb.org.bd/mediaroom/circulars/acd/apr182010acd10.pdf,ACD Circular No. 10 : Prohibition of bank credit/financing in tobacco cultivation including direct financing to the farmers and under contract farming system,Not Available,18/04/10,10
https://www.bb.org.bd/mediaroom/circulars/fepd/apr112010fepd06.pdf,FE Circular No. 06 : Export subsidy against export of ship,Not Available,11/04/10,06
https://www.bb.org.bd/mediaroom/circulars/fepd/apr112010fepd05.pdf,FE Circular No. 05 : Export subsidy against export of crust leather,Not Available,11/04/10,05
https://www.bb.org.bd/mediaroom/circulars/fepd/apr112010fepd04.pdf,FE Circular No. 04: Export subsidy against export of finished leather,Not Available,11/04/10,04
https://www.bb.org.bd/mediaroom/circulars/acspd/apr082010acd09.pdf,"ACD Circular No. 09: Limited scale refinance facility to the banks and financial institutions for setting up of Hybrid Hoffman Kiln (HHK)/equivalent technology plant with a view to reducing carbon emmission in the brick kilns from the sanctioned fund of taka 200 crore for the Refinance Scheme in Solar Energy, Bio-gas and Effluent Treatment Plant (ETP) Sectors",Not Available,08/04/10,09
https://www.bb.org.bd/mediaroom/circulars/dcmps/apr012010dcmps04.pdf,DCMPS Circular No. 04 Non Acceptance of non-MICR Instruments at Dhaka Clearing House,Not Available,01/04/10,04
https://www.bb.org.bd/mediaroom/circulars/cib/mar312010cib01.pdf,CIB Circular No. 01,Not Available,31/03/10,01
https://www.bb.org.bd/mediaroom/circulars/dos/mar312010dosl03.pdf,DOS Circular Letter No. 03: Introducing of Day Light Saving Time by moving ahead the clocks by one hour.,Not Available,31/03/10,03
https://www.bb.org.bd/mediaroom/circulars/fepd/mar252010fepd03.pdf,FEPD Circular No. 03 : Regarding solution of the problems of the frozen food sector and rehabilitation under stimulus package declared by the government.,Not Available,25/03/10,03
https://www.bb.org.bd/mediaroom/circulars/brpd/mar252010brpdl05.pdf,BRPD Circular Letter No. 05 : Bank Account for Farmers,Not Available,25/03/10,05
https://www.bb.org.bd/mediaroom/circulars/fepd/mar212010fepd02.pdf,FEPD Circular No. 02: Amendment of FMJ Form,Not Available,21/03/10,02
https://www.bb.org.bd/mediaroom/circulars/brpd/mar142010brpdl04.pdf,BRPD Circular Letter No. 04: Restrictions in Respect of Responsibilities of the Board of Directors and the CEO of Banks,Not Available,14/03/10,04
https://www.bb.org.bd/mediaroom/circulars/fid/mar082010fid04.pdf,DFIM Circular No. 04 : Fixation of minimum maturity period of term deposit for Financial Institutions,Not Available,08/03/10,04
https://www.bb.org.bd/mediaroom/circulars/fid/mar092010fidl09.pdf,DFIM Circular Letter No. 09 : Introducing of Day Light Saving Time by moving ahead the clocks by one hour,Not Available,05/03/10,09
https://www.bb.org.bd/mediaroom/circulars/fid/feb242010fid03.pdf,DFIM Circular No. 03: Honorium to Directors for attending Board Meeting,Not Available,24/02/10,03
https://www.bb.org.bd/mediaroom/circulars/brpd/feb232010brpdl03.pdf,BRPD Circular Letter No. 03 : Re-fixing the time limit for repayment of the loans for the procurement of rice by mill owners and traders.,Not Available,23/02/10,03
https://www.bb.org.bd/mediaroom/circulars/fid/feb232010fidl08.pdf,DFIM Circular Letter No. 08 : To inform about newly created Bank & Financial Institution Division,Not Available,23/02/10,08
https://www.bb.org.bd/mediaroom/circulars/smespd/feb152010smespdl02.pdf,SME Circular Letter No. 02 : Refixation of lower limit of Small Enterprise loans under refinance scheme.,Not Available,15/02/10,02
https://www.bb.org.bd/mediaroom/circulars/brpd/feb152010brpdl02.pdf,BRPD Circular Letter No. 02 : Restrictions in respect of responsibilities and accountabilities of the board of directors and the CEO of banks.,Not Available,15/02/10,02
https://www.bb.org.bd/mediaroom/circulars/dos/feb142010dosl02.pdf,DOS Circular Letter No. 02 : To inform about newly created Bank & Financial Institution Division.,Not Available,14/02/10,02
https://www.bb.org.bd/mediaroom/circulars/brpd/feb142010brpd08.pdf,BRPD Circular No. 08 : Bank account for farmers,Not Available,14/02/10,08
https://www.bb.org.bd/mediaroom/circulars/brpd/feb142010brpd09.pdf,BRPD Circular No. 09 : Master Circular on Schedule of Charges,Not Available,14/02/10,09
https://www.bb.org.bd/mediaroom/circulars/dcmps/feb112010dcmps03.pdf,DCMPS Circular No. 03 : Non acceptance of non MICR cheques at dhaka clearing house,Not Available,11/02/10,03
https://www.bb.org.bd/mediaroom/circulars/fid/feb092010fidl07.pdf,DFIM Circular Letter No. 07 :,Not Available,09/02/10,07
https://www.bb.org.bd/mediaroom/circulars/fid/feb072010fidl06.pdf,DFIM Circular Letter No. 06 : Sending of minutes of Board Meeting of FIs,Not Available,07/02/10,06
https://www.bb.org.bd/mediaroom/circulars/brpd/feb072010brpd07.pdf,BRPD Circular No. 07: Bank Account for farmers,Not Available,07/02/10,07
https://www.bb.org.bd/mediaroom/circulars/brpd/feb042010brpd06.pdf,BRPD Circular No. 06 : Restrictions in respect of responsibilities and accountabilities of the Board of directors and the CEO of banks,Not Available,04/02/10,06
https://www.bb.org.bd/mediaroom/circulars/fid/feb032010fidl05.pdf,"DFIM Circular Letter No. 05 : Specimen signature- Md Shafiqul Islam, Deputy General Manager",Not Available,03/02/10,05
https://www.bb.org.bd/mediaroom/circulars/dcmps/feb022010dcmps02.pdf,DCMPS Circular No. 02 : Implementation of Core Banking Solution (CBS) and Inter-branch Connectivity in Scheduled Commercial Banks of Bangladesh,Not Available,02/02/10,02
https://www.bb.org.bd/mediaroom/circulars/fid/feb022010dfiml04.pdf,DFIM Circular Letter No. 04: Audited Financial Statements and Management Report,Not Available,02/02/10,04
https://www.bb.org.bd/mediaroom/circulars/brpd/jan282010brpd05.pdf,BRPD Circular No. 05 : Fit and Proper Test for appointment of Directors of a Bank Company,Not Available,28/01/10,05
https://www.bb.org.bd/mediaroom/circulars/brpd/jan252010brpd04.pdf,BRPD Circular No. 04: Purchase-Sale of Fixed Assets by Bank-Companies,Not Available,25/01/10,04
https://www.bb.org.bd/mediaroom/circulars/smespd/jan192010smespdl01.pdf,"SMESPD Circular Letter No. 01 : Refinance for Solar Energy, Bio-gas and Effluent Treatment Plant Sector.",Not Available,19/01/10,01
https://www.bb.org.bd/mediaroom/circulars/brpd/jan182010brpd03.pdf,BRPD Circular No. 03 : Circular regarding honorium to the directors of Banks for attnding the meeting of the Board,Not Available,18/01/10,03
https://www.bb.org.bd/mediaroom/circulars/brpd/jan172010brpd02.pdf,BRPD Circular No. 02 : Commission against Guarantee/LC of Export oriented Shipbuilding Industry,Not Available,17/01/10,02
https://www.bb.org.bd/mediaroom/circulars/brpd/jan172010brpd01.pdf,BRPD Circular No. 01 : Bank Account for Farmers,Not Available,17/01/10,01
https://www.bb.org.bd/mediaroom/circulars/fid/jan132010fidl03.pdf,"DFIM Circular Letter No. 03 : Specimen signature- Mr. Shawkat Osman Choudhury, General Manager",Not Available,13/01/10,03
https://www.bb.org.bd/mediaroom/circulars/fid/jan122010fid02.pdf,DFIM Circular No. 02 : Relaxation of loan/lease rescheduling policy,Not Available,12/01/10,02
https://www.bb.org.bd/mediaroom/circulars/fid/jan122010fidl02.pdf,DFIM Circular Letter No. 02 : Fixation of johr prayer and lunch time.,Not Available,12/01/10,02
https://www.bb.org.bd/mediaroom/circulars/dos/jan102010dosl01.pdf,DOS Circular Letter No. 01 : Rescheduling of recess for zohar prayer and lunch.,Not Available,10/01/10,01
https://www.bb.org.bd/mediaroom/circulars/fid/jan042010fidl01.pdf,DFIM Circular Letter No. 01: Moving back the clocks by one hour,Not Available,04/01/10,01
https://www.bb.org.bd/mediaroom/circulars/dos/dec242009dosl24.pdf,DOS Circular Letter No. 24 : Moving back the clocks by one hour,Not Available,31/12/09,24
https://www.bb.org.bd/mediaroom/circulars/fid/dec232009fid11.pdf,DFIM Circular No. 11: Preparation of Financial statement,Not Available,23/12/09,11
https://www.bb.org.bd/mediaroom/circulars/brpd/dec222009brpd19.pdf,BRPD Circular No. 19: Master Circular on Schedule of Charges,Not Available,22/12/09,19
https://www.bb.org.bd/mediaroom/circulars/brpd/dec212009brpd18.pdf,BRPD Circular No. 18: Rescheduling of loans for the industries affected during the period of Caretaker Government,Not Available,21/12/09,18
https://www.bb.org.bd/mediaroom/circulars/dmd/dec212009dmd136.pdf,DMD Circular No. 136: Lunching of Dhaka Interbank Offered Rate (DIBOR),Not Available,21/12/09,136
https://www.bb.org.bd/mediaroom/circulars/dmd/dec212009dmd18.pdf,DMD Circular No. 18: Lunching of Delivery Vs Payment (DvP) System in case of Secondary Buy-Sell of Government Securities and Inter Bank REPO,Not Available,21/12/09,18
https://www.bb.org.bd/mediaroom/circulars/fid/dec212009fid10.pdf,DFIM Circular No. 10: Rescheduling policy,Not Available,21/12/09,10
https://www.bb.org.bd/mediaroom/circulars/dos/dec212009dosl23.pdf,DOS Circular Letter No. 23: Submission of Monthly Statement of Demand & Time Liabilities (DB-4) and Maintenance of SLR (DB-5 and others) by the Banks,Not Available,21/12/09,23
https://www.bb.org.bd/mediaroom/circulars/brpd/dec172009brpdl10.pdf,BRPD Circular Letter No. 10: Vacation of the post of Director of Financial Institutions for Default Loan,Not Available,17/12/09,10
https://www.bb.org.bd/mediaroom/circulars/brpd/dec102009brpdl09.pdf,BRPD Circular Letter No. 09: Policy for Rescheduling of Loans,Not Available,10/12/09,09
https://www.bb.org.bd/mediaroom/circulars/brpd/dec062009brpdl08.pdf,BRPD Circular Letter No. 08:Avoidance of High Expense for Luxerious Vehicles and Decoration,Not Available,06/12/09,08
https://www.bb.org.bd/mediaroom/circulars/brpd/dec062009brpd17.pdf,BRPD Circular No. 17 : Simplification of loan rescheduling policy for export-oriented industrial sectors to cope-up with the prevailing global economic situation,Not Available,06/12/09,17
https://www.bb.org.bd/mediaroom/circulars/fid/dec032009fidl16.pdf,DFIM Circular Letter No. 16 : Holidays for the year of 2010,Not Available,03/12/09,16
https://www.bb.org.bd/mediaroom/circulars/acspd/dec032009acspd08.pdf,"ACSPD Circular No. 08: Revised Policy Regarding Disbursement of Credit @ 2% Interest Rate For Pulse, Oil Seeds, Spices and Maize.",Not Available,03/12/09,08
https://www.bb.org.bd/mediaroom/circulars/fepd/dec022009fepd24.pdf,FEPD Circular No. 24 : Release of foreign exchange against travel quota entitlement,Not Available,02/12/09,24
https://www.bb.org.bd/mediaroom/circulars/fepd/nov222009fepd23.pdf,FEPD Circular No. 23 : Export Subsidy against export of Finished Leather,Not Available,22/11/09,23
https://www.bb.org.bd/mediaroom/circulars/fepd/nov222009fepd22.pdf,FEPD Circular No. 22 : Export Subsidy against export of Pet Bottle Flakes,Not Available,22/11/09,22
https://www.bb.org.bd/mediaroom/circulars/brpd/nov172009brpd16.pdf,BRPD Circular No. 16: Rationalization of Charges/ Fees/ Commission collected for the Services by the Banks,Not Available,17/11/09,16
https://www.bb.org.bd/mediaroom/circulars/acspd/nov112009acspd07.pdf,ACSPD Circular No. 07: Disbursement of Agricultural Credit & Special Micro-credit in favour of the Handicapped People.,Not Available,11/11/09,07
https://www.bb.org.bd/mediaroom/circulars/eef/nov102009eef30.pdf,EEF Circular No. 30: Equity and Entrepreneurship Fund (EEF),Not Available,10/11/09,30
https://www.bb.org.bd/mediaroom/circulars/fid/nov042009fid09.pdf,DFIM Circular No. 09: Increased of Paid up Capital for Financial Institutions,Not Available,04/11/09,09
https://www.bb.org.bd/mediaroom/circulars/dcmps/nov022009dcmps05.pdf,PSD Circular No. 05: E-Commerce Activities,Not Available,02/11/09,05
https://www.bb.org.bd/mediaroom/circulars/dos/oct272009dos21.pdf,DOS Circular Letter No. 21 : Marking to Market based Revaluation of Treasury Bill and Bond held by the Banking Company,Not Available,27/10/09,21
https://www.bb.org.bd/mediaroom/circulars/dmd/oct182009dmd.pdf,"DMD Circular Letter 03 : Time table change to submit bid for Treasury bill, bond repo and reverse repo auction",Not Available,18/10/09,
https://www.bb.org.bd/mediaroom/circulars/dos/oct182009dosl20.pdf,DOS Circular Letter No. 20: Office hours and Transactions period of Banks.,Not Available,18/10/09,20
https://www.bb.org.bd/mediaroom/circulars/fid/oct182009fid15.pdf,DFIM Circular Letter No. 15 : Office time schedule for the Financial Institutions,Not Available,18/10/09,15
https://www.bb.org.bd/mediaroom/circulars/dos/oct152009dosl19.pdf,DOS Circular Letter No. 19: Office Hours and Transactions Period of Banks.,Not Available,15/10/09,19
https://www.bb.org.bd/mediaroom/circulars/dmd/oct192009dmd.pdf,"DMD Circular : Clarification of ""Note"" of Rule-21 on re-investment according to the Sanchayapatra Rules,1977(Amended upto 30 June, 2002)",Not Available,15/10/09,
https://www.bb.org.bd/mediaroom/circulars/fid/oct152009fid14.pdf,DFIM Circular Letter No. 14 : Office time schedule for the Financial Institutions of Dhaka Metropoliton City,Not Available,15/10/09,14
https://www.bb.org.bd/mediaroom/circulars/fid/oct152009fid13.pdf,DFIM Circular Lettter No. 13 : Dress Code for the employees of the Financial Institutions,Not Available,15/10/09,13
https://www.bb.org.bd/mediaroom/circulars/fepd/oct122009fepd.pdf,FE Circular No. 20,Not Available,12/10/09,20
https://www.bb.org.bd/mediaroom/circulars/dos/oct122009dosl18.pdf,DOS Circular Letter No. 18: Dress Code for all Private Sector Banks.,Not Available,12/10/09,18
https://www.bb.org.bd/mediaroom/circulars/dmd/oct122009dmd.pdf,DMD Circular : Re-determination of highest ceiling of investment in Pensioner Sanchayapatra,Not Available,12/10/09,
https://www.bb.org.bd/mediaroom/circulars/acspd/oct082009acspdl08.pdf,ACSPD Circular Letter No. 08: Preservation of Mobile Phone Numbers of Borrowers/Loanees of Agricultural/Rural Credit at Branch Level,Not Available,08/10/09,08
https://www.bb.org.bd/mediaroom/circulars/dos/sep172009dosl17.pdf,"DOS Circular Letter No. 17: Bank branches open on weekly holiday, Saturday, for Eid-ul-Fitr.",Not Available,17/09/09,17
https://www.bb.org.bd/mediaroom/circulars/fid/sep172009fidl12.pdf,"DFIM Circular Letter No. 12: 23rd September, 2009 is declared Govt. holiday for Eid-ul-Fitr subject to the appearance of the moon",Not Available,17/09/09,12
https://www.bb.org.bd/mediaroom/circulars/dos/sep162009dosl16.pdf,DOS Circular Letter No. 16: Government holiday on 23rd September/2009 on the occasion of the holy Eid-ul-Fitr subject to the Apperance of the Moon.,Not Available,16/09/09,16
https://www.bb.org.bd/mediaroom/circulars/dos/sep152009dosl15.pdf,"DOS Circular Letter No. 15: Payment of salary and pension for the month of September-2009 to all Non-Gazetted employees working in Government, Non-Government, Autonomous Bodies and also to Non-Commissioned Officers & employees of Armed Forces as well as Retired Government service holders on 16th September/2009 for Eid-ul-Fitr.",Not Available,15/09/09,15
https://www.bb.org.bd/mediaroom/circulars/fepd/sep082009fepd15.pdf,FE Circular No. 15: Release of Export Subsidy/Cash Incentive at 70% before Auditing,Not Available,08/09/09,15
https://www.bb.org.bd/mediaroom/circulars/fid/sep072009fid08.pdf,DFIM Circular No. 08: Change of Financial Institution Name.,Not Available,07/09/09,08
https://www.bb.org.bd/mediaroom/circulars/acspd/sep072009acspdl07.pdf,ACSPD Circular Letter No. 07: Submission of Statement relating to Agricultural Credit Disbursement for Effective Monitoring of Agricultural/Rural Credit Activities of the Fiscal Year 2009-10.,Not Available,07/09/09,07
https://www.bb.org.bd/mediaroom/circulars/fepd/sep072009fe14.pdf,FE Circular No. 14: Export Subsidy/Cash Incentive for FY 2009-2010,Not Available,07/09/09,14
https://www.bb.org.bd/mediaroom/circulars/fid/aug302009fid07.pdf,DFIM Circular No. 07,Not Available,30/08/09,07
https://www.bb.org.bd/mediaroom/circulars/acspd/aug262009acspdl06.pdf,"ACSPD Circular Letter No. 06: Inclusion of ""Potato Seed Production Through Tissue Culture"" in Agricultural/ Rural Credit Policy and Programme for the Fiscal Year (2009-2010)",Not Available,26/08/09,06
https://www.bb.org.bd/mediaroom/circulars/fepd/aug252009fe12.pdf,FE Circular No. 12: Subsides against export of agro products and agro processing products,Not Available,25/08/09,12
https://www.bb.org.bd/mediaroom/circulars/feod/aug192009feod02.pdf,FEOD Circular No. 02: Correction in Terms of Reference,Not Available,19/08/09,02
https://www.bb.org.bd/mediaroom/circulars/fid/aug182009fidl11.pdf,"DFIM Circular Letter No. 11 : Office Time Schedule for the month of Holy Ramadan, 1430 Hijri (2009 AD)",Not Available,18/08/09,11
https://www.bb.org.bd/mediaroom/circulars/dos/aug172009dosl14.pdf,DOS Circular Letter No. 14 : Office hours and Transactions period of Banks during the Holy Ramadan.,Not Available,17/08/09,14
https://www.bb.org.bd/mediaroom/circulars/fepd/aug042009fe11.pdf,FE Circular No. 11: Import and Export of Currency Notes and Coins,Not Available,04/08/09,11
https://www.bb.org.bd/mediaroom/circulars/acspd/aug032009acspd06.pdf,"ACSPD Circular No. 06: Refinance Scheme on Solar Energy, Bio-gas and Effluent Treatment Plant",Not Available,03/08/09,06
https://www.bb.org.bd/mediaroom/circulars/feid/jul0709feid03.pdf,"FEID Circular No. 03 : Submission of quarterly statement by authorized approved agents of foreign principles working under section 18A and 18B of Foreign Exchange regulation act, 1974",Not Available,30/07/09,03
https://www.bb.org.bd/mediaroom/circulars/fid/jul212009fid06.pdf,DFIM Circular No. 06 : Formation of Financial Institutions Inspection Division,Not Available,21/07/09,06
https://www.bb.org.bd/mediaroom/circulars/eef/jul162009eef29.pdf,EEF Circular No. 29 : Transfer of Equity and Entrepreneurship Fund (EEF)'s activities to Investment Corporation of Bangladesh (ICB) as Sub-Agent of Bangladesh Bank,Not Available,16/07/09,29
https://www.bb.org.bd/mediaroom/circulars/acspd/jul142009acspd04.pdf,ACSPD Circular No. 04: Agricultural/Rural Credit Policy and Programme for the Fiscal Year (2009-2010),Not Available,14/07/09,04
https://www.bb.org.bd/mediaroom/circulars/acspd/jul142009acspd05.pdf,ACSPD Circular No. 05: Fresh Agri-loan Facilities for Rehabilitation of Agriculture Sector in Cyclone 'Aila' Affected Areas.,Not Available,14/07/09,05
https://www.bb.org.bd/mediaroom/circulars/dos/jul062009dosl13.pdf,DOS Circular Letter No. 13 : Monthly statement regarding holding of shares,Not Available,06/07/09,13
https://www.bb.org.bd/mediaroom/circulars/frtmd/jun302009frtmd01.pdf,FRTMD Circular No. 01: Regarding Export Development Fund,Not Available,30/06/09,01
https://www.bb.org.bd/mediaroom/circulars/dos/jun302009dosl12.pdf,"DOS Circular Letter No. 12 : Treasury branches of concerned scheduled banks will remain open up to 7.00 PM. Tuesday, 30th June, 2009",Not Available,30/06/09,12
https://www.bb.org.bd/mediaroom/circulars/fid/jun182009fidl10.pdf,DFIM Circular Letter No. 10 : Implementation of Day Light Saving Time arrangement,Not Available,18/06/09,10
https://www.bb.org.bd/mediaroom/circulars/dos/jun182009dosl11.pdf,DOS Circular Letter No. 11 : Implementation of Day Light Saving Time arrangement,Not Available,18/06/09,11
https://www.bb.org.bd/mediaroom/circulars/fid/jun152009fidl09.pdf,DFIM Circular Letter No. 09 : Implementation of Day Light Saving Time arrangement,Not Available,15/06/09,09
https://www.bb.org.bd/mediaroom/circulars/dos/jun152009dosl10.pdf,DOS Circular Letter No. 10 : Implementation of Day Light Saving Time arrangement.,Not Available,15/06/09,10
https://www.bb.org.bd/mediaroom/circulars/dos/jun142009dosl09.pdf,DOS Circular Letter No. 09 : Scheduled banks to remain closed on the occasion of Election for the vacant seat of 227 Sunamgonj-4 of 9th Parliamentary Election,Not Available,14/06/09,09
https://www.bb.org.bd/mediaroom/circulars/acspd/jun022009acspd03.pdf,"ACSPD Circular No. 03 : Rescheduling of Shrimp Loans for Cyclone ""Aila"" Affected Areas.",Not Available,02/06/09,03
https://www.bb.org.bd/mediaroom/circulars/acspd/jun022009acspd02.pdf,"ACSPD Circular No. 02 : Postponement of Recovery of Agri-loan for Cyclone ""Aila"" Affected Areas.",Not Available,02/06/09,02
https://www.bb.org.bd/mediaroom/circulars/dos/jun022009dos02.pdf,DOS Circular No. 02: Mainstreaming Corporate Social Responsibility (CSR) in Banks and Financial Institutions in Bangladesh,Not Available,02/06/09,02
https://www.bb.org.bd/mediaroom/circulars/fepd/jun012009fepd06.pdf,FE Circular No. 06 : Amended Policy Regarding Activities of Money Changers,Not Available,01/06/09,06
https://www.bb.org.bd/mediaroom/circulars/dmd/may272009dmd01.pdf,DMD Circular No. 01: Formation of Debt Management Department,Not Available,27/05/09,01
https://www.bb.org.bd/mediaroom/circulars/fepd/may212009fepd05.pdf,FE Circular No. 05 : Export subsidies against export of agro and agro processing products,Not Available,21/05/09,05
https://www.bb.org.bd/mediaroom/circulars/fepd/may072009fepd03.pdf,FE Circular No. 03: Export Subsidies/Cash Incentive under Stimulas Package,Not Available,07/05/09,03
https://www.bb.org.bd/mediaroom/circulars/fid/may072009fid05.pdf,DFIM Circular No. 05: Regulation on Lending Money for Directors of Financial Institutes,Not Available,07/05/09,05
https://www.bb.org.bd/mediaroom/circulars/fid/may042009fidl08.pdf,"DFIM Circular Letter No. 08 : Specimen signature - Md. Elias Sikder, General Manager",Not Available,04/05/09,08
https://www.bb.org.bd/mediaroom/circulars/fid/apr272009fid04.pdf,DFIM Circular No. 04 : Regarding Renaming of Financial Institution,Not Available,27/04/09,04
https://www.bb.org.bd/mediaroom/circulars/fid/apr222009fid03.pdf,DFIM Circular No. 03 : Rescheduling policy,Not Available,22/04/09,03
https://www.bb.org.bd/mediaroom/circulars/dmd/apr212009dmdl01.pdf,DMD Circular Letter No. 01 : Liquidity Support for Primary Dealers,Not Available,21/04/09,01
https://www.bb.org.bd/mediaroom/circulars/aml/apr2109aml22.pdf,"AML Circular No. 22: ""Anti Terrorism Act, 2009""",Not Available,21/04/09,22
https://www.bb.org.bd/mediaroom/circulars/aml/apr2109aml21.pdf,"AML Circular No. 21: ""Money Laundering Prevention Act, 2009""",Not Available,21/04/09,21
https://www.bb.org.bd/mediaroom/circulars/acspd/apr202009acspd1.pdf,ACSPD Circular No. 1: Rescheduling of Loan against Bird-flue Affected Poultry Sector,Not Available,20/04/09,1
https://www.bb.org.bd/mediaroom/circulars/brpd/apr192009brpd04.pdf,BRPD Circular No. 04: Re-fixation of Rate of Interest in Different Sectors,Not Available,19/04/09,04
https://www.bb.org.bd/mediaroom/circulars/brpd/apr192009brpd03.pdf,BRPD Circular No. 03: Relaxation of Loan Re-scheduling Policy,Not Available,19/04/09,03
https://www.bb.org.bd/mediaroom/circulars/acspd/apr162009acspdl05.pdf,ACSPD Circular Letter No. 05: Refinance Scheme in Housing Sector,Not Available,16/04/09,05
https://www.bb.org.bd/mediaroom/circulars/dcmps/apr152009dcmps03.pdf,DCMPS Circular No. 03 : Correction of ID Manual,Not Available,15/04/09,03
https://www.bb.org.bd/mediaroom/circulars/fepd/apr092009fepd01.pdf,FE Circular No. 01: Guidelines on Foreign Loans by Non-Bank Financial Institutions.,Not Available,09/04/09,01
https://www.bb.org.bd/mediaroom/circulars/feid/apr082009feidl01.pdf,"FEID Circular Letter No. 01: Sending necessary information/documents to Foreign Exchange Investment Department for getting Permission/Renewal/Inclusion under Section 18A & 18B of Foreign Exchange Regulation Act, 1947.",Not Available,08/04/09,01
https://www.bb.org.bd/mediaroom/circulars/feid/apr082009feidl02.pdf,"FEID Circular Letter No. 02: Sending necessary information/documents to Foreign Exchange Investment Department for getting Permission/Renewal/Inclusion under Section 18A & 18B of Foreign Exchange Regulation Act, 1947.",Not Available,08/04/09,02
https://www.bb.org.bd/mediaroom/circulars/fid/apr012009fidl07.pdf,DFIM Circular Letter No. 07 : Financial Institutions remain closed on the eve of Parliamentary Election,Not Available,01/04/09,07
https://www.bb.org.bd/mediaroom/circulars/acspd/mar312009acspdl04.pdf,"ACSPD Circular Letter No. 04 : Inclusion of ""Jujube (var. BAU Kul & Apple Kul)"" cultivation in the Norms for Agricultural/Rural Credit Programme for the Financial year 2008-2009.",Not Available,31/03/09,04
https://www.bb.org.bd/mediaroom/circulars/dos/mar312009dosl08.pdf,"DOS Circular Letter No. 08 : Scheduled banks to remain closed on the occasion of Election for the postponed seats of Upazila Election held on 22 January,2009",Not Available,31/03/09,08
https://www.bb.org.bd/mediaroom/circulars/dos/mar312009dosl07.pdf,"DOS Circular Letter No. 07 : Scheduled banks to remain closed on the occasion of Election for the vacant seats of 9th Parliamentary Election held on 29 Decembar,2008",Not Available,31/03/09,07
https://www.bb.org.bd/mediaroom/circulars/dcmps/mar252009dcmps02.pdf,DCMPS Circular No. 02: Returning of Damaged and Old 1000 Tk Note,Not Available,25/03/09,02
https://www.bb.org.bd/mediaroom/circulars/fid/mar232009fid02.pdf,DFIM Circular No. 02: New 5.00(Five) Tk. Tax Stamp,Not Available,23/03/09,02
https://www.bb.org.bd/mediaroom/circulars/dcmps/mar162009dcmps01.pdf,DCMPS Circular No. 01: Correction of Issue Department Manual,Not Available,16/03/09,01
https://www.bb.org.bd/mediaroom/circulars/acspd/mar162009acspdl03.pdf,ACSPD Circular Letter No. 03 : Women entrepreneur refinance scheme under small & medium enterprise sector.,Not Available,16/03/09,03
https://www.bb.org.bd/mediaroom/circulars/dos/mar232009dos01.pdf,DOS Circular No. 01: Procedure of Imposing of Penal Interest and Rate thereof due to Failure in Maintaining Cash Reserve (CRR) by the Scheduled Banks,Not Available,03/03/09,01
https://www.bb.org.bd/mediaroom/circulars/fid/mar022009fidl06.pdf,"DFIM Circular Letter No. 06 : Specimen signature - Mr. Santi Ranjan Das, General Manager",Not Available,02/03/09,06
https://www.bb.org.bd/mediaroom/circulars/acspd/mar022009acspdl02.pdf,ACSPD Circular Letter No.2: Women entrepreneur refinance scheme under small & medium enterprise sector.,Not Available,02/03/09,2
https://www.bb.org.bd/mediaroom/circulars/fid/mar172009fid01.pdf,DFIM Circular No. 01 : Regarding Renaming of Financial Institution,Not Available,17/02/09,01
https://www.bb.org.bd/mediaroom/circulars/fid/feb092009fidl05.pdf,DFIM Circular Letter No. 05: Regarding Statement of Lease/Loan Payment/ Business Activities of FIs sent to BB,Not Available,09/02/09,05
https://www.bb.org.bd/mediaroom/circulars/acspd/feb022009acspdl01.pdf,ACSPD Circular Letter No. 01 : Submission of Quarterly Statement regarding disbursement of credit against Revolving Crop Credit System and in Favour of Landless and Share-Croppers,Not Available,02/02/09,01
https://www.bb.org.bd/mediaroom/circulars/dos/jan282009dosl05.pdf,DOS Circular Letter No. 05 : Marking to Market based Revaluation of Treasury Bill and Bond held by the Banking Company,Not Available,28/01/09,05
https://www.bb.org.bd/mediaroom/circulars/fid/jan202009fidl04.pdf,DFIM Circular Letter No. 04: Financial Institutions remain closed on the eve Upozilla Election/2009,Not Available,20/01/09,04
https://www.bb.org.bd/mediaroom/circulars/dos/jan192009dosl04.pdf,DOS Circular Letter No. 04 : Scheduled banks to remain closed on the eve of Upazila Election/2009,Not Available,19/01/09,04
https://www.bb.org.bd/mediaroom/circulars/fid/jan152009fidl03.pdf,DFIM Circular Letter No. 03 : Holidays for the year of 2009,Not Available,15/01/09,03
https://www.bb.org.bd/mediaroom/circulars/fid/jan062009fidl02.pdf,DFIM Circular Letter No. 02: Regarding Signature of Managing Director/Chief Executive in Different Letters/Documents Submitted to BB,Not Available,06/01/09,02
https://www.bb.org.bd/mediaroom/circulars/fid/jan052009fidl01.pdf,DFIM Circular Letter No. 01 : Bank Holiday for Mahorram (Ashura),Not Available,05/01/09,01
https://www.bb.org.bd/mediaroom/circulars/dos/jan052009dosl01.pdf,DOS Circular Letter No. 01 : Bank Holiday on Muharram (Holy Ashura),Not Available,05/01/09,01
https://www.bb.org.bd/mediaroom/circulars/fid/dec2808lfid12.pdf,Financial Institutions remain closed on the eve of 9th Parliamentary Election/2008,Not Available,28/12/08,
https://www.bb.org.bd/mediaroom/circulars/dos/dec242008dosl12.pdf,DOS Circular Letter No. 12: Scheduled banks to remain closed on the eve of 9th Parliamentary Election/2008,Not Available,24/12/08,12
https://www.bb.org.bd/mediaroom/circulars/dos/dec242008dosl11.pdf,"DOS Circular Letter No. 11: Sonali, Janata and Argani Bank Ltd. to keep necessary number of branches remain open on 27th December, 2008 (Saturday - weekly holiday) to facilitate upcoming 9th Parliamentary Election",Not Available,24/12/08,11
https://www.bb.org.bd/mediaroom/circulars/acspd/dec222008acspdl10.pdf,"ACSPD Circular Letter No. 10 : Inclusion of ""Litchi"" cultivation in the Norms for Agricultural/Rural Credit Programme for the Financial year 2008-2009",Not Available,22/12/08,10
https://www.bb.org.bd/mediaroom/circulars/eef/dec042008eef28.pdf,EEF Circular No. 28 : Equity and Entrepreneurship Fund (EEF)- EEF assistance for Agro-based and Food Processing Projects,Not Available,04/12/08,28
https://www.bb.org.bd/mediaroom/circulars/dos/dec022008dosl10.pdf,"DOS Circular Letter No. 10 : Bank branches open on weekly holiday, Saturday, for Eid-ul-Azha.",Not Available,02/12/08,10
https://www.bb.org.bd/mediaroom/circulars/acspd/nov032008acspdl09.pdf,ACSPD Circular Letter No. 09 : Financing to BroadBand & IT Sector investing enterprenuer from SME Sector,Not Available,03/11/08,09
https://www.bb.org.bd/mediaroom/circulars/acspd/oct302008acspdl08.pdf,ACSPD Circular Letter No. 08 : Disbursement of Loan to Cultivator of Salt & Owner of Salt Mill during the Salt Season of 2008-2009.,Not Available,30/10/08,08
https://www.bb.org.bd/mediaroom/circulars/acspd/oct302008acspdl07.pdf,ACSPD Circular Letter No. 07 : Identification of Agrobased Industry,Not Available,30/10/08,07
https://www.bb.org.bd/mediaroom/circulars/acspd/oct202008acspd12.pdf,ACSPD Circular No. 12 : Relaxing of Agricultural Credit Disbursement in favour of Share-cropper & Landless farmers,Not Available,20/10/08,12
https://www.bb.org.bd/mediaroom/circulars/fepd/oct1408fepd14.pdf,"FE Circular No. 14 : Amendmant of FE Circular No-13, Date : 20-09-2008",Not Available,14/10/08,14
https://www.bb.org.bd/mediaroom/circulars/brpd/sep302008brpdl-.pdf,BRPD Circular Letter No. -Rationalization of Charges/ fees/ Commission collected for the services by the banks,Not Available,30/09/08,
https://www.bb.org.bd/mediaroom/circulars/acspd/sep292008acspd11.pdf,ACSPD Circular No. 11: Disbursement of Revolving Credit in Agricultural Sector,Not Available,29/09/08,11
https://www.bb.org.bd/mediaroom/circulars/acspd/sep292008acspd10.pdf,ACSPD Circular No. 10: Disbursement of Agricultural/Rural Credit,Not Available,29/09/08,10
https://www.bb.org.bd/mediaroom/circulars/dos/09242008dosl09.pdf,"DOS Circular Letter No. 09: All Authorised Dealer (AD) bank branches of Dhaka, Chittagong and branches situated at Custom Houses of all the Sea/River and Land Ports of the country to remain partially open on Holy Shab-e-Qadr holiday, the 28th September, 2008",Not Available,24/09/08,09
https://www.bb.org.bd/mediaroom/circulars/dos/sep2308dosl08.pdf,"DOS Circular Letter No. 08 : Payment of salary and pension for the month of September-2008 to all Non-Gazetted employees working in Government, Non Government, Autonomous Bodies and also to Non-Commissioned Officers & employees of Armed Forces as well as Retired Government service holders on 24th September/2008 for Eid-ul-Fitr",Not Available,23/09/08,08
https://www.bb.org.bd/mediaroom/circulars/fepd/09222008fepd13.pdf,FE Circular No. 13 : Reporting for Foreign Exchange transactions conducted by industrial enterprise of EPZs(Including off-shore banking units) and KAFCO,Not Available,22/09/08,13
https://www.bb.org.bd/mediaroom/circulars/fepd/09212008fepd12.pdf,FE Circular No. 12 : Some Amendments to Instructions for Money Changers.,Not Available,21/09/08,12
https://www.bb.org.bd/mediaroom/circulars/fepd/09212008fepd11.pdf,"FE Circular No. 11 : Some Amendments to Guidelines for Foreign Exchange Transactions, 1996 (Vol-1)",Not Available,21/09/08,11
https://www.bb.org.bd/mediaroom/circulars/fepd/09082008fepd09.pdf,"FE Circular No. 09 : Ammendment of F.E circular no. 07, dated August 14, 2008",Not Available,08/09/08,09
https://www.bb.org.bd/mediaroom/circulars/acspd/sep022008acspd06.pdf,"ACSPD Circular Letter No. 06:Inclusion of ""Litchi"" cultivation in the Norms for Agricultural/Rural Credit Programme for the Financial year 2008-2009",Not Available,02/09/08,06
https://www.bb.org.bd/mediaroom/circulars/fid/sep012008fidl11.pdf,"DFIM Circular Letter No. 11 : Specimen signature : Mr. Md. Masum patwary, Deputy General Manager",Not Available,01/09/08,11
https://www.bb.org.bd/mediaroom/circulars/fepd/aug312008fepd08.pdf,FE Circular No. 08 : Export subsidy/Cash incentive for FY : 2008-2009,Not Available,31/08/08,08
https://www.bb.org.bd/mediaroom/circulars/acspd/aug272008acspdl05.pdf,ACSPD Circular Letter No. 05 : Definition Regarding Small & Medium Enterprises,Not Available,27/08/08,05
https://www.bb.org.bd/mediaroom/circulars/fid/aug272008fidl10.pdf,DFIM Circular Letter No. 10 : Financial Institutions office timetable of Ramjan-2008,Not Available,27/08/08,10
https://www.bb.org.bd/mediaroom/circulars/dos/aug212008dosl07.pdf,DOS Circular Letter No. 07 : Office hours and Transactions period of Banks during the Holy Ramadan,Not Available,21/08/08,07
https://www.bb.org.bd/mediaroom/circulars/fepd/aug142008fepd07.pdf,FE Circular No. 07: Allotment of new codes for the purpose of reporting foreign exchange transactions,Not Available,14/08/08,07
https://www.bb.org.bd/mediaroom/circulars/dos/aug032008dosl06.pdf,"DOS Circular Letter No. 06: Bank Holiday on ""City Corporation & Municipality Election/2008 """,Not Available,03/08/08,06
https://www.bb.org.bd/mediaroom/circulars/acspd/jul312008acspd09.pdf,ACSPD Circular No. 09 : Norms for Agricultural/Rural Credit Programme for the Financial year (2008-2009),Not Available,31/07/08,09
https://www.bb.org.bd/mediaroom/circulars/fid/jul242008fidl08e.pdf,"DFIM Circular Letter No. 08 : Specimen Signature : Mohammad Naushad Ali Chowdhury, General Manager",Not Available,24/07/08,08
https://www.bb.org.bd/mediaroom/circulars/eef/jul062008eef27.pdf,EEF Circular No. 27 : Personal Guarantee for EEF (IT) Projects,Not Available,06/07/08,27
https://www.bb.org.bd/mediaroom/circulars/aml/jun292008aml17.pdf,"AML Circular No. 17: Anti Terrorism Ordinance, 2008",Not Available,29/06/08,17
https://www.bb.org.bd/mediaroom/circulars/acspd/jun262008acspdl04.pdf,ACSPD Circular Letter No. 04 : Identification of Agrobased Industry,Not Available,26/06/08,04
https://www.bb.org.bd/mediaroom/circulars/acspd/jun122008acspdl03.pdf,ACSPD Circular Letter No. 03: To Increase Bangladesh Bank fund in SME Sector,Not Available,12/06/08,03
https://www.bb.org.bd/mediaroom/circulars/dos/may262008dosl05.pdf,DOS Circular Letter No. 05 : Marking to market based revaluation of treasury bill and bond held by the banking company,Not Available,26/05/08,05
https://www.bb.org.bd/mediaroom/circulars/acspd/may262008acspd08.pdf,ACSPD Circular No. 08: Indifferent Defination of Small & Medium Enterprise sector,Not Available,26/05/08,08
https://www.bb.org.bd/mediaroom/circulars/acspd/may262008acspdl02.pdf,ACSPD Circular Letter No. 02: Extending loan to Small & Medium Enterprise (SME) sectors,Not Available,26/05/08,02
https://www.bb.org.bd/mediaroom/circulars/fepd/may252008fepdl655.pdf,FEPD Circular Letter No. 655 : Payment in Foreign Currency of Local Back to Back LC issued in Foreign Currency,Not Available,25/05/08,655
https://www.bb.org.bd/mediaroom/circulars/acspd/may152008acspd07.pdf,ACSPD Circular Letter No. 07 Amendment of Refinance scheme in housing sector,Not Available,15/05/08,07
https://www.bb.org.bd/mediaroom/circulars/fid/may142008fidl07e.pdf,"DFIM Circular Letter No. 07: Financial Institute Holiday on ""Buddha Purnima (Baishakhi Purnima)""",Not Available,14/05/08,07
https://www.bb.org.bd/mediaroom/circulars/dos/may142008dosl04.pdf,"DOS Circular Letter No. 04 : Bank Holiday on ""Buddha Purnima (Baishakhi Purnima)",Not Available,14/05/08,04
https://www.bb.org.bd/mediaroom/circulars/fid/may132008fid04.pdf,"DFIM Circular No. 04: Exemption of UAE-Bangladesh Investment Co Ltd (UBCO) from the administration of Financial Institute Regulation, 1994 section 4(ka)",Not Available,13/05/08,04
https://www.bb.org.bd/mediaroom/circulars/acspd/may052008acspd06.pdf,ACSPD Circular No. 06 : Refinance Scheme for Women Entrepreneurs in Small & Medium Enterprizes (SMEs),Not Available,05/05/08,06
https://www.bb.org.bd/mediaroom/circulars/acspd/may042008acspd05.pdf,ACSPD Circular No. 05 : Financinng for Small & Medium Entrepreneurs (SMEs),Not Available,04/05/08,05
https://www.bb.org.bd/mediaroom/circulars/fid/apr292008fid03.pdf,DFIM Circular No. 03: Appointment of Adviser in FIs,Not Available,29/04/08,03
https://www.bb.org.bd/mediaroom/circulars/aml/apr1508aml16.pdf,"AML Circular No 16: Money Laundaring Prevention Ordinance, 2008",Not Available,29/04/08,16
https://www.bb.org.bd/mediaroom/circulars/eef/apr272008eef26.pdf,EEF Circular No. 26 : Equity and Entrepreneurship Fund(EEF)- EEF assistance for IT Project,Not Available,27/04/08,26
https://www.bb.org.bd/mediaroom/circulars/frtmd/apr232008frtmd01.pdf,FRTMD Circular No. 01: Adjustment of Loan under Export Development Fund,Not Available,23/04/08,01
https://www.bb.org.bd/mediaroom/circulars/fid/apr222008dfim06.pdf,DFIM circular Letter No 06: Specimen Signature of Deputy General Manager,Not Available,22/04/08,06
https://www.bb.org.bd/mediaroom/circulars/brpd/apr202008brpdl04.pdf,"BRPD Circular Letter No. 04: The Oriental Bank Ltd. (Reconstruction) Scheme, 2007",Not Available,20/04/08,04
https://www.bb.org.bd/mediaroom/circulars/fepd/apr172008fepd03.pdf,"FE Circular No. 03: Foreign currency converted to Taka by Tourist/NRB during visit to Bangladesh, leftover amount will be re-converted during their return",Not Available,17/04/08,03
https://www.bb.org.bd/mediaroom/circulars/acspd/mar302008acspd04.pdf,ACSPD Circular No. 04: Credit Norms for Agricultural/Rural Credit Programme for FY 2007-2008,Not Available,30/03/08,04
https://www.bb.org.bd/mediaroom/circulars/aml/mar2408aml15.pdf,AML Circular No 15: Instruction to be followed regarding compliance of Self Assessment and Independent Testing Procedures Under Para 6.5 and 6.6 respectively of Guidance Notes on Prevention of Money Laundering.,Not Available,24/03/08,15
https://www.bb.org.bd/mediaroom/circulars/acspd/mar182008acspd03.pdf,ACSPD Circular No. 03: Disbursement of New Loan and Rescheduling of Old Loan in favour of the Recent Bird-Flu Affected Poultry Sector.,Not Available,18/03/08,03
https://www.bb.org.bd/mediaroom/circulars/acspd/mar182008acspd02.pdf,ACSPD Circular No. 02: Re-finance Scheme for Women Entrepreneurs in Small & Medium Enterprises,Not Available,18/03/08,02
https://www.bb.org.bd/mediaroom/circulars/fid/mar122008fidl05.pdf,DFIM Circular Letter No. 05,Not Available,12/03/08,05
https://www.bb.org.bd/mediaroom/circulars/frtmd/mar052008frtmdl01.pdf,FRTMD Circular Letter No. 01/2008-797 : Liquidity Support for Primary Dealers,Not Available,05/03/08,01
https://www.bb.org.bd/mediaroom/circulars/fid/feb272008fidl04.pdf,DFIM Circular Letter No. 04,Not Available,27/02/08,04
https://www.bb.org.bd/mediaroom/circulars/acspd/feb072008acspd01.pdf,ACSPD Circular No. 01 : Relaxation of Credit Norms for Agricultural/Rural Credit Programme,Not Available,07/02/08,01
https://www.bb.org.bd/mediaroom/circulars/fid/jan302008fid01.pdf,DFIM Circular No. 01,Not Available,30/01/08,01
https://www.bb.org.bd/mediaroom/circulars/fid/jan302008fid02.pdf,DFIM Circular No. 02 Issuing licensed of Financial Institutes,Not Available,30/01/08,02
https://www.bb.org.bd/mediaroom/circulars/dos/jan242008dosl03.pdf,DOS Circular Letter No. 03 : Amendment of Name of the Department,Not Available,24/01/08,03
https://www.bb.org.bd/mediaroom/circulars/fid/jan162008fidl03.pdf,DFIM Circular Letter No. 03 Holidays for Moharrum (Ashura),Not Available,16/01/08,03
https://www.bb.org.bd/mediaroom/circulars/dos/jan1608dosl02.pdf,DOS Circular Letter No. 02 : Bank Holiday on Muharram,Not Available,16/01/08,02
https://www.bb.org.bd/mediaroom/circulars/fid/jan132008fidl02.pdf,DFIM Circular Letter No. 02 Specimen Signature of General Manager,Not Available,13/01/08,02
https://www.bb.org.bd/mediaroom/circulars/dos/jan0208dosl01.pdf,DOS Circular Letter No. 01 : Specimen Signature,Not Available,02/01/08,01
https://www.bb.org.bd/mediaroom/circulars/acspd/jan0108acspdl01.pdf,ACSPD Circular Letter No 01: Refinance scheme in housing sector,Not Available,01/01/08,01
https://www.bb.org.bd/mediaroom/circulars/dos/dec1307dosl12.pdf,"DOS Circular Letter No 12 : Payment of salary and pension for the month of December-2007 to all Non-Gazetted employees working in Government, Non-Government, Autonomous Bodies and also to Non-Commissioned Officers & employees of Armed Forces as well as Retired Government service holders on 18th December/2007 for Eid-ul-Azha.",Not Available,13/12/07,12
https://www.bb.org.bd/mediaroom/circulars/eef/dec122007eefl01.pdf,EEF Circular Letter No. 01 : Equity and Enterpreneurship Fund (EEF),Not Available,12/12/07,01
https://www.bb.org.bd/mediaroom/circulars/fid/dec1207dfiml10.pdf,DFIM Circular Letter No.10: Holidays for the year of 2008,Not Available,12/12/07,10
https://www.bb.org.bd/mediaroom/circulars/eef/dec1207eef25.pdf,EEF Circular No 25 : Equity finance to IT Project,Not Available,06/12/07,25
https://www.bb.org.bd/mediaroom/circulars/acspd/nov1907acspd05.pdf,ACSPD Circular No 05: Regarding agriculture loan re-scheduling and distributing new loan to the farmers for cyclone affected area,Not Available,19/11/07,05
https://www.bb.org.bd/mediaroom/circulars/dcmps/nov182007dcmpsl01.pdf,DCMPS Circular Letter No. Fake notes:01(Policy)/2007-309 : Steps to be taken to prevent the intrusion of fake notes in Banking transaction,Not Available,18/11/07,
https://www.bb.org.bd/mediaroom/circulars/brpd/nov0507brpd11.pdf,BRPD Circular No 11: Regarding formulation and duration of executive committee and qualification of director of bank-company,Not Available,05/11/07,11
https://www.bb.org.bd/mediaroom/circulars/fepd/oct2907fe147.pdf,Circular Letter No FEPD(LDA-1)147/2007-1468 : Policy for Drawing arrangements regarding Wage Earners Remittance,Not Available,29/10/07,
https://www.bb.org.bd/mediaroom/circulars/frtmd/oct2507frtmd03.pdf,FRTMD Circular No 03: Regarding Export Development Fund,Not Available,25/10/07,03
https://www.bb.org.bd/mediaroom/circulars/brpd/oct2407brpdl09.pdf,"BRPD Circular Letter No 09: Bank-Company (amendment) Order, 2007",Not Available,24/10/07,09
https://www.bb.org.bd/mediaroom/circulars/fid/oct0807dfiml09.pdf,"DFIM Circular No 09: Policy Regarding Responsibilities of Executive Directors, Chairman, Chief Executive/Managing Director of Financial Institutes",Not Available,08/10/07,09
https://www.bb.org.bd/mediaroom/circulars/acspd/sep3007acspdl05.pdf,ACSPD Circular Letter No. 05 : Regarding investment of surplus liquidity on productive/SME scheme,Not Available,30/09/07,05
https://www.bb.org.bd/mediaroom/circulars/fid/sep2607dfiml08.pdf,DFIM Circular Letter No 08: Monthly statement of loan/lease write off,Not Available,26/09/07,08
https://www.bb.org.bd/mediaroom/circulars/dos/sep2607dosl11.pdf,"DOS Circular Letter No 11 : All scheduled bank branches open on weekly holiday, Saturday, 29th September, 2007 for collection of NAtional Revenue.",Not Available,26/09/07,11
https://www.bb.org.bd/mediaroom/circulars/fid/sep2507dfim07.pdf,"DFIM Circular No 07: Policy Regarding Responsibilities of Executive Directors, Chairman, Chief Executive/Managing Director of Financial Institutes",Not Available,25/09/07,07
https://www.bb.org.bd/mediaroom/circulars/brpd/sep2407brpdl08.pdf,"BRPD Circular No. 08 : About maintaining normal business activities, employment opportunity and productivity in industrial and business organization.",Not Available,24/09/07,08
https://www.bb.org.bd/mediaroom/circulars/brpd/sep1807brpdl07.pdf,BRPD Circular Letter No. 07 : Regarding recruitment of advisor for Bank-Company,Not Available,18/09/07,07
https://www.bb.org.bd/mediaroom/circulars/dos/sep1107dosl10.pdf,DOS Circular Letter No. 10 : Office hours and Transactions period of Banks during the Holy Ramadan,Not Available,11/09/07,10
https://www.bb.org.bd/mediaroom/circulars/acspd/sep0207acspdl04.pdf,ACSPD Circular Letter No. 04 : Refinance in Housing Scheme,Not Available,02/09/07,04
https://www.bb.org.bd/mediaroom/circulars/dos/aug2707dos09.pdf,DOS Circular Letter No. 09 : Bank Holiday on Holy Shab-e-Barat,Not Available,27/08/07,09
https://www.bb.org.bd/mediaroom/circulars/fepd/aug1607fe03.pdf,FE Circular No. 03 : Subsidy on export for the financial year 2007-2008,Not Available,16/08/07,03
https://www.bb.org.bd/mediaroom/circulars/acspd/aug0807acspd04.pdf,ACSPD Circular No. 04 : After flood agricultural loan rehabilitation and give new loan to the farmers,Not Available,07/08/07,04
https://www.bb.org.bd/mediaroom/circulars/fid/aug0507dfim06.pdf,DFIM Circular No-06: Regarding renaming of Financial Institute,Not Available,05/08/07,
https://www.bb.org.bd/mediaroom/circulars/fid/jul2507fid05.pdf,DFIM Circular No. 05 : Regarding renaming of Financial Institute,Not Available,25/07/07,05
https://www.bb.org.bd/mediaroom/circulars/acspd/jul1807acspd03.pdf,ACSPD Circular No. 03 : Refinance in Housing Scheme,Not Available,18/07/07,03
https://www.bb.org.bd/mediaroom/circulars/acspd/july1607acspd02.pdf,ACSPD Circular No. 02 : Norms for Agricultural/Rural Credit Programme for the Financial year (2007-2008) A.D./1414-1415,Not Available,16/07/07,02
https://www.bb.org.bd/mediaroom/circulars/dos/jul1507dosl08.pdf,"DOS Circular Letter No. 08 : Remaining some Scheduled bank branches open on weekly holiday, Saturday from 9.00 A.M to 5.00 P.M to facilitate payment for the food grains procurement programme of the Ministry of Food and Disaster Management.",Not Available,15/07/07,08
https://www.bb.org.bd/mediaroom/circulars/fepd/july1107fe02.pdf,FE Circular No. 02 : Implementation of new import policy order 2006-2009 and Registration of LCA Form,Not Available,11/07/07,02
https://www.bb.org.bd/mediaroom/circulars/fid/jul1107fid04.pdf,DFIM Circular No. 04 : Regarding recruitment of Managing Director or Chief Executive/Advisor of Financial Institute,Not Available,11/07/07,04
https://www.bb.org.bd/mediaroom/circulars/dcmps/jul042007dcmpsl01.pdf,DCMPS Circular Letter No. Fake notes:01(Policy)/2007-191 : Steps to be taken by the Scheduled Banks after detection of fake notes,Not Available,04/07/07,
https://www.bb.org.bd/mediaroom/circulars/fid/jun2807fidl04.pdf,DFIM Circular Letter No. 04 : Regulation for rescheduling of Loan/lease accounts,Not Available,28/06/07,04
https://www.bb.org.bd/mediaroom/circulars/dos/june2607dosl07.pdf,"DOS Circular Letter No. 07 : Scheduled Bank Branch open on 29 and 30 june, 2007",Not Available,26/06/07,07
https://www.bb.org.bd/mediaroom/circulars/frtmd/jun252007frtmdl02.pdf,FRTMD Circular Letter No. 02 : Regarding correction of guidelines of Primary Dealers' Obligations in Primary Auctions,Not Available,25/06/07,02
https://www.bb.org.bd/mediaroom/circulars/frtmd/jun252007frtmdl01.pdf,FRTMD Circular Letter No. 01 : Regarding issue of Bangladesh Government Treasury Bond (BGTB) based on Par value (Face Value),Not Available,25/06/07,01
https://www.bb.org.bd/mediaroom/circulars/fid/may0907fidl03.pdf,DFIM Circular Letter No. 03 : Change name of Financial Institute Department,Not Available,09/05/07,03
https://www.bb.org.bd/mediaroom/circulars/dos/apr2907dosl06.pdf,DOS Circular Letter No. 06: Holiday on Buddah Purnuma,Not Available,29/04/07,06
https://www.bb.org.bd/mediaroom/circulars/eef/mar1807eef24.pdf,EEF Circular No. 24 : Equity and Entrepreneurship Fund(EEF),Not Available,18/04/07,24
https://www.bb.org.bd/mediaroom/circulars/dos/mar2507dosl05.pdf,DOS Circular Letter No. 05: Statement of Top-20 Defaulters,Not Available,25/03/07,05
https://www.bb.org.bd/mediaroom/circulars/fid/mar1507fid03.pdf,FID Circular No. 03: Policy for Write Off of Loan/Lease,Not Available,15/03/07,03
https://www.bb.org.bd/mediaroom/circulars/dos/feb0807dos04.pdf,DOS Circular Letter No. 04,Not Available,08/03/07,04
https://www.bb.org.bd/mediaroom/circulars/fid/mar0507fid02.pdf,FID Circular No. 02: Policy for Rescheduling of Loan/Lease,Not Available,05/03/07,02
https://www.bb.org.bd/mediaroom/circulars/acspd/mar0407acspd02.pdf,ACSPD Circular No. 02,Not Available,04/03/07,02
https://www.bb.org.bd/mediaroom/circulars/fid/feb1207fid01.pdf,FID Circular No. 01: Renaming of Financial Institute,Not Available,12/02/07,01
https://www.bb.org.bd/mediaroom/circulars/dos/feb0807dos01.pdf,DOS Circular No. 01,Not Available,08/02/07,01
https://www.bb.org.bd/mediaroom/circulars/acspd/feb072007acspd01.pdf,ACSPD Circular No. 01: Refinance Scheme for Women Enterprenure at Small Enterprises Sector,Not Available,07/02/07,01
https://www.bb.org.bd/mediaroom/circulars/dos/feb0707dos03.pdf,DOS Circular Letter No. 03,Not Available,07/02/07,03
https://www.bb.org.bd/mediaroom/circulars/dos/jan2807dosl02.pdf,DOS Circular Letter No. 02,Not Available,28/01/07,02
https://www.bb.org.bd/mediaroom/circulars/acspd/jan1107acspdl01.pdf,ACSPD Circular No. 01,Not Available,11/01/07,01
https://www.bb.org.bd/mediaroom/circulars/dos/jan1007dosl01.pdf,DOS Circular Letter No. 01,Not Available,10/01/07,01
https://www.bb.org.bd/mediaroom/circulars/dos/dec2806dos26.pdf,DOS Circular Letter No. 26,Not Available,28/12/06,26
https://www.bb.org.bd/mediaroom/circulars/dos/dec2406dos25.pdf,DOS Circular Letter No. 25,Not Available,24/12/06,25
https://www.bb.org.bd/mediaroom/circulars/dos/dec2406dos24.pdf,DOS Circular Letter No. 24,Not Available,24/12/06,24
https://www.bb.org.bd/mediaroom/circulars/dos/dec2106dos23.pdf,DOS Circular Letter No. 23,Not Available,21/12/06,23
https://www.bb.org.bd/mediaroom/circulars/dos/dec2106dos22.pdf,DOS Circular Letter No. 22,Not Available,21/12/06,22
https://www.bb.org.bd/mediaroom/circulars/dos/dec1806dos21.pdf,DOS Circular Letter No. 21,Not Available,18/12/06,21
https://www.bb.org.bd/mediaroom/circulars/dos/dec1806dos20.pdf,DOS Circular Letter No. 20,Not Available,18/12/06,20
https://www.bb.org.bd/mediaroom/circulars/law/dec1006law01.pdf,Law Circular-01,Not Available,10/12/06,
https://www.bb.org.bd/mediaroom/circulars/dos/dec0706dosl18.pdf,DOS Circular Letter No. 18,Not Available,07/12/06,18
https://www.bb.org.bd/mediaroom/circulars/dos/nov2806dosl17.pdf,DOS Circular Letter No. 17,Not Available,28/11/06,17
https://www.bb.org.bd/mediaroom/circulars/dos/nov1606dosl16.pdf,DOS Circular Letter No. 16,Not Available,16/11/06,16
https://www.bb.org.bd/mediaroom/circulars/dos/oct1906dosl15.pdf,DOS Circular Letter No. 15,Not Available,19/10/06,15
https://www.bb.org.bd/mediaroom/circulars/dos/oct1606dos14.pdf,DOS Circular Letter No. 14,Not Available,16/10/06,14
https://www.bb.org.bd/mediaroom/circulars/dos/oct1206dos13.pdf,DOS Circular Letter No. 13,Not Available,12/10/06,13
https://www.bb.org.bd/mediaroom/circulars/acspd/oct1006acspd03.pdf,ACSPD Circular No. 03: Agricultural credit at 2% interest rate on some products,Not Available,10/10/06,03
https://www.bb.org.bd/mediaroom/circulars/eef/sep2506eef23.pdf,EEF Circular No. 23,Not Available,25/09/06,23
https://www.bb.org.bd/mediaroom/circulars/eef/sep2506eef22.pdf,EEF Circular No. 22,Not Available,25/09/06,22
https://www.bb.org.bd/mediaroom/circulars/dos/sep2106dos12.pdf,DOS Circular No. 12: Office time table in the month of Ramadan,Not Available,21/09/06,12
https://www.bb.org.bd/mediaroom/circulars/fid/sep1906fid08.pdf,FID Circular No. 8: New FI under FI act 1993,Not Available,19/09/06,8
https://www.bb.org.bd/mediaroom/circulars/dos/sep1106dosl10.pdf,DOS Circular No. 10:Reconciliation of Marking to Market based treasury bills and bond,Not Available,11/09/06,10
https://www.bb.org.bd/mediaroom/circulars/dos/sep1106dos11.pdf,DOS Circular No. 11: About keep opening Bank Branch of Ports' Custom Office on holiday,Not Available,11/09/06,11
https://www.bb.org.bd/mediaroom/circulars/fepd/aug2406fe08.pdf,FE Circular No. 8,Not Available,24/08/06,8
https://www.bb.org.bd/mediaroom/circulars/fepd/aug1406fe06.pdf,FE Circular No. 6,Not Available,14/08/06,6
https://www.bb.org.bd/mediaroom/circulars/dos/july2706dosl09.pdf,DOS Circular No. 9,Not Available,27/07/06,9
https://www.bb.org.bd/mediaroom/circulars/fid/july1806fid05.pdf,FID Circular No. 5: About Interest rate policy,Not Available,18/07/06,5
https://www.bb.org.bd/mediaroom/circulars/acspd/july0606acspd02.pdf,ACSPD Circular No. 2,Not Available,06/07/06,2
https://www.bb.org.bd/mediaroom/circulars/dos/jul2706dbodl08.pdf,DOS Circular No. 08 Corrigendum of Circular Letter 07,Not Available,27/06/06,08
https://www.bb.org.bd/mediaroom/circulars/dos/jul2706dbodl07.pdf,DOS Circular Letter No. 07 Bank Open On 30/06/2006,Not Available,27/06/06,07
https://www.bb.org.bd/mediaroom/circulars/fid/may2806fid04.pdf,FID Circular No. 04,Not Available,28/05/06,04
https://www.bb.org.bd/mediaroom/circulars/frtmd/may1506frtmd02.pdf,FRTMD Circular No-02,Not Available,15/05/06,
https://www.bb.org.bd/mediaroom/circulars/dos/may0406dosl06.pdf,DOS Circular No-06,Not Available,04/05/06,
https://www.bb.org.bd/mediaroom/circulars/dos/apr2506dosl05.pdf,DOS Circular No-05,Not Available,25/04/06,
https://www.bb.org.bd/mediaroom/circulars/dos/apr1806dosl04.pdf,DOS Circular No-04,Not Available,18/04/06,
https://www.bb.org.bd/mediaroom/circulars/fepd/apr1006fe05.pdf,FE Circular-05,Not Available,10/04/06,
https://www.bb.org.bd/mediaroom/circulars/dos/mar1206dosl03.pdf,DOS Circular No-03,Not Available,12/03/06,
https://www.bb.org.bd/mediaroom/circulars/fepd/feb2806fe03.pdf,Circular No. 03,Not Available,28/02/06,03
https://www.bb.org.bd/mediaroom/circulars/fepd/feb2606fe02.pdf,Circular No. 02,Not Available,26/02/06,02
https://www.bb.org.bd/mediaroom/circulars/fepd/feb0706fe01.pdf,Circular No. 01,Not Available,07/02/06,01
https://www.bb.org.bd/mediaroom/circulars/dos/feb0706dosl02.pdf,Circular Letter No. 01 - Cancellation of Predeclared Holiday on Muharram,Not Available,07/02/06,01
https://www.bb.org.bd/mediaroom/circulars/acspd/jan1606acspd01.pdf,ACSPD Circular No. 01,Not Available,16/01/06,01
https://www.bb.org.bd/mediaroom/circulars/dos/jan0906dosl01.pdf,BRPD Circular Letter No.01: Holidays for Eid.,Not Available,09/01/06,01
https://www.bb.org.bd/mediaroom/circulars/fepd/dec1505fe19.pdf,Circular No. 19,Not Available,15/12/05,19
https://www.bb.org.bd/mediaroom/circulars/fepd/dec0805fe18.pdf,Circular No. 18,Not Available,08/12/05,18
https://www.bb.org.bd/mediaroom/circulars/dos/dec2005dosl16.pdf,Circular Letter No. 16,Not Available,04/12/05,16
https://www.bb.org.bd/mediaroom/circulars/acspd/dec0405acspd03.pdf,ACSPD Circular No. 03,Not Available,04/12/05,03
https://www.bb.org.bd/mediaroom/circulars/frtmd/dec0105frtmd22.pdf,FRTMD Circular No. 22,Not Available,01/12/05,22
https://www.bb.org.bd/mediaroom/circulars/frtmd/dec0105frtmd21.pdf,FRTMD Circular No. 21,Not Available,01/12/05,21
https://www.bb.org.bd/mediaroom/circulars/dos/nov1005dosl15.pdf,Circular Letter No. 15: Govt. Holiday due to SAARC,Not Available,10/11/05,15
https://www.bb.org.bd/mediaroom/circulars/fid/oct3105fid11.pdf,FID Circular No. 11,Not Available,31/10/05,11
https://www.bb.org.bd/mediaroom/circulars/fepd/oct062005fepd15.pdf,FEPD Circular No. 15 : Cash subsidy against export of agricultural and agro-processed product,Not Available,06/10/05,15
https://www.bb.org.bd/mediaroom/circulars/dos/oct0505dosl14.pdf,Circular Letter No. 14: Office Transaction in Month of Ramadan,Not Available,05/10/05,14
https://www.bb.org.bd/mediaroom/circulars/dos/sep1505dosl12.pdf,Circular Letter No. 12,Not Available,15/09/05,12
https://www.bb.org.bd/mediaroom/circulars/fepd/sep0405fe14.pdf,Circular No. 14,Not Available,14/09/05,14
https://www.bb.org.bd/mediaroom/circulars/fid/sep1405fid09.pdf,FID Circular No. 09,Not Available,14/09/05,09
https://www.bb.org.bd/mediaroom/circulars/fepd/sep1305fe677.pdf,Circular Letter No. 677: Nostro Account Reconciliation,Not Available,13/09/05,677
https://www.bb.org.bd/mediaroom/circulars/dos/sep0705dosl.pdf,Circular Letter No. 11 - Weekly Bank Holiday,Not Available,07/09/05,11
https://www.bb.org.bd/mediaroom/circulars/dos/aug2905dosl10.pdf,Circular Letter No. 10,Not Available,29/08/05,10
https://www.bb.org.bd/mediaroom/circulars/frtmd/aug1605frtmd20.pdf,FRTMD Circular No. 20,Not Available,16/08/05,20
https://www.bb.org.bd/mediaroom/circulars/frtmd/aug1605frtmd19.pdf,FRTMD Circular No. 19,Not Available,16/08/05,19
https://www.bb.org.bd/mediaroom/circulars/frtmd/aug1605frtmd18.pdf,FRTMD Circular No. 18,Not Available,16/08/05,18
https://www.bb.org.bd/mediaroom/circulars/eef/aug0905eef21.pdf,EEF Circular No. 21,Not Available,09/08/05,21
https://www.bb.org.bd/mediaroom/circulars/frtmd/aug0305frtmd16.pdf,FRTMD Circular No. 16,Not Available,03/08/05,16
https://www.bb.org.bd/mediaroom/circulars/frtmd/aug0305frtmd17.pdf,FRTMD Circular No. 17,Not Available,03/08/05,17
https://www.bb.org.bd/mediaroom/circulars/fepd/jul2405fe12.pdf,Circular No. 12,Not Available,24/07/05,12
https://www.bb.org.bd/mediaroom/circulars/fid/jul2405fid08.pdf,FID Circular No. 08,Not Available,24/07/05,08
https://www.bb.org.bd/mediaroom/circulars/frtmd/jul2305frtmd14.pdf,FRTMD Circular No. 14,Not Available,23/07/05,14
https://www.bb.org.bd/mediaroom/circulars/frtmd/jul2305frtmd15.pdf,FRTMD Circular No. 15,Not Available,23/07/05,15
https://www.bb.org.bd/mediaroom/circulars/fid/jul1905fid07.pdf,FID Circular No. 07,Not Available,19/07/05,07
https://www.bb.org.bd/mediaroom/circulars/dos/july1905dosl09.pdf,Circular Letter No. 09,Not Available,19/07/05,09
https://www.bb.org.bd/mediaroom/circulars/acspd/july1905acspd02.pdf,ACSPD Circular No. 02,Not Available,19/07/05,02
https://www.bb.org.bd/mediaroom/circulars/fepd/jul1805fe11.pdf,Circular No. 11,Not Available,18/07/05,11
https://www.bb.org.bd/mediaroom/circulars/fid/jul1105fid06.pdf,FID Circular No. 06,Not Available,11/07/05,06
https://www.bb.org.bd/mediaroom/circulars/fepd/jul0605fe10.pdf,Circular No. 10,Not Available,06/07/05,10
https://www.bb.org.bd/mediaroom/circulars/eef/jul0305eef20.pdf,EEF Circular No. 20,Not Available,03/07/05,20
https://www.bb.org.bd/mediaroom/circulars/frtmd/jun2005frtmd09.pdf,FRTMD Circular No. 09,Not Available,20/06/05,09
https://www.bb.org.bd/mediaroom/circulars/frtmd/jun2005frtmd10.pdf,FRTMD Circular No. 10,Not Available,20/06/05,10
https://www.bb.org.bd/mediaroom/circulars/cib/jun1405cib02.pdf,CIB Circular No.02,Not Available,14/06/05,02
https://www.bb.org.bd/mediaroom/circulars/frtmd/jun1205frtmd05.pdf,FRTMD Circular No. 05,Not Available,12/06/05,05
https://www.bb.org.bd/mediaroom/circulars/frtmd/jun1205frtmd06.pdf,FRTMD Circular No. 06,Not Available,12/06/05,06
https://www.bb.org.bd/mediaroom/circulars/frtmd/jun1205frtmd07.pdf,FRTMD Circular No. 07,Not Available,12/06/05,07
https://www.bb.org.bd/mediaroom/circulars/frtmd/jun1205frtmd08.pdf,"FRTMD Circular No. 08: Regarding correction of Sanchayapatra Rules, 1977 ((Amended upto 30 June,2002))",Not Available,12/06/05,08
https://www.bb.org.bd/mediaroom/circulars/fepd/jun0805fe07.pdf,Circular No. 07,Not Available,08/06/05,07
https://www.bb.org.bd/mediaroom/circulars/fid/jun0805fid05.pdf,FID Circular No. 05,Not Available,08/06/05,05
https://www.bb.org.bd/mediaroom/circulars/fepd/jun0605fe06.pdf,Circular No. 06,Not Available,06/06/05,06
https://www.bb.org.bd/mediaroom/circulars/fid/jun0505fid04.pdf,FID Circular No. 04,Not Available,05/06/05,04
https://www.bb.org.bd/mediaroom/circulars/acspd/may1605acspdl01.pdf,ACSPD Circular Letter No. 01,Not Available,16/05/05,01
https://www.bb.org.bd/mediaroom/circulars/dos/may1405dosl07.pdf,Circular Letter No. 07,Not Available,14/05/05,07
https://www.bb.org.bd/mediaroom/circulars/brpd/apr2605brpd06.pdf,BRPD Circular No. 06 -Master Circular-Single Borrower Exposure Limit,Not Available,26/04/05,06
https://www.bb.org.bd/mediaroom/circulars/brpd/apr1305brpdl04.pdf,BRPD Circular Letter No. 04 -Submission of Statement,Not Available,13/04/05,04
https://www.bb.org.bd/mediaroom/circulars/dos/apr0805dosl06.pdf,Circular Letter No. 06,Not Available,08/04/05,06
https://www.bb.org.bd/mediaroom/circulars/frtmd/apr0305frtmd01.pdf,FRTMD Circular No. 01: Regarding pensioner shanchayapatra policy-2004,Not Available,03/04/05,01
https://www.bb.org.bd/mediaroom/circulars/frtmd/apr0305frtmd02.pdf,FRTMD Circular No. 02,Not Available,03/04/05,02
https://www.bb.org.bd/mediaroom/circulars/dos/apr0305dos05.pdf,Circular No. 05,Not Available,03/04/05,05
https://www.bb.org.bd/mediaroom/circulars/dos/mar2305dos03.pdf,Circular No. 03,Not Available,23/03/05,03
https://www.bb.org.bd/mediaroom/circulars/brpd/mar1005brpdl03.pdf,BRPD Circular Letter No. 03: Excessive Expenditure in Opening of New Bank Branches.,Not Available,10/03/05,03
https://www.bb.org.bd/mediaroom/circulars/fepd/mar0505fe04.pdf,Circular No. 04,Not Available,05/03/05,04
https://www.bb.org.bd/mediaroom/circulars/fepd/feb2305fe03.pdf,Circular No. 03,Not Available,23/02/05,03
https://www.bb.org.bd/mediaroom/circulars/brpd/feb1505brpd02.pdf,BRPD Circular No. 02: Policy on Loan Classification and Provisioning,Not Available,15/02/05,02
https://www.bb.org.bd/mediaroom/circulars/dos/feb0305dosl05.pdf,Circular Letter No. 04,Not Available,03/02/05,04
https://www.bb.org.bd/mediaroom/circulars/dos/jan1805dosl04.pdf,Circular Letter No. 04,Not Available,18/01/05,04
https://www.bb.org.bd/mediaroom/circulars/dos/jan1605dosl03.pdf,Circular Letter No. 03,Not Available,16/01/05,03
https://www.bb.org.bd/mediaroom/circulars/fepd/jan0405fe01.pdf,Circular No. 01,Not Available,04/01/05,01
https://www.bb.org.bd/mediaroom/circulars/dos/dec2904dos01.pdf,Circular No. 01,Not Available,29/12/04,01
https://www.bb.org.bd/mediaroom/circulars/frtmd/dec2204frtmd21.pdf,FRTMD Circular No. 21,Not Available,22/12/04,21
https://www.bb.org.bd/mediaroom/circulars/dos/dec1304dosl21.pdf,Circular Letter No. 21,Not Available,13/12/04,21
https://www.bb.org.bd/mediaroom/circulars/eef/dec0204eef17.pdf,EEF Circular No. 17,Not Available,02/12/04,17
https://www.bb.org.bd/mediaroom/circulars/fid/nov1004fid02.pdf,FID Circular No. 02,Not Available,10/11/04,02
https://www.bb.org.bd/mediaroom/circulars/dos/nov0904dosl19.pdf,Circular Letter No. 19,Not Available,09/11/04,19
https://www.bb.org.bd/mediaroom/circulars/dos/nov0904dosl20.pdf,Circular Letter No. 20,Not Available,09/11/04,20
https://www.bb.org.bd/mediaroom/circulars/eef/nov0604eef16.pdf,EEF Circular No. 16,Not Available,06/11/04,16
https://www.bb.org.bd/mediaroom/circulars/dos/oct1404dosl18.pdf,Circular Letter No. 18,Not Available,14/10/04,18
https://www.bb.org.bd/mediaroom/circulars/brpd/oct1104brpdl09.pdf,BRPD Circular Letter No. 09,Not Available,11/10/04,09
https://www.bb.org.bd/mediaroom/circulars/dos/oct0504dosl17.pdf,Circular Letter No. 17,Not Available,05/10/04,17
https://www.bb.org.bd/mediaroom/circulars/frtmd/sep1504frtm16.pdf,FRTMD Circular No. 16 - Bangladesh Government Islamic Investment Bond-2004.,Not Available,15/09/04,16
https://www.bb.org.bd/mediaroom/circulars/eef/sep0806eef15.pdf,EEF Circular No. 15,Not Available,08/09/04,15
https://www.bb.org.bd/mediaroom/circulars/dos/sep0704dosl16.pdf,Circular Letter No. 16,Not Available,07/09/04,16
https://www.bb.org.bd/mediaroom/circulars/fepd/aug3004fe0708.pdf,Circular No. 07 & 08,Not Available,30/08/04,07
https://www.bb.org.bd/mediaroom/circulars/dos/aug1504dosl15.pdf,Circular Letter No. 15,Not Available,15/08/04,15
https://www.bb.org.bd/mediaroom/circulars/acspd/aug1504acspd05.pdf,ACSPD Circular No. 05,Not Available,15/08/04,05
https://www.bb.org.bd/mediaroom/circulars/dos/jul3104dosl14.pdf,Circular Letter No. 14,Not Available,31/07/04,14
https://www.bb.org.bd/mediaroom/circulars/cib/jul1704cib02.pdf,CIB Circular No.02,Not Available,17/07/04,02
https://www.bb.org.bd/mediaroom/circulars/cib/jul1504cibl01.pdf,CIB Circular Letter No.01,Not Available,15/07/04,01
https://www.bb.org.bd/mediaroom/circulars/frtmd/jul0104frtmd09.pdf,FRTMD Circular No. 09,Not Available,01/07/04,09
https://www.bb.org.bd/mediaroom/circulars/cib/jun2904cib01.pdf,CIB Circular No.01,Not Available,29/06/04,01
https://www.bb.org.bd/mediaroom/circulars/dos/jun2704dosl13.pdf,Circular Letter No. 13,Not Available,27/06/04,13
https://www.bb.org.bd/mediaroom/circulars/eef/may2605eef19.pdf,EEF Circular No. 19,Not Available,26/05/04,19
https://www.bb.org.bd/mediaroom/circulars/dos/may2304osl10.pdf,Circular Letter No. 10,Not Available,23/05/04,10
https://www.bb.org.bd/mediaroom/circulars/dos/may2304osl11.pdf,Circular Letter No. 11,Not Available,23/05/04,11
https://www.bb.org.bd/mediaroom/circulars/frtmd/may2204frtm05.pdf,FRTMD Circular No. 05 - Cancellation of unused Scrip of Tin Mash Anthar Munafa Vittik Sanchayapatra.,Not Available,22/05/04,05
https://www.bb.org.bd/mediaroom/circulars/frtmd/may2204frtm06.pdf,FRTMD Circular No. 06 - Cancellation of unused Scrip of Tin Mash Anthar Munafa Vittik Sanchayapatra.,Not Available,22/05/04,06
https://www.bb.org.bd/mediaroom/circulars/dos/may0804dosl09.pdf,Circular Letter No. 09,Not Available,08/05/04,09
https://www.bb.org.bd/mediaroom/circulars/frtmd/apr2704frtm03.pdf,FRTMD Circular No. 03 - Purchasing Govt. Bond or Securities for Industries under Tax Holidays.,Not Available,27/04/04,03
https://www.bb.org.bd/mediaroom/circulars/frtmd/apr2704frtm04.pdf,FRTMD Circular No. 04 - Purchasing Govt. Bond or Securities for Industries under Tax Holidays.,Not Available,27/04/04,04
https://www.bb.org.bd/mediaroom/circulars/dos/apr2704osl08.pdf,Circular Letter No. 08,Not Available,27/04/04,08
https://www.bb.org.bd/mediaroom/circulars/eef/apr2005eef18.pdf,EEF Circular No. 18: Equity and Enterprenureship Fund,Not Available,20/04/04,18
https://www.bb.org.bd/mediaroom/circulars/dos/apr1904osl06.pdf,Circular Letter No. 06,Not Available,19/04/04,06
https://www.bb.org.bd/mediaroom/circulars/dos/apr1904osl07.pdf,Circular Letter No. 07,Not Available,19/04/04,07
https://www.bb.org.bd/mediaroom/circulars/acspd/apr0404acspd05.pdf,ACSPD Circular No. 05,Not Available,04/04/04,05
https://www.bb.org.bd/mediaroom/circulars/brpd/mar3004brpdl03.pdf,BRPD Circular Letter No. 03,Not Available,30/03/04,03
https://www.bb.org.bd/mediaroom/circulars/dos/mar2004osl05.pdf,Circular Letter No. 05,Not Available,20/03/04,05
https://www.bb.org.bd/mediaroom/circulars/fepd/feb2504fe02.pdf,Circular No. 02 Cash Forward and Swap Transactions in Foreign Exchange.,Not Available,25/02/04,02
https://www.bb.org.bd/mediaroom/circulars/dos/feb1704osl04.pdf,Circular Letter No. 04,Not Available,17/02/04,04
https://www.bb.org.bd/mediaroom/circulars/fepd/jan2804fe01.pdf,Circular No. 01 Cash incentive for Export of Potato.,Not Available,28/01/04,01
https://www.bb.org.bd/mediaroom/circulars/dos/jan2704os02.pdf,Circular Letter No. 02,Not Available,27/01/04,02
https://www.bb.org.bd/mediaroom/circulars/dos/jan2704os03.pdf,Circular Letter No. 03,Not Available,27/01/04,03
https://www.bb.org.bd/mediaroom/circulars/dos/jan1304os01.pdf,Circular Letter No. 01,Not Available,13/01/04,01
https://www.bb.org.bd/mediaroom/circulars/frtmd/jan0304frtm01.pdf,FRTMD Circular No. 01 - Withdrawn of TDS upon Interest/Profit on Sanchayapatra.,Not Available,03/01/04,01
https://www.bb.org.bd/mediaroom/circulars/frtmd/jan0304frtm02.pdf,FRTMD Circular No. 02 - Withdrawn of TDS upon Interest/Profit on Sanchayapatra.,Not Available,03/01/04,02
https://www.bb.org.bd/mediaroom/circulars/frtmd/dec3103frtm14.pdf,FRTMD Circular No. 14 - Re-fixation of Interest Rate upon Sanchayapatra.,Not Available,31/12/03,14
https://www.bb.org.bd/mediaroom/circulars/frtmd/dec3103frtm15.pdf,FRTMD Circular No. 15 - Amendment of Sanchayapatra Rules-1977.,Not Available,31/12/03,15
https://www.bb.org.bd/mediaroom/circulars/dos/dec2803os17.pdf,Circular Letter No. 17,Not Available,28/12/03,17
https://www.bb.org.bd/mediaroom/circulars/frtmd/dec2203frtm12.pdf,FRTMD Circular No. 12 - Amendment of Sanchayapatra Rules-1977.,Not Available,22/12/03,12
https://www.bb.org.bd/mediaroom/circulars/frtmd/dec2203frtm13.pdf,FRTMD Circular No. 12 - Amendment of Partirakkha Sanchayapatra Rules-1976.,Not Available,22/12/03,12
https://www.bb.org.bd/mediaroom/circulars/dos/nov2903os16l.pdf,Circular Letter No. 16,Not Available,29/11/03,16
https://www.bb.org.bd/mediaroom/circulars/fepd/nov2203fe14.pdf,Circular No. 14 Cash incentive for Export of Tobacco.,Not Available,22/11/03,14
https://www.bb.org.bd/mediaroom/circulars/fid/nov0603fid06.pdf,FID Circular No. 06,Not Available,06/11/03,06
https://www.bb.org.bd/mediaroom/circulars/fepd/nov0503fe13.pdf,Circular No. 13 Cash incentive for Export of Jute goods.,Not Available,05/11/03,13
https://www.bb.org.bd/mediaroom/circulars/fepd/nov0203fe12.pdf,"Circular No. 12 Cash Incentive for Export of Vegetables, Fruits and Agro Processing products.",Not Available,02/11/03,12
https://www.bb.org.bd/mediaroom/circulars/feid/oct302003feid11702.pdf,FEID Circular Letter No. 11702,Not Available,30/10/03,11702
https://www.bb.org.bd/mediaroom/circulars/eef/oct2903eef14.pdf,EEF Circular No. 14,Not Available,29/10/03,14
https://www.bb.org.bd/mediaroom/circulars/brpd/oct2503brpd20.pdf,BRPD Circular No. 20,Not Available,25/10/03,20
https://www.bb.org.bd/mediaroom/circulars/fid/sep1103fid05.pdf,FID Circular No. 05,Not Available,11/09/03,05
https://www.bb.org.bd/mediaroom/circulars/acspd/sep0703acspd04.pdf,ACSPD Circular No. 04,Not Available,07/09/03,04
https://www.bb.org.bd/mediaroom/circulars/brpd/aug0903brpd16.pdf,BRPD Circular Letter No. 16,Not Available,09/08/03,16
https://www.bb.org.bd/mediaroom/circulars/frtmd/jul2903frtmd06.pdf,FRTMD Circular No. 06 - Primary Dealers in Government securities.,Not Available,29/07/03,06
https://www.bb.org.bd/mediaroom/circulars/eef/jul2903eef13.pdf,EEF Circular No. 13,Not Available,29/07/03,13
https://www.bb.org.bd/mediaroom/circulars/frtmd/jul2703frtmd05.pdf,FRTMD Circular No. 05 - Secondery Trading or Inter bank Repo.,Not Available,27/07/03,05
https://www.bb.org.bd/mediaroom/circulars/fid/jul0103fid04.pdf,FID Circular No. 04 - Appointment of Alternate Directors of FIs.,Not Available,01/07/03,04
https://www.bb.org.bd/mediaroom/circulars/brpd/jun2803brpd15.pdf,BRPD Circular No. 15,Not Available,28/06/03,15
https://www.bb.org.bd/mediaroom/circulars/cib/jun1003cibl02.pdf,CIB Circular Letter No.02,Not Available,27/06/03,02
https://www.bb.org.bd/mediaroom/circulars/dos/jun1703os04.pdf,Circular No. 04,Not Available,17/06/03,04
https://www.bb.org.bd/mediaroom/circulars/brpd/jun1003brpd12.pdf,BRPD Circular Letter No. 12,Not Available,10/06/03,12
https://www.bb.org.bd/mediaroom/circulars/fepd/jun0403fe08.pdf,Circular No. 08: Time Extension for Export of Crust Leather,Not Available,04/06/03,08
https://www.bb.org.bd/mediaroom/circulars/fepd/jun0303fe661.pdf,F.E Circular Letter No. 661: Cash incentive for Export of Frozen Shrimps and fishes,Not Available,03/06/03,661
https://www.bb.org.bd/mediaroom/circulars/fepd/jun0303fe07.pdf,Circular No. 07 Revised system of Alternative Cash incentive in lieu of bonded were house/duty draw back facility for Export oriented Local Textile sector (including Handloom fabrics),Not Available,03/06/03,07
https://www.bb.org.bd/mediaroom/circulars/dos/may2503dbod11.pdf,Circular Letter No. 11,Not Available,25/05/03,11
https://www.bb.org.bd/mediaroom/circulars/fepd/may1803fe591.pdf,F.E Circular Letter No. 591 Cash incentive for Export of Frozen Shrimps and fishes (PDF),Not Available,18/05/03,591
https://www.bb.org.bd/mediaroom/circulars/frtmd/may1303frtm02.pdf,FRTMD Circular No. 02 - Re-fixation of Commission/Service Charges Payable to Banks & Post Offices for Transaction of National Saving Schemes.,Not Available,13/05/03,02
https://www.bb.org.bd/mediaroom/circulars/frtmd/may1303frtm03.pdf,FRTMD Circular No. 02 - Re-fixation of Commission/Service Charges Payable to Banks & Post Offices for Transaction of National Saving Schemes.,Not Available,13/05/03,02
https://www.bb.org.bd/mediaroom/circulars/dos/may1103dbod10.pdf,Circular Letter No. 10,Not Available,11/05/03,10
https://www.bb.org.bd/mediaroom/circulars/cib/may0403cibl01.pdf,CIB Circular Letter No.01: CIB Report and Introduced Inquiry Form,Not Available,04/05/03,01
https://www.bb.org.bd/mediaroom/circulars/dos/apr3003os09.pdf,Circular Letter No. 09,Not Available,30/04/03,09
https://www.bb.org.bd/mediaroom/circulars/brpd/apr2603brpd08.pdf,BRPD Circular Letter No. 08,Not Available,26/04/03,08
https://www.bb.org.bd/mediaroom/circulars/dos/apr2403dbod08.pdf,Circular Letter No. 08,Not Available,24/04/03,08
https://www.bb.org.bd/mediaroom/circulars/dos/apr2303os03.pdf,Circular No. 03,Not Available,23/04/03,03
https://www.bb.org.bd/mediaroom/circulars/dos/apr2303dbod07.pdf,Circular Letter No. 07,Not Available,23/04/03,07
https://www.bb.org.bd/mediaroom/circulars/eef/apr1703eef12.pdf,EEF Circular No. 12,Not Available,17/04/03,12
https://www.bb.org.bd/mediaroom/circulars/fepd/apr1503fe401.pdf,"F.E Circular Letter No. 401 Cash incentive for Export of Vegetable, Fruits and Agro Processing products (PDF)",Not Available,15/04/03,401
https://www.bb.org.bd/mediaroom/circulars/eef/apr0603eef11.pdf,EEF Circular No. 11,Not Available,06/04/03,11
https://www.bb.org.bd/mediaroom/circulars/dos/apr0103dbod02.pdf,DBOD Circular No. 02,Not Available,01/04/03,02
https://www.bb.org.bd/mediaroom/circulars/dos/mar3103dbod06.pdf,DBOD Circular Letter No. 06/03,Not Available,31/03/03,06
https://www.bb.org.bd/mediaroom/circulars/brpd/mar3003brpd10.pdf,BRPD Circular No. 10,Not Available,30/03/03,10
https://www.bb.org.bd/mediaroom/circulars/brpd/mar2903brpd09.pdf,BRPD Circular No. 09,Not Available,29/03/03,09
https://www.bb.org.bd/mediaroom/circulars/brpd/mar1803brpdl07.pdf,BRPD Circular Letter No. 07,Not Available,18/03/03,07
https://www.bb.org.bd/mediaroom/circulars/brpd/mar1803brpd07.pdf,BRPD Circular No. 07,Not Available,18/03/03,07
https://www.bb.org.bd/mediaroom/circulars/brpd/mar1803brpd08.pdf,BRPD Circular No. 08,Not Available,18/03/03,08
https://www.bb.org.bd/mediaroom/circulars/dos/mar1703dbod05.pdf,DBOD Circular Letter No. 05,Not Available,16/03/03,05
https://www.bb.org.bd/mediaroom/circulars/brpd/mar1603brpd06.pdf,BRPD Circular Letter No. 06,Not Available,16/03/03,06
https://www.bb.org.bd/mediaroom/circulars/fepd/mar1303fe06.pdf,F.E Circular No. 06 (PDF),Not Available,13/03/03,06
https://www.bb.org.bd/mediaroom/circulars/fid/mar0203fid01.pdf,FID Circular No. 01 - Investment in Saint Martin Island by Govt./Private Banks and FIs.,Not Available,02/03/03,01
https://www.bb.org.bd/mediaroom/circulars/dos/MAR1703dbod04.pdf,DBOD Circular Letter No. 04,Not Available,25/02/03,04
https://www.bb.org.bd/mediaroom/circulars/brpd/feb2303brpd06.pdf,BRPD Circular No. 06,Not Available,23/02/03,06
https://www.bb.org.bd/mediaroom/circulars/brpd/feb0903brpdl04.pdf,BRPD Circular Letter No. 04,Not Available,09/02/03,04
https://www.bb.org.bd/mediaroom/circulars/dos/jan2103dbod03.pdf,DBOD Circular Letter No. 03,Not Available,08/02/03,03
https://www.bb.org.bd/mediaroom/circulars/eef/feb0303eef10.pdf,EEF Circular No. 10,Not Available,03/02/03,10
https://www.bb.org.bd/mediaroom/circulars/brpd/feb0203brpd04.pdf,BRPD Circular No. 04,Not Available,02/02/03,04
https://www.bb.org.bd/mediaroom/circulars/brpd/jan1403brpd03.pdf,BRPD Circular No. 03,Not Available,14/01/03,03
https://www.bb.org.bd/mediaroom/circulars/eef/jan1303eef09.pdf,EEF Circular No. 09,Not Available,13/01/03,09
https://www.bb.org.bd/mediaroom/circulars/brpd/jan1303brpd01.pdf,BRPD Circular No. 01,Not Available,13/01/03,01
https://www.bb.org.bd/mediaroom/circulars/brpd/jan1303brpd02.pdf,BRPD Circular No. 02,Not Available,13/01/03,02
https://www.bb.org.bd/mediaroom/circulars/dos/jan0603dbod01.pdf,DBOD Circular Letter No. 01,Not Available,06/01/03,01
https://www.bb.org.bd/mediaroom/circulars/dos/jan0103dbod01.pdf,DBOD Circular No. 01,Not Available,01/01/03,01
https://www.bb.org.bd/mediaroom/circulars/brpd/dec2302brpd12.pdf,BRPD Circular No. 12,Not Available,23/12/02,12
https://www.bb.org.bd/mediaroom/circulars/eef/dec2202eef08.pdf,EEF Circular No. 08,Not Available,22/12/02,08
https://www.bb.org.bd/mediaroom/circulars/fepd/dec1202fe23ex.pdf,Form Kha and Gha,Not Available,12/12/02,
https://www.bb.org.bd/mediaroom/circulars/fepd/dec1202fe23.pdf,F.E Circular No. 23 - Cash Incentive for export of Frozen Shrimps and other fishes,Not Available,12/12/02,23
https://www.bb.org.bd/mediaroom/circulars/fepd/dec1202fe24ex.pdf,Form Kha and Gha,Not Available,12/12/02,
https://www.bb.org.bd/mediaroom/circulars/fepd/dec1202fe24.pdf,"F.E Circular No. 24 - Cash Incentive for export of Vegetables, Fruites and Agro Processing products",Not Available,12/12/02,24
https://www.bb.org.bd/mediaroom/circulars/fepd/dec1202fe25ex.pdf,Form Kha and Gha,Not Available,12/12/02,
https://www.bb.org.bd/mediaroom/circulars/fepd/dec1202fe25.pdf,F.E Circular No. 25 - Cash Incentive for export of bone meal,Not Available,12/12/02,25
https://www.bb.org.bd/mediaroom/circulars/fepd/dec1202fe27ex.pdf,Form Kha and Gha,Not Available,12/12/02,
https://www.bb.org.bd/mediaroom/circulars/fepd/dec1202fe27.pdf,F.E Circular No. 27 - Cash Incentive for export of Bi-cycle,Not Available,12/12/02,27
https://www.bb.org.bd/mediaroom/circulars/dos/dec1502dbod05.pdf,DBOD Circular No. 05,Not Available,12/12/02,05
https://www.bb.org.bd/mediaroom/circulars/feid/dec012002feid8346.pdf,FEID Circular Letter No. 8346,Not Available,01/12/02,8346
https://www.bb.org.bd/mediaroom/circulars/dos/nov0202dbod12.pdf,DBOD Circular Letter No. 12,Not Available,02/11/02,12
https://www.bb.org.bd/mediaroom/circulars/fepd/oct2902fe22.pdf,F.E Circular No. 22 (PDF),Not Available,29/10/02,22
https://www.bb.org.bd/mediaroom/circulars/eef/oct2102eef07.pdf,EEF Circular No. 07,Not Available,21/10/02,07
https://www.bb.org.bd/mediaroom/circulars/brpd/oct2002brpd18.pdf,BRPD Circular Letter No. 18,Not Available,20/10/02,18
https://www.bb.org.bd/mediaroom/circulars/brpd/oct2002brpd09.pdf,BRPD Circular No. 09,Not Available,20/10/02,09
https://www.bb.org.bd/mediaroom/circulars/brpd/oct1402brpd17.pdf,BRPD Circular Letter No. 17,Not Available,14/10/02,17
https://www.bb.org.bd/mediaroom/circulars/fepd/oct1302fe20.pdf,F.E Circular No. 20 (PDF),Not Available,13/10/02,20
https://www.bb.org.bd/mediaroom/circulars/dos/oct0602dbod11.pdf,DBOD Circular Letter No. 11,Not Available,06/10/02,11
https://www.bb.org.bd/mediaroom/circulars/dos/oct0202dbod10.pdf,DBOD Circular Letter No. 10,Not Available,02/10/02,10
https://www.bb.org.bd/mediaroom/circulars/brpd/sep0302brpdl16.pdf,BRPD Circular Letter No. 16,Not Available,24/09/02,16
https://www.bb.org.bd/mediaroom/circulars/dos/sep2302dbod09.pdf,DBOD Circular Letter No. 09 - Export Development Fund,Not Available,23/09/02,09
https://www.bb.org.bd/mediaroom/circulars/dos/sep1402dbod08.pdf,DBOD Circular Letter No. 08,Not Available,14/09/02,08
https://www.bb.org.bd/mediaroom/circulars/brpd/sep0702brpd08.pdf,BRPD Circular No. 08,Not Available,07/09/02,08
https://www.bb.org.bd/mediaroom/circulars/dos/sep0502dbod04.pdf,DBOD Circular No. 04 - Large Loan Policy,Not Available,05/09/02,04
https://www.bb.org.bd/mediaroom/circulars/dos/sep0302dbod03.pdf,DBOD Circular No. 03 - Large Loan Policy,Not Available,03/09/02,03
https://www.bb.org.bd/mediaroom/circulars/brpd/sep0302brpd15.pdf,BRPD Circular Letter No. 15,Not Available,03/09/02,15
https://www.bb.org.bd/mediaroom/circulars/brpd/aug2802brpd07.pdf,BRPD Circular No. 07,Not Available,28/08/02,07
https://www.bb.org.bd/mediaroom/circulars/brpd/aug1902brpd14.pdf,BRPD Circular Letter No. 14,Not Available,19/08/02,14
https://www.bb.org.bd/mediaroom/circulars/brpd/aug1702brpd13.pdf,BRPD Circular Letter No. 13,Not Available,17/08/02,13
https://www.bb.org.bd/mediaroom/circulars/brpd/aug0702brpd12.pdf,BRPD Circular Letter No. 12,Not Available,07/08/02,12
https://www.bb.org.bd/mediaroom/circulars/fid/aug0302fid08.pdf,"FID Circular No. 08 - Classification and Provisioning of lease, term loan, housing loan and other assets etc. of the Financial Institutions",Not Available,03/08/02,08
https://www.bb.org.bd/mediaroom/circulars/dos/jul1702dbod07.pdf,DBOD Circular Letter No. 07 - Abolition withdrawal of Saving Certificates,Not Available,17/07/02,07
https://www.bb.org.bd/mediaroom/circulars/dos/jul0702dbod06.pdf,DBOD Circular Letter No. 06 - Specimen Signature,Not Available,07/07/02,06
https://www.bb.org.bd/mediaroom/circulars/brpd/jul0702brpd05.pdf,BRPD Circular No. 05,Not Available,07/07/02,05
https://www.bb.org.bd/mediaroom/circulars/dos/jul0202dbod02.pdf,DBOD Circular No. 02 - Export Development Fund,Not Available,02/07/02,02
https://www.bb.org.bd/mediaroom/circulars/fid/jun2902fid07.pdf,FID Circular No. 07 - Relating to collection of CIB Report of Loan/Lease Applicants,Not Available,29/06/02,07
https://www.bb.org.bd/mediaroom/circulars/eef/jun2402eef06.pdf,EEF Circular No. 06,Not Available,24/06/02,06
https://www.bb.org.bd/mediaroom/circulars/brpd/jun1802brpd09.pdf,BRPD Circular Letter No.09,Not Available,18/06/02,09
https://www.bb.org.bd/mediaroom/circulars/fid/jun1702fid06.pdf,FID Circular No. 06 - Relating to the newly licensed Non-banking Financial Institutions-Self Employment Finance Limited under the Financial Institutions Act. 1993,Not Available,17/06/02,06
https://www.bb.org.bd/mediaroom/circulars/cmad/jun1102cmad02.pdf,DCMPS Circular No. 02/2002-518,Not Available,11/06/02,02
https://www.bb.org.bd/mediaroom/circulars/brpd/jun0302brpd07.pdf,BRPD Circular Letter No.07,Not Available,03/06/02,07
https://www.bb.org.bd/mediaroom/circulars/brpd/jun0302brpd08.pdf,BRPD Circular Letter No.08,Not Available,03/06/02,08
https://www.bb.org.bd/mediaroom/circulars/brpd/may2902brpd06.pdf,BRPD Circular Letter No.06,Not Available,29/05/02,06
https://www.bb.org.bd/mediaroom/circulars/dos/may1202dbod04.pdf,DBOD Circular Letter No. 04 - Large Loan Ceiling,Not Available,12/05/02,04
https://www.bb.org.bd/mediaroom/circulars/acspd/may0802acpd01.pdf,ACPD Circular No. 01,Not Available,08/05/02,01
https://www.bb.org.bd/mediaroom/circulars/acspd/jul0803icd01.pdf,ICD Circular No. 01,Not Available,08/05/02,01
https://www.bb.org.bd/mediaroom/circulars/acspd/jul0803acspd.pdf,ACSPD Circular No. 01,Not Available,08/05/02,01
https://www.bb.org.bd/mediaroom/circulars/brpd/mar2402brpd05.pdf,BRPD Circular Letter No.05,Not Available,24/03/02,05
https://www.bb.org.bd/mediaroom/circulars/brpd/mar1202brpd04.pdf,BRPD Circular Letter No.04,Not Available,12/03/02,04
https://www.bb.org.bd/mediaroom/circulars/fepd/mar0202fe04.pdf,F.E Circular No. 04,Not Available,02/03/02,04
https://www.bb.org.bd/mediaroom/circulars/brpd/feb1902brpd03.pdf,BRPD Circular Letter No.03,Not Available,19/02/02,03
https://www.bb.org.bd/mediaroom/circulars/brpd/feb1802brpd04.pdf,BRPD Circular No.04,Not Available,18/02/02,04
https://www.bb.org.bd/mediaroom/circulars/brpd/feb1002brpd02.pdf,BRPD Circular Letter No.02,Not Available,10/02/02,02
https://www.bb.org.bd/mediaroom/circulars/fid/feb0502fid01.pdf,FID Circular No. 01 - Relating to newly licensed Non-Banking financial Institutions - Premier Leasing International Ltd. under the Financial Institutions Act. 1993,Not Available,05/02/02,01
https://www.bb.org.bd/mediaroom/circulars/brpd/jan3102brpd03.pdf,BRPD Circular No.03,Not Available,31/01/02,03
https://www.bb.org.bd/mediaroom/circulars/fepd/jan2602fe02.pdf,F.E Circular No. 02,Not Available,26/01/02,02
https://www.bb.org.bd/mediaroom/circulars/fepd/jan2202fe01.pdf,F.E Circular No. 01,Not Available,22/01/02,01
https://www.bb.org.bd/mediaroom/circulars/dos/jan0202dbod01.pdf,DBOD Circular No. 01 - Export Development Fund,Not Available,02/01/02,01
https://www.bb.org.bd/mediaroom/circulars/dos/jan0102dbod01.pdf,"DBOD Circular Letter No. 01 - Holidays for the year, 2002",Not Available,01/01/02,01
https://www.bb.org.bd/mediaroom/circulars/cib/jul2000cib01.pdf,CIB Circular No.01 - CIB Report,Not Available,20/07/00,01
https://www.bb.org.bd/mediaroom/circulars/feid/may202026feid02e.pdf,FEID Circular No. 02: Facilitating repatriation of sale proceeds from Non-Resident Investors Taka Account (NITA),"English
Download",20/05/26,02
https://www.bb.org.bd/mediaroom/circulars/brpd/may142026brpd-1l18e.pdf,BRPD-1 Circular Letter No. 18: Single Borrower and large Loan Exposure Limit (Aggregate Exposure and Applicable Conversion Factor).,"English
Download",14/05/26,18
https://www.bb.org.bd/mediaroom/circulars/fepd/may112026fepd-1l07e.pdf,FEPD-1 Circular Letter No. 07: Payment against usance bills through purchases,"English
Download",11/05/26,07
https://www.bb.org.bd/mediaroom/circulars/brpd/may112026brpd-111e.pdf,BRPD-1 Circular No. 11: Commercial launching of ``e-loan``,"English
Download",11/05/26,11
https://www.bb.org.bd/mediaroom/circulars/fepd/may112026fepd-110e.pdf,FEPD-1 Circular No. 10: All-in-cost ceiling for short term permissible trade finance in foreign exchange,"English
Download",11/05/26,10
https://www.bb.org.bd/mediaroom/circulars/fepd/may112026fepd-109e.pdf,FEPD-1 Circular No. 09: Release of foreign currency for visa bond/refundable security deposit for visa purposes,"English
Download",11/05/26,09
https://www.bb.org.bd/mediaroom/circulars/gbcrd/may112026sfd01e.pdf,SFD Circular No. 01:GTF Circular for Rural and Local Entrepreneurs,"English
Download",11/05/26,01
https://www.bb.org.bd/mediaroom/circulars/fepd/may072026fepd-108e.pdf,FEPD-1 Circular No. 08: Foreign exchange regulations regarding outward remittances on account of transportation services,"English
Download",07/05/26,08
https://www.bb.org.bd/mediaroom/circulars/brpd/may072026brpd-110e.pdf,BRPD-1 Circular No. 10: Guidelines on Foundation Training for the Newly Recruited Scheduled Bank Officials.,"English
Download",07/05/26,10
https://www.bb.org.bd/mediaroom/circulars/did/may062026did01/2026e.pdf,DID Circular No. 01/2026: Deposit Protection Act 2026,"English
Download",06/05/26,01
https://www.bb.org.bd/mediaroom/circulars/brpd/may052026brpd-1l15e.pdf,BRPD-1 Circular Letter No. 15: Prudential Regulations for Consumer Financing (Regulations for Auto Loans and Personal Loans).,"English
Download",05/05/26,15
https://www.bb.org.bd/mediaroom/circulars/dmd/apr302026dmdl06e.pdf,DMD Circular Letter No. 06: Appointment of Brac Bank PLC and Pubali Bank PLC as Primary Dealers in Government Securities,"English
Download",30/04/26,06
https://www.bb.org.bd/mediaroom/circulars/fssspd/apr302026fssspdl01e.pdf,FSSSPD Circular Letter No. 01: Bangladesh Bank- Long Term Financing Facility (BB-LTFF),"English
Download",30/04/26,01
https://www.bb.org.bd/mediaroom/circulars/fepd/apr092026fepd-1l04e.pdf,FEPD-1 Circular Letter No. 04: Streamlining the disposal of inward remittances and enhancing operational efficiency,"English
Download",09/04/26,04
https://www.bb.org.bd/mediaroom/circulars/fepd/apr012026fepd-107e.pdf,FEPD-1 Circular No. 07: Audit of applications for export subsidy/cash incentive by Cost and Management Accountant firms,"English
Download",01/04/26,07
https://www.bb.org.bd/mediaroom/circulars/aml/mar302026bfiu29e.pdf,BFIU Circular No. 29: Issuance of Guidelines on Electronic Know Your Customer (e-KYC) for Insurance Companies and CMIs,"English
Download",30/03/26,29
https://www.bb.org.bd/mediaroom/circulars/fepd/mar162026fepd-106e.pdf,FEPD-1 Circular No. 06: Making out and delivery of shipping documents by exporters,"English
Download",16/03/26,06
https://www.bb.org.bd/mediaroom/circulars/brpd/mar152026brpd-19e.pdf,BRPD-1 Circular No. 09: Guidelines on Credit Card Operations of Banks,"English
Download",15/03/26,09
https://www.bb.org.bd/mediaroom/circulars/fepd/mar152026fepd-102e.pdf,FEPD-2 Circular No. 02: Access to finance from domestic sources against overseas Bank Guarantees (BGs)/Standby Letters of Credit (SBLCs),"English
Download",15/03/26,02
https://www.bb.org.bd/mediaroom/circulars/feod/mar112026feod-1l01e.pdf,FEOD-1 Circular Letter No. 01: Regarding Monthly Statement of LC/Contract Opening and Settlement for 26 Essential Commodities,"English
Download",11/03/26,01
https://www.bb.org.bd/mediaroom/circulars/brpd/mar112026brpd-108e.pdf,BRPD-1 Circular No. 08: Guidelines on Electronic Know-Your-Customer (e-KYC).,"English
Download",11/03/26,08
https://www.bb.org.bd/mediaroom/circulars/brpd/mar112026brpd-107e.pdf,BRPD-1 Circular No. 07: Loan Facility Against Government Bond (Treasury Bond).,"English
Download",11/03/26,07
https://www.bb.org.bd/mediaroom/circulars/feid/mar082026feid01e.pdf,FEID Circular No. 01: Master circular on transfer of shares and repatriation of sale proceeds of shares in favor of non-resident in private/public limited companies not listed with stock exchanges.,"English
Download",08/03/26,01
https://www.bb.org.bd/mediaroom/circulars/brpd/mar082026brpd-106e.pdf,BRPD-1 Circular No. 06: Guidance for banks in implementing IFRS 9 Financial Instruments.,"English
Download",08/03/26,06
https://www.bb.org.bd/mediaroom/circulars/brpd/mar032026brpd-105e.pdf,BRPD-1 Circular No. 05: Instructions to be Followed in Case of Continuous Loan Renewal.,"English
Download",03/03/26,05
https://www.bb.org.bd/mediaroom/circulars/dmd/feb262026dmd02e.pdf,DMD Circular No. 02: Guidelines for Open Market Operations,"English
Download",26/02/26,02
https://www.bb.org.bd/mediaroom/circulars/fepd/feb262026fepd-1l03e.pdf,"FEPD-1 Circular Letter No. 03: Modification of paragraph 7 of FE Circular No. 31, dated July 31, 2025","English
Download",26/02/26,03
https://www.bb.org.bd/mediaroom/circulars/finincld/feb092026fid01e.pdf,FID Circular No. 01: Student Banking Guidelines,"English
Download",09/02/26,01
https://www.bb.org.bd/mediaroom/circulars/fepd/feb082026fepd-1l02e.pdf,FEPD-1 Circular Letter No. 02: Regarding exclusion of Machine Processed Sliver (Cut Sliver)/Cut from raw jute as a conditional exportable item in Annex-2 of Export Policy 2024-2027,"English
Download",08/02/26,02
https://www.bb.org.bd/mediaroom/circulars/dmd/jan282026dmd01e.pdf,"DMD Circular No. 01: Guidelines for the Enlistment and Operations of Primary Dealers in Government Securities, 2025 (Amended)","English
Download",28/01/26,01
https://www.bb.org.bd/mediaroom/circulars/fepd/jan262026fepd-105e.pdf,"FEPD-1 Circular No. 05: Discount claims against exports of ships, frozen shrimp and fish products","English
Download",26/01/26,05
https://www.bb.org.bd/mediaroom/circulars/fepd/jan122026fepd-1l01e.pdf,FEPD-2 Circular Letter No. 01: Enhancement of License Renewal Fee for Money Changers (MCs),"English
Download",12/01/26,01
https://www.bb.org.bd/mediaroom/circulars/fepd/jan112026fepd-1l01e.pdf,FEPD-1 Circular Letter No. 01: Import of LPG under supplier's/buyer's credit,"English
Download",11/01/26,01
https://www.bb.org.bd/mediaroom/circulars/fepd/jan082026fepd-103e.pdf,FEPD-1 Circular No. 03: Streamlining the disposal of inward remittances and enhancing operational efficiency,"English
Download",08/01/26,03
https://www.bb.org.bd/mediaroom/circulars/fepd-2/jan072026fepd-201e.pdf,FEPD-2 Circular No. 01: Passport Endorsement Fee by Money Changers.,"English
Download",07/01/26,01
https://www.bb.org.bd/mediaroom/circulars/fepd/jan062026fepd-102e.pdf,FEPD-1 Circular No. 02: Export under usance terms backed by payment undertaking/ payment risk coverage from local insurance companies,"English
Download",06/01/26,02
https://www.bb.org.bd/mediaroom/circulars/brpd/jan062026brpd-1l01e.pdf,BRPD-1 Circular Letter No. 01: Prudential Regulations for Consumer Financing (Regulation 23 for Housing Finance),"English
Download",06/01/26,01
https://www.bb.org.bd/mediaroom/circulars/fepd/jan062026fepd-101e.pdf,FEPD-1 Circular No. 01: Electronic presentation of export documents under documentary collection arrangements,"English
Download",06/01/26,01
https://www.bb.org.bd/mediaroom/circulars/fepd/dec292025fepd51e.pdf,FEPD Circular No. 51: Extension of usance period against imports of industrial raw materials,"English
Download",29/12/25,51
https://www.bb.org.bd/mediaroom/circulars/spcd/dec242025spcd03e.pdf,"SPCD Circular No. 03: Implementation of Risk Based Supervision (RBS): Framework, Organogram, Operational Arrangements, Supervisory Engagement, and Regulatory Reporting Requirements","English
Download",24/12/25,03
https://www.bb.org.bd/mediaroom/circulars/brpd/dec212025brpdl29e.pdf,BRPD Circular Letter No. 29: Loan Classification and Provisioning,"English
Download",21/12/25,29
https://www.bb.org.bd/mediaroom/circulars/fepd/dec102025fepd50e.pdf,FEPD Circular No. 50: Import of capital goods on usance term,"English
Download",10/12/25,50
https://www.bb.org.bd/mediaroom/circulars/fepd/dec092025fepd49e.pdf,FEPD Circular No. 49: Discount claims against exports of jute goods,"English
Download",09/12/25,49
https://www.bb.org.bd/mediaroom/circulars/fepd/nov242025fepd48e.pdf,FEPD Circular No. 48: Exports of goods under Business to Business to Consumer framework,"English
Download",24/11/25,48
https://www.bb.org.bd/mediaroom/circulars/fepd/nov192025fepd47e.pdf,FEPD Circular No. 47: Use of international cards for purchase of air tickets from airlines operating in Bangladesh,"English
Download",19/11/25,47
https://www.bb.org.bd/mediaroom/circulars/dos/nov162025dosl20e.pdf,DOS Circular Letter No. 20: List of Holidays for the Year 2026.,"English
Download",16/11/25,20
https://www.bb.org.bd/mediaroom/circulars/fepd/nov122025fepd44e.pdf,FEPD Circular No. 44: Import transactions under usance terms,"English
Download",12/11/25,44
https://www.bb.org.bd/mediaroom/circulars/fepd/nov112025fepdl34e.pdf,FEPD Circular Letter No. 34: Allowing OBUs to extend trade finance through other ADs,"English
Download",11/11/25,34
https://www.bb.org.bd/mediaroom/circulars/gbcrd/nov062025sfd01e.pdf,SFD Circular No. 01:Guideline on Climate Risk Management for Banks and Finance Companies. Reporting Template,"English
Download",06/11/25,01
https://www.bb.org.bd/mediaroom/circulars/fepd/nov052025fepd43e.pdf,FEPD Circular No. 43: Repatriation of small value export proceeds under E-Commerce through MFSPs and PSPs,"English
Download",05/11/25,43
https://www.bb.org.bd/mediaroom/circulars/fepd/nov052025fepd42e.pdf,FEPD Circular No. 42: Small value export under Business-to-Consumer on E-Commerce website without EXP Form.,"English
Download",05/11/25,42
https://www.bb.org.bd/mediaroom/circulars/fepd/nov032025fepd41e.pdf,FEPD Circular No. 41: Foreign currency-Taka swap facility against exporters’ fund in foreign currency held in 30-day pool and retention quota accounts for meeting working capital needs,"English
Download",03/11/25,41
https://www.bb.org.bd/mediaroom/circulars/fepd/oct282025fepd40e.pdf,FEPD Circular No. 40: Outward remittances on account of power purchase,"English
Download",28/10/25,40
https://www.bb.org.bd/mediaroom/circulars/spcd/oct232025spcd02e.pdf,SPCD Circular No. 02: Implementation of Risk Based Supervision (RBS): Supervisory Expectations and Banks’ Preparedness,"English
Download",23/10/25,02
https://www.bb.org.bd/mediaroom/circulars/feod/oct152025feod01e.pdf,FEOD Circular No. 01: Reporting of information from Commercial Invoice and other relevant documents through Online Import Monitoring System.,"English
Download",15/10/25,01
https://www.bb.org.bd/mediaroom/circulars/brpd/oct132025brpdl22e.pdf,BRPD Circular Letter No. 22: Loan Classification and Provisioning.,"English
Download",13/10/25,22
https://www.bb.org.bd/mediaroom/circulars/fepd/oct072025fepd39e.pdf,FEPD Circular No. 39: Export under open account credit terms backed by payment undertaking/ payment risk coverage from local insurance companies,"English
Download",07/10/25,39
https://www.bb.org.bd/mediaroom/circulars/fepd/oct052025fepd38e.pdf,FEPD Circular No. 38: Remittance facilities to SMEs,"English
Download",05/10/25,38
https://www.bb.org.bd/mediaroom/circulars/fepd/sep302025fepd37e.pdf,FEPD Circular No. 37: Foreign exchange regulations regarding outward remittances on account of current account transactions other than imports and transportation services,"English
Download",30/09/25,37
https://www.bb.org.bd/mediaroom/circulars/feid/sep302025feid03e.pdf,FEID Circular No. 03: Relaxation of Reporting Requirement of Temporary Non-resident Taka Accounts (NRTAs) and Temporary Foreign Currency (FC) Accounts for Foreign Investment,"English
Download",30/09/25,03
https://www.bb.org.bd/mediaroom/circulars/fepd/sep252025fepdl31e.pdf,FEPD Circular Letter No. 31: Receipts of advance remittances against exports.,"English
Download",25/09/25,31
https://www.bb.org.bd/mediaroom/circulars/fepd/sep232025fepd35e.pdf,FEPD Circular No. 35: Advance payment against imports,"English
Download",23/09/25,35
https://www.bb.org.bd/mediaroom/circulars/fepd/sep022025fepd34e.pdf,"FEPD Circular No. 34: Foreign exchange regulations regarding loans, overdrafts, guarantees, and external borrowings","English
Download",02/09/25,34
https://www.bb.org.bd/mediaroom/circulars/fepd/aug312025fepdl28e.pdf,FEPD Circular Letter No. 28: Outward remittances for internet services,"English
Download",31/08/25,28
https://www.bb.org.bd/mediaroom/circulars/brpd/aug192025brpdl18e.pdf,BRPD Circular Letter No. 18: Guidelines on Internal Credit Risk Rating System,"English
Download",19/08/25,18
https://www.bb.org.bd/mediaroom/circulars/fepd/aug182025fepdl27e.pdf,FEPD Circular Letter No. 27: Extension of usance period against imports of industrial raw materials,"English
Download",18/08/25,27
https://www.bb.org.bd/mediaroom/circulars/fid/aug172025dfiml18e.pdf,DFIM Circular Letter No. 18: Submission of Liquidity Profile and Statement of Affairs.,"English
Download",17/08/25,18
https://www.bb.org.bd/mediaroom/circulars/fepd/aug142025fepd33e.pdf,FEPD Circular No. 33: Foreign Exchange Regulations regarding Import Transactions,"English
Download",14/08/25,33
https://www.bb.org.bd/mediaroom/circulars/fepd/aug102025fepd32e.pdf,FEPD Circular No. 32: Retention of export proceeds in foreign currency by Type B and Type C industrial enterprises of specialized zones.,"English
Download",10/08/25,32
https://www.bb.org.bd/mediaroom/circulars/fepd/jul312025fepd31e.pdf,FEPD Circular No. 31: Foreign exchange regulations - export trade transactions.,"English
Download",31/07/25,31
https://www.bb.org.bd/mediaroom/circulars/fepd/jul132025fepdl26e.pdf,FEPD Circular Letter No. 26: Application of 'Uniform Rules for Collections' for documentary collection,"English
Download",13/07/25,26
https://www.bb.org.bd/mediaroom/circulars/fepd/jul032025fepd27e.pdf,FEPD Circular No. 27: Access to finance against funds held in OBUs as collateral,"English
Download",03/07/25,27
https://www.bb.org.bd/mediaroom/circulars/fepd/jul022025fepd25e.pdf,FEPD Circular No. 25: Term lending in Taka to foreign owned/controlled companies,"English
Download",02/07/25,25
https://www.bb.org.bd/mediaroom/circulars/brpd/jun252025brpd5e.pdf,BRPD Circular No. 05: Master Circular: Loan Classification and Provisioning,"English
Download",25/06/25,05
https://www.bb.org.bd/mediaroom/circulars/fepd/jun252025fepd24e.pdf,FEPD Circular No. 24: Extending the purview of offshore banking operations,"English
Download",25/06/25,24
https://www.bb.org.bd/mediaroom/circulars/fepd/jun242025fepdl24e.pdf,FEPD Circular Letter No. 24: Service payments by subsidiaries of foreign companies,"English
Download",24/06/25,24
https://www.bb.org.bd/mediaroom/circulars/fepd/jun242025fepdl23e.pdf,FEPD Circular Letter No. 23: Usance import under purchases/sales contracts,"English
Download",24/06/25,23
https://www.bb.org.bd/mediaroom/circulars/fepd/jun192025fepd23e.pdf,FEPD Circular No. 23: Remittances against current account transactions,"English
Download",19/06/25,23
https://www.bb.org.bd/mediaroom/circulars/feod/jun192025feodl02e.pdf,FEOD Circular Letter No. 02: Issuance of Proceed Realisation Certificate (PRC) from Online Import Monitoring System (OIMS) of Bangladesh Bank against Deemed Export.,"English
Download",19/06/25,02
https://www.bb.org.bd/mediaroom/circulars/fepd/jun192025fepdl22e.pdf,FEPD Circular Letter No. 22: Export under open account credit terms against payment undertaking/payment risk coverage with option of early payment arrangement on non-recourse basis,"English
Download",19/06/25,22
https://www.bb.org.bd/mediaroom/circulars/fepd/jun182025fepdl21e.pdf,FEPD Circular Letter No. 21: Declaration of export value on EXP Form,"English
Download",18/06/25,21
https://www.bb.org.bd/mediaroom/circulars/fepd/jun182025fepd22e.pdf,FEPD Circular No. 22: Outward remittances on account of project related expenses,"English
Download",18/06/25,22
https://www.bb.org.bd/mediaroom/circulars/fepd/jun172025fepd21e.pdf,FEPD Circular No. 21: Release of foreign exchange against cost of advertisement,"English
Download",17/06/25,21
https://www.bb.org.bd/mediaroom/circulars/fepd/may292025fepdl19e.pdf,FEPD Circular Letter No. 19: Guarantees favoring local project authorities on behalf of residents,"English
Download",29/05/25,19
https://www.bb.org.bd/mediaroom/circulars/fepd/may222025fepd20e.pdf,FEPD Circular No. 20: Release of foreign exchange for study in language course abroad,"English
Download",22/05/25,20
https://www.bb.org.bd/mediaroom/circulars/fepd/may202025fepd19e.pdf,FEPD Circular No. 19: Remittance on account of correspondence courses,"English
Download",20/05/25,19
https://www.bb.org.bd/mediaroom/circulars/fepd/may142025fepd18e.pdf,FEPD Circular No. 18: Exchange rate management.,"English
Download",14/05/25,18
https://www.bb.org.bd/mediaroom/circulars/fepd/may122025fepd17e.pdf,FEPD Circular No. 17: Release of foreign exchange for travel on health ground,"English
Download",12/05/25,17
https://www.bb.org.bd/mediaroom/circulars/brpd/may082025brpd03e.pdf,BRPD Circular No. 03: Transactions with Bank-Related Persons or Institutions,"English
Download",08/05/25,03
https://www.bb.org.bd/mediaroom/circulars/fepd/may042025fepdl18e.pdf,FEPD Circular Letter No. 18: Use of International Remittance Cards as alternative payment channel for permissible remittances,"English
Download",04/05/25,18
https://www.bb.org.bd/mediaroom/circulars/fepd/apr242025fepd16e.pdf,FEPD Circular No. 16: Mobile operators’ receipt of roaming bills in Taka and corresponding outward remittances,"English
Download",24/04/25,16
https://www.bb.org.bd/mediaroom/circulars/fepd/apr212025fepd15e.pdf,FEPD Circular No. 15: Release of foreign exchange on account of examination fees,"English
Download",21/04/25,15
https://www.bb.org.bd/mediaroom/circulars/fepd/apr202025fepd14e.pdf,FEPD Circular No. 14: Remittance against import transactions,"English
Download",20/04/25,14
https://www.bb.org.bd/mediaroom/circulars/fepd/apr132025fepd13e.pdf,FEPD Circular No. 13: Operations of foreign currency accounts in the name of non-resident Bangladeshis,"English
Download",13/04/25,13
https://www.bb.org.bd/mediaroom/circulars/fepd/mar272025fepdl15e.pdf,FEPD Circular Letter No. 15: Credit reports of the foreign suppliers-amended,"English
Download",27/03/25,15
https://www.bb.org.bd/mediaroom/circulars/fepd/mar272025fepdl14e.pdf,FEPD Circular Letter No. 14: Submission of LC documents against import through Land Ports,"English
Download",27/03/25,14
https://www.bb.org.bd/mediaroom/circulars/fepd/mar272025fepdl13e.pdf,"FEPD Circular Letter No. 13: Remittance on account of attending training, seminar, workshop abroad","English
Download",27/03/25,13
https://www.bb.org.bd/mediaroom/circulars/feid/mar272025feid02e.pdf,FEID Circular No. 02: Establishment of legal entities abroad,"English
Download",27/03/25,02
https://www.bb.org.bd/mediaroom/circulars/psd/mar252025psdl02e.pdf,PSD Circular Letter No. 02: Extension of Deadline for Final Call for Establishment of Credit Bureau Application,"English
Download",25/03/25,02
https://www.bb.org.bd/mediaroom/circulars/fepd/feb202025fepdl12e.pdf,FEPD Circular Letter No. 12: Updating of Foreign Exchange Risk Management Guidelines,"English
Download",20/02/25,12
https://www.bb.org.bd/mediaroom/circulars/fepd/feb202025fepdl1008e.pdf,FEPD Letter FEPD(LDA)147(1)/2025-1008: Time extension and clarification regarding FE Circular Letter no. 03; Date; 19/01/2025.,"English
Download",20/02/25,03
https://www.bb.org.bd/mediaroom/circulars/fepd/feb192025fepd12e.pdf,FEPD Circular No. 12: Outward remittances on account of service payments by subsidiaries of foreign companies,"English
Download",19/02/25,12
https://www.bb.org.bd/mediaroom/circulars/fepd/feb122025fepdl10e.pdf,FEPD Circular Letter No. 10: Issuance of repayment commitments as collaterals against external borrowing by resident entities,"English
Download",12/02/25,10
https://www.bb.org.bd/mediaroom/circulars/fepd/feb102025fepdl09e.pdf,FEPD Circular Letter No. 09: Inward wage remittances by licensed Mobile Financial Service Providers (MFSPs) and Payment Service Providers (PSPs),"English
Download",10/02/25,09
https://www.bb.org.bd/mediaroom/circulars/fepd/feb092025fepdl08e.pdf,FEPD Circular Letter No. 08: Flexibility in exchange rate management,"English
Download",09/02/25,08
https://www.bb.org.bd/mediaroom/circulars/fepd/feb092025fepdl07e.pdf,FEPD Circular Letter No. 07: Issuance of letters of credit (LCs) with realization clause-discontinuation,"English
Download",09/02/25,07
https://www.bb.org.bd/mediaroom/circulars/fepd/feb092025fepdl06e.pdf,FEPD Circular Letter No. 06: Retention of export proceeds in back to back settlement pool,"English
Download",09/02/25,06
https://www.bb.org.bd/mediaroom/circulars/feid/feb092025feidl01e.pdf,FEID Circular Letter No. 01: Official Launch of the Foreign Investment and Financing Web Portal,"English
Download",09/02/25,01
https://www.bb.org.bd/mediaroom/circulars/fepd/feb022025fepdl05e.pdf,FEPD Circular Letter No. 05: Forward sale and purchase in foreign exchange,"English
Download",02/02/25,05
https://www.bb.org.bd/mediaroom/circulars/gbcrd/feb022025sfdl01e.pdf,SFD Circular Letter No. 01: Guidelines on Environmental and Social Risk Management (ESRM) for Banks and Finance Companies in Bangladesh. ESDD Checklist,"English
Download",02/02/25,01
https://www.bb.org.bd/mediaroom/circulars/fepd/jan302025fepd11e.pdf,FEPD Circular No. 11: Guidelines for Offshore Banking Business of Scheduled Commercial Banks in Bangladesh,"English
Download",30/01/25,11
https://www.bb.org.bd/mediaroom/circulars/feid/jan272025feid01e.pdf,FEID Circular No. 1: Issue of ordinary shares in favor of non-residents in private/public limited companies not listed with stock exchanges,"English
Download",27/01/25,1
https://www.bb.org.bd/mediaroom/circulars/fepd/jan262025fepd10e.pdf,FEPD Circular No. 10: Repatriation facilities by PSPs to ITES exporters,"English
Download",26/01/25,10
https://www.bb.org.bd/mediaroom/circulars/fepd/jan262025fepd09e.pdf,FEPD Circular No. 09: Forward sale and purchase in foreign exchange,"English
Download",26/01/25,09
https://www.bb.org.bd/mediaroom/circulars/brpd/jan232025brpdl03e.pdf,BRPD Circular Letter No. 03: Implementation of ECL-based Loan Classification and Provisioning under IFRS 9.,"English
Download",23/01/25,03
https://www.bb.org.bd/mediaroom/circulars/dmd/jan222025dmdl05e.pdf,DMD Circular Letter No. 05: Regarding Sukuk Allotment Quota,"English
Download",22/01/25,05
https://www.bb.org.bd/mediaroom/circulars/fepd/jan202025fepd08e.pdf,FEPD Circular No. 08: Extension of usance period against imports of industrial raw materials,"English
Download",20/01/25,08
https://www.bb.org.bd/mediaroom/circulars/psd/jan192025psd01e.pdf,PSD Circular No. 01: Bangladesh Real Time Gross Settlement (BD-RTGS) System Rules,"English
Download",19/01/25,01
https://www.bb.org.bd/mediaroom/circulars/fepd/jan192025fepdl03e.pdf,FEPD Circular Letter No. 03: Addendum to “Policy regarding the establishment of Drawing Arrangement between the Exchange House abroad and the Bank operating in Bangladesh”,"English
Download",19/01/25,03
https://www.bb.org.bd/mediaroom/circulars/fepd/jan192025fepdl02e.pdf,FEPD Circular Letter No. 02: Wage Remittance: Amendment of Drawing Arrangement and Security Deposit.,"English
Download",19/01/25,02
https://www.bb.org.bd/mediaroom/circulars/fepd/jan142025fepd07e.pdf,FEPD Circular No. 07: Credit reports of the foreign suppliers,"English
Download",14/01/25,07
https://www.bb.org.bd/mediaroom/circulars/fepd/jan142025fepd06e.pdf,FEPD Circular No. 06: Inland letters of credit (LCs) in foreign currencies-simplification of operational modalities,"English
Download",14/01/25,06
https://www.bb.org.bd/mediaroom/circulars/fepd/jan142025fepd5e.pdf,FEPD Circular No. 05: Operations of Non-resident Taka Accounts (NRTAs),"English
Download",14/01/25,05
https://www.bb.org.bd/mediaroom/circulars/fepd/jan132025fepd04e.pdf,FEPD Circular No. 04: Retention of foreign currency in Agent’s Retention Quota accounts,"English
Download",13/01/25,04
https://www.bb.org.bd/mediaroom/circulars/fepd/jan122025fepdl01e.pdf,FEPD Circular Letter No. 01: Licence renewal fee through BEFTN by licenced Money Changers (MCs).,"English
Download",12/01/25,01
https://www.bb.org.bd/mediaroom/circulars/fepd/jan122025fepd03e.pdf,FEPD Circular No. 03: Remittances on account of fees for banking services and capital market intermediaries.,"English
Download",12/01/25,03
https://www.bb.org.bd/mediaroom/circulars/fepd/jan082025fepd02e.pdf,FEPD Circular No. 02: Issuance of Bank Guarantee/Standby Letter of Credit on behalf of importer in favor of foreign suppliers,"English
Download",08/01/25,02
https://www.bb.org.bd/mediaroom/circulars/fepd/jan022025fepd01e.pdf,FEPD Circular No. 01: Application of spread between buying and selling of foreign currency,"English
Download",02/01/25,01
https://www.bb.org.bd/mediaroom/circulars/fepd/dec312024fepd38e.pdf,FEPD Circular No. 38: Exchange Rate Management Regime,"English
Download",31/12/24,38
https://www.bb.org.bd/mediaroom/circulars/brpd/dec312024brpdl59e.pdf,BRPD Circular Letter No. 59: Prudential Regulations for Consumer Financing (Regulation for Auto Loans),"English
Download",31/12/24,59
https://www.bb.org.bd/mediaroom/circulars/fepd/dec312024fepd37e.pdf,FEPD Circular No. 37: Release of foreign exchange for travel on health ground,"English
Download",31/12/24,37
https://www.bb.org.bd/mediaroom/circulars/fsd/dec302024fsd01e.pdf,FSD Circular No. 01: Guidelines on Stress Testing,"English
Download",30/12/24,01
https://www.bb.org.bd/mediaroom/circulars/scd/dec222024scd01e.pdf,"SD Circular no 01 : The Special Regulations of Bangladesh Bank,2024","English
Download",22/12/24,01
https://www.bb.org.bd/mediaroom/circulars/brpd/dec012024brpd16e.pdf,BRPD Circular No. 16: Identification of Ultimate Beneficial Owners (UBOs) and Disclosure of Ownership Structure of Banks,"English
Download",01/12/24,16
https://www.bb.org.bd/mediaroom/circulars/fepd/dec012024fepd35e.pdf,FEPD Circular No. 35: Import of Capital Machinery on Usance Term,"English
Download",01/12/24,35
https://www.bb.org.bd/mediaroom/circulars/fepd/nov282024fepd34e.pdf,FEPD Circular No. 34: Submission of monthly statement of buyer's credit,"English
Download",28/11/24,34
https://www.bb.org.bd/mediaroom/circulars/brpd/nov272024brpd15e.pdf,BRPD Circular No. 15: Master Circular: Loan Classification and Provisioning.,"English
Download",27/11/24,15
https://www.bb.org.bd/mediaroom/circulars/feid/nov202024feid02e.pdf,FEID Circular No. 02:Guidelines for Operations of Business in Bangladesh by Joint Ventures/Consortiums/Associations (JVCA) having foreign partner(s).,"English
Download",20/11/24,02
https://www.bb.org.bd/mediaroom/circulars/feid/nov202024feid01e.pdf,FEID Circular No. 01:Registration of Agreements for remittances abroad against services received from International Service Providers by local companies running Star-rated Hotel Business in Bangladesh.,"English
Download",20/11/24,01
https://www.bb.org.bd/mediaroom/circulars/fepd/nov192024fepd32e.pdf,"FEPD Circular No. 32: Submission of documents in support of import payments in advance, phase-out","English
Download",19/11/24,32
https://www.bb.org.bd/mediaroom/circulars/fepd/nov192024fepd31e.pdf,FEPD Circular No. 31: Release of foreign currency against private travel entitlements by Licensed Money Changers,"English
Download",19/11/24,31
https://www.bb.org.bd/mediaroom/circulars/dos/nov172024dosl26e.pdf,DOS Circular Letter No. 26: List of Holidays for the Year 2025,"English
Download",17/11/24,26
https://www.bb.org.bd/mediaroom/circulars/fepd/nov122024fepd30e.pdf,FEPD Circular No. 30: Timely Settlement of Import Payments,"English
Download",12/11/24,30
https://www.bb.org.bd/mediaroom/circulars/fepd/nov112024fepd29e.pdf,FEPD Circular No. 29: Import transactions under usance terms,"English
Download",11/11/24,29
https://www.bb.org.bd/mediaroom/circulars/fepd/oct312024fepd28e.pdf,FEPD Circular No. 28: Interest/profit on Resident Foreign Currency Deposit (RFCD) accounts,"English
Download",31/10/24,28
https://www.bb.org.bd/mediaroom/circulars/fepd/oct302024fepd27e.pdf,FEPD Circular No. 27: Outward remittances on account of bandwidth and related service import,"English
Download",30/10/24,27
https://www.bb.org.bd/mediaroom/circulars/fepd/oct302024fepd26e.pdf,"FEPD Circular No. 26: Issuance of guarantees on behalf of residents in favor of non-residents, flexibility of","English
Download",30/10/24,26
https://www.bb.org.bd/mediaroom/circulars/fepd/oct242024fepd24e.pdf,FEPD Circular No. 24: Usance import under purchases/sales contracts,"English
Download",24/10/24,24
https://www.bb.org.bd/mediaroom/circulars/fepd/oct172024fepd23e.pdf,FEPD Circular No. 23: Maintenance of bank accounts abroad and deposits therein,"English
Download",17/10/24,23
https://www.bb.org.bd/mediaroom/circulars/fepd/oct172024fepd22e.pdf,FEPD Circular No. 22: Outward remittances on account of cloud and other related service usage fees,"English
Download",17/10/24,22
https://www.bb.org.bd/mediaroom/circulars/fepd/oct172024fepd21e.pdf,FEPD Circular No. 21: Remittance of aircraft lease rental by airlines incorporated in Bangladesh,"English
Download",17/10/24,21
https://www.bb.org.bd/mediaroom/circulars/dmd/oct142024dmd02e.pdf,DMD Circular No. 02: Regarding fixation of fees/charges against service of govt. securities.,"English
Download",14/10/24,02
https://www.bb.org.bd/mediaroom/circulars/dmd/oct142024dmdl11e.pdf,DMD Circular Letter No. 11: Regarding Mark-to-Market (MTM) Revaluation of Floating Rate Treasury Bond (FRTB) held under HFT category by banks.,"English
Download",14/10/24,11
https://www.bb.org.bd/mediaroom/circulars/fepd/oct142024fepd20e.pdf,FEPD Circular No. 20: Simplification of declaration process for small value export under Business-to-Consumer on e-Commerce website,"English
Download",14/10/24,20
https://www.bb.org.bd/mediaroom/circulars/fepd/oct032024fepd19e.pdf,FEPD Circular No. 19: Issuance of payment commitments as collaterals against surplus earnings payable to airlines/shipping companies abroad,"English
Download",03/10/24,19
https://www.bb.org.bd/mediaroom/circulars/fepd/oct022024fepd18e.pdf,FEPD Circular No. 18: Taka loans to Non-resident Bangladeshi (NRBs) working abroad,"English
Download",02/10/24,18
https://www.bb.org.bd/mediaroom/circulars/fepd/oct022024fepd17e.pdf,FEPD Circular No. 17: Enhancement of the scope of remittance for academic/research related subscription,"English
Download",02/10/24,17
https://www.bb.org.bd/mediaroom/circulars/fepd/oct022024fepdl15e.pdf,FEPD Circular Letter No. 15: Remittance on account of freight charges against FOB imports,"English
Download",02/10/24,15
https://www.bb.org.bd/mediaroom/circulars/fepd/sep252024fepdl14e.pdf,FEPD Circular Letter No. 14: Settlement of payments for current account transactions under ACU mechanism.,"English
Download",25/09/24,14
https://www.bb.org.bd/mediaroom/circulars/fepd/sep012024fepd15e.pdf,FEPD Circular No. 15: Interest rate on borrowing from Export Development Fund (EDF),"English
Download",01/09/24,15
https://www.bb.org.bd/mediaroom/circulars/fepd/aug202024fepdl13e.pdf,FEPD Circular Letter No. 13: Regarding fund transfer from Domestic Banking to Offshore Banking Operations,"English
Download",20/08/24,13
https://www.bb.org.bd/mediaroom/circulars/dbi-3/jul162024dbi-3l02e.pdf,DBI-3 Circular Letter No. 02: Appointment of Audit Firms (Chartered Accountants) to conduct Audit in Banks and Finance Companies.,"English
Download",16/07/24,02
https://www.bb.org.bd/mediaroom/circulars/fepd/jul162024fepdl%2011e.pdf,FEPD Circular Letter No. 11: Regarding submission of applications to record the refunded import payments in Online Import Monitoring System,"English
Download",16/07/24,11
https://www.bb.org.bd/mediaroom/circulars/psd/jul092024psd08e.pdf,PSD Circular No. 08: Interoperable Digital Transaction Platform (IDTP) 'Binimoy' Operating Rules,"English
Download",09/07/24,08
https://www.bb.org.bd/mediaroom/circulars/fepd/jun302024fepd13e.pdf,FEPD Circular No. 13: Extension of usance period against imports of industrial raw materials,"English
Download",30/06/24,13
https://www.bb.org.bd/mediaroom/circulars/fepd/may202024fepdl07e.pdf,FEPD Circular Letter No. 07: Realization of export proceeds,"English
Download",20/05/24,07
https://www.bb.org.bd/mediaroom/circulars/feod/may202024feod02e.pdf,FEOD Circular No. 02: Remittances of surplus earnings and submission of monthly/quarterly statement by foreign airlines as well as foreign shipping companies operating in Bangladesh.,"English
Download",20/05/24,02
https://www.bb.org.bd/mediaroom/circulars/brpd/may132024brpd12e.pdf,"BRPD Circular No. 12: Core Banking Solution (CBS) Features and Controls, Version 2.0, May, 2024.","English
Download",13/05/24,12
https://www.bb.org.bd/mediaroom/circulars/fepd/may092024fepdl05e.pdf,FEPD Circular Letter No. 05: Relaxation on single transaction through International Card issued against Resident Foreign Currency Deposit (RFCD) Account,"English
Download",09/05/24,05
https://www.bb.org.bd/mediaroom/circulars/fepd/may082024fepd10e.pdf,FEPD Circular No. 10: Facilitating Operations of Private Foreign Currency Accounts and Non-Resident Foreign Currency Deposit (NFCD) Accounts,"English
Download",08/05/24,10
https://www.bb.org.bd/mediaroom/circulars/brpd/may082024brpd10e.pdf,BRPD Circular No. 10: Interest/Profit Rate of Loan/Investment.,"English
Download",08/05/24,10
https://www.bb.org.bd/mediaroom/circulars/fepd/may082024fepd09e.pdf,FEPD Circular No. 09: Introduction of Crawling Peg Exchange Rate System,"English
Download",08/05/24,09
https://www.bb.org.bd/mediaroom/circulars/smespd/apr162024smespdl01e.pdf,SMESPD Circular Letter No. 01: Re-fixing interest rate on pre-finance facility under SREUP,"English
Download",16/04/24,01
https://www.bb.org.bd/mediaroom/circulars/brpd/apr082024brpdl17e.pdf,BRPD Circular Letter No. 17: Charging interest & repayment procedure of Term Loan,"English
Download",08/04/24,17
https://www.bb.org.bd/mediaroom/circulars/brpd/apr082024brpd09e.pdf,BRPD Circular No. 09: Definition of Past due/Overdue of Fixed Term Loan,"English
Download",08/04/24,09
https://www.bb.org.bd/mediaroom/circulars/fepd/mar182024fepdl01e.pdf,"FEPD Circular Letter No. 01: Offshore Banking Act, 2024 (Act No. 2 of 2024) circulation","English
Download",18/03/24,01
https://www.bb.org.bd/mediaroom/circulars/fepd/mar102024fepd08e.pdf,FEPD Circular No. 08: Settlement of import and export transactions through counter-trade arrangements,"English
Download",10/03/24,08
https://www.bb.org.bd/mediaroom/circulars/feod/mar032024feod01e.pdf,FEOD Circular No. 01: Discontinuation of Submission of Export related Statements to Bangladesh Bank.,"English
Download",03/03/24,01
https://www.bb.org.bd/mediaroom/circulars/fepd/feb292024fepd07e.pdf,FEPD Circular No. 07: Relaxation of Regulatory Requirement in Offshore Banking Operations,"English
Download",29/02/24,07
https://www.bb.org.bd/mediaroom/circulars/fepd/feb152024fepd06e.pdf,FEPD Circular No. 06: Currency Swap between Bangladesh Bank and Commercial Banks,"English
Download",15/02/24,06
https://www.bb.org.bd/mediaroom/circulars/dbi-3/feb052024dbi-3l01e.pdf,DBI-3 Circular Letter No. 01: List of Audit Firms (Chartered Accountants) Eligible for Auditing Banks and Finance Companies.,"English
Download",05/02/24,01
https://www.bb.org.bd/mediaroom/circulars/fepd/feb012024fepd04e.pdf,FEPD Circular No. 04: Interest rate ceiling for short term permissible trade finance in foreign exchange,"English
Download",01/02/24,04
https://www.bb.org.bd/mediaroom/circulars/fepd/jan112024fepd01e.pdf,FEPD Circular No. 01: Import transactions under usance terms.,"English
Download",11/01/24,01
https://www.bb.org.bd/mediaroom/circulars/feid/dec282023feidl07e.pdf,FEID Circular Letter No. 07: Placement of fund from Offshore Banking Operations (OBOs) to Domestic Banking Units (DBUs).,"English
Download",28/12/23,07
https://www.bb.org.bd/mediaroom/circulars/gbcrd/dec262023sfd06e.pdf,SFD Circular No. 06: Guideline on Sustainability and Climate-related Financial Disclosure. Download Format,"English
Download",26/12/23,06
https://www.bb.org.bd/mediaroom/circulars/brpd/dec202023brpd18e.pdf,BRPD Circular No. 18: Bancassurance Guidelines for Banks.,"English
Download",20/12/23,18
https://www.bb.org.bd/mediaroom/circulars/fepd/dec142023fepd21e.pdf,FEPD Circular No. 21: Extension of usance period against imports of industrial raw materials.,"English
Download",14/12/23,21
https://www.bb.org.bd/mediaroom/circulars/feid/dec132023feid01e.pdf,"FEID Circular No. 01: Issuance of No Objection Certificate (NOC) in favor of Branch, Liaison, Representative, Project office of foreign companies and notification of Closure of Bank Accounts.","English
Download",13/12/23,01
https://www.bb.org.bd/mediaroom/circulars/brpd/dec052023brpd17e.pdf,BRPD Circular No. 17: Prompt Corrective Action (PCA) Framework,"English
Download",05/12/23,17
https://www.bb.org.bd/mediaroom/circulars/fepd/dec032023fepdl19e.pdf,FEPD Circular Letter No. 19: Wider scope in operations of Resident Foreign Currency Deposit (RFCD) accounts,"English
Download",03/12/23,19
https://www.bb.org.bd/mediaroom/circulars/fepd/nov292023fepd19e.pdf,FEPD Circular No. 19: Maintaining FC accounts by resident Bangladeshis and others with Offshore Banking Operations,"English
Download",29/11/23,19
https://www.bb.org.bd/mediaroom/circulars/dbi-3/nov282023dbi-301e.pdf,DBI-3 Circular No. 01: List of Audit Firms (Chartered Accountants) Eligible for Auditing Banks and Non-Bank Financial Institutions.,"English
Download",28/11/23,01
https://www.bb.org.bd/mediaroom/circulars/dos/nov122023dosl25e.pdf,DOS Circular Letter No. 25: List of Holidays for the Year 2024.,"English
Download",12/11/23,25
https://www.bb.org.bd/mediaroom/circulars/dmd/nov072023dmdl09e.pdf,DMD Circular Letter No. 09: Appointment of Citizens Bank PLC as Primary Dealer (PD),"English
Download",07/11/23,09
https://www.bb.org.bd/mediaroom/circulars/fepd/oct302023fepdl18e.pdf,FEPD Circular Letter No. 18: Realization of Export Proceeds,"English
Download",30/10/23,18
https://www.bb.org.bd/mediaroom/circulars/ipffii/oct252023ipffii01e.pdf,IPFF II Circular No. 01: Amendment of Operations Manual of Investment Promotion and Financing Facility II (IPFF II) and Operational Directives of Investment Promotion and Financing Facility Project,"English
Download",25/10/23,01
https://www.bb.org.bd/mediaroom/circulars/feid/oct172023feidl06e.pdf,"FEID Circular Letter No. 06: Guidelines for Granting Permission for Establishment of Foreign Commercial Offices in Bangladesh, Providing Recommendations of Visas and Issuing Work Permits to Foreign Workers, 2023’by Bangladesh Investment Development Authority (BIDA)","English
Download",17/10/23,06
https://www.bb.org.bd/mediaroom/circulars/fid/oct082023dfiml21e.pdf,DFIM Circular Letter No. 21: Interest/Profit Rate of Deposit and Loan/Lease/Investment.,"English
Download",08/10/23,21
https://www.bb.org.bd/mediaroom/circulars/fepd/oct082023fepdl16e.pdf,FEPD Circular Letter No. 16: Settlement of import liabilities out of export proceeds.,"English
Download",08/10/23,16
https://www.bb.org.bd/mediaroom/circulars/fepd/sep262023fepdl13e.pdf,FEPD Circular Letter No. 13: Revised Pricing terms of USD and EURO financing under Green Transformation Fund (GTF).,"English
Download",26/09/23,13
https://www.bb.org.bd/mediaroom/circulars/fepd/sep262023fepdl12e.pdf,FEPD Circular Letter No. 12: Forward sale and purchase in foreign exchange,"English
Download",26/09/23,12
https://www.bb.org.bd/mediaroom/circulars/fepd/sep242023fepd16e.pdf,FEPD Circular No. 16: Forward sale and purchase in foreign exchange,"English
Download",24/09/23,16
https://www.bb.org.bd/mediaroom/circulars/fepd/sep242023fepd15e.pdf,FEPD Circular No. 15: Reinstatement of limits of Exporters’ Retention Quota (ERQ) accounts,"English
Download",24/09/23,15
https://www.bb.org.bd/mediaroom/circulars/smespd/sep202023smespdl09e.pdf,SMESPD Circular Letter No. 09: Revised Operations Manual for refinancing under 'COVID-19 Emergency and Crisis Response Facility Project (CECRFP).',"English
Download",20/09/23,09
https://www.bb.org.bd/mediaroom/circulars/fepd/sep192023fepdl11e.pdf,FEPD Circular Letter No. 11: Inward wage remittances by licensed Payment Service Providers (PSPs),"English
Download",19/09/23,11
https://www.bb.org.bd/mediaroom/circulars/fepd/sep042023fepdl9e.pdf,FEPD Circular Letter No. 9: Settlement of import liabilities out of export proceeds,"English
Download",04/09/23,9
https://www.bb.org.bd/mediaroom/circulars/dmd/aug272023dmdl06e.pdf,DMD Circular Letter No. 06: Regarding Sukuk Allotment Quota,"English
Download",27/08/23,06
https://www.bb.org.bd/mediaroom/circulars/feid/aug102023feidl05e.pdf,FEID Circular Letter No. 05: Opening and operations of Non-resident Investor’s Taka Accounts (NITAs) through online interactive web platform of ADs by Non-resident Bangladeshis (NRBs).,"English
Download",10/08/23,05
https://www.bb.org.bd/mediaroom/circulars/feod/aug092023feod03e.pdf,SPA Circular No. 03: Generation of “Information of freight charge on prepaid basis against export”& “Information of freight charge against FOB (or similar term) import” by using Bangladesh Bank Online Export Monitoring System (OEMS) & Bangladesh Bank Online Import Monitoring System (OIMS) respectively.,"English
Download",09/08/23,03
https://www.bb.org.bd/mediaroom/circulars/fssspd/jul162023fssspd01e.pdf,FSSSPD Circular No. 01: Bangladesh Bank - Long Term Financing Facility (BB-LTFF),"English
Download",16/07/23,01
https://www.bb.org.bd/mediaroom/circulars/fepd/jul162023fepd12e.pdf,FEPD Circular No. 12: Discount claims against export trade,"English
Download",16/07/23,12
https://www.bb.org.bd/mediaroom/circulars/fepd/jun262023fepd11e.pdf,FEPD Circular No. 11: Extension of usance period against imports of industrial raw materials,"English
Download",26/06/23,11
https://www.bb.org.bd/mediaroom/circulars/fepd/jun212023fepd10e.pdf,FEPD Circular No. 10: Maintenance of foreign currency (FC) accounts for foreign investment,"English
Download",21/06/23,10
https://www.bb.org.bd/mediaroom/circulars/brpd/jun152023brpd08e.pdf,BRPD Circular No. 08: Issuance of `Guidelines to Establish Digital Bank'.,"English
Download",15/06/23,08
https://www.bb.org.bd/mediaroom/circulars/fepd/jun012023fepdl05e.pdf,FEPD Circular Letter No. 05: Requirement of membership with relevant association for money changing operations,"English
Download",01/06/23,05
https://www.bb.org.bd/mediaroom/circulars/dmd/may282023dmdl05e.pdf,DMD Circular Letter No. 05: Regarding Withdrawal of Automatic Reinvestment Facility of Manually Issued 5-Year Bangladesh Savings Certificate..,"English
Download",28/05/23,05
https://www.bb.org.bd/mediaroom/circulars/brpd/apr252023brpd06e.pdf,BRPD Circular No. 06: Policy on Off-Balance Sheet (OBS) Exposure.,"English
Download",25/04/23,06
https://www.bb.org.bd/mediaroom/circulars/fepd/apr132023fepd07e.pdf,FEPD Circular No. 07: Interest rate on borrowing from Export Development Fund (EDF),"English
Download",13/04/23,07
https://www.bb.org.bd/mediaroom/circulars/feod/apr102023feod02e.pdf,SPA Circular No. 02: Foreign currency accounts in the names of Bangladeshi Shipping Companies and Airlines,"English
Download",10/04/23,02
https://www.bb.org.bd/mediaroom/circulars/feod/apr102023feod01e.pdf,SPA Circular No. 01: Submission of statement by Bangladeshi Shipping Companies/Airlines,"English
Download",10/04/23,01
https://www.bb.org.bd/mediaroom/circulars/feid/apr092023feidl04e.pdf,FEID Circular Letter No. 04: Placement of fund from Offshore Banking Operations (OBOs) to Domestic Banking Units (DBUs),"English
Download",09/04/23,04
https://www.bb.org.bd/mediaroom/circulars/fepd/apr092023fepd06e.pdf,FEPD Circular No. 06: Ceiling against borrowing from Export Development Fund (EDF),"English
Download",09/04/23,06
https://www.bb.org.bd/mediaroom/circulars/feid/mar272023feidl03e.pdf,FEID Circular Letter No. 03: Amendment of Operating Guidelines regarding Steering Committee under the Two Step Loan (TSL) Component of Foreign Direct Investment Promotion Project.,"English
Download",27/03/23,03
https://www.bb.org.bd/mediaroom/circulars/fepd/mar192023fepd05e.pdf,FEPD Circular No. 05: Repayment of loans availed from Export Development Fund (EDF),"English
Download",19/03/23,05
https://www.bb.org.bd/mediaroom/circulars/fid/mar072023dfiml04e.pdf,"DFIM Circular Letter No. 04: Regarding setting the English and Bangla theme for International Women's Day, 8th March, 2023.","English
Download",07/03/23,04
https://www.bb.org.bd/mediaroom/circulars/fepd/mar062023fepd04e.pdf,FEPD Circular No. 04: Realization of export proceeds,"English
Download",06/03/23,04
https://www.bb.org.bd/mediaroom/circulars/fepd/feb222023fepd03e.pdf,FEPD Circular No. 03: Enhancement of limit for declaration on Form-C against inward remittances,"English
Download",22/02/23,03
https://www.bb.org.bd/mediaroom/circulars/smespd/feb162023smespdl03e.pdf,"SMESPD Circular Letter No. 03: Additional Refinance fund for COVID-19 affected Cottage, Micro, Small and Medium Enterprises (CMSME) sector under 'COVID-19 Emergency and Crisis Response Facility Project (CECRFP, L0415-A)' funded by Asian Infrastructure Investment Bank (AIIB)","English
Download",16/02/23,03
https://www.bb.org.bd/mediaroom/circulars/fepd/feb052023fepdl02e.pdf,"FEPD Circular Letter No. 02: Retention quota accounts for export of software, ICT and other services","English
Download",05/02/23,02
https://www.bb.org.bd/mediaroom/circulars/brpd/feb022023brpdl03e.pdf,BRPD Circular Letter No. 03: Loan Classification and Provisioning.,"English
Download",02/02/23,03
https://www.bb.org.bd/mediaroom/circulars/fepd/feb012023fepd02e.pdf,FEPD Circular No. 02: Interest rate on borrowing from Export Development Fund (EDF),"English
Download",01/02/23,02
https://www.bb.org.bd/mediaroom/circulars/fepd/feb012023fepd01e.pdf,FEPD Circular No. 01: Inward Remittance-Declaration on Form-C,"English
Download",01/02/23,01
https://www.bb.org.bd/mediaroom/circulars/dos/jan242023dosl03e.pdf,DOS Circular Letter No. 03: Introduction of new Input Template for Comprehensive Risk Management Report (CRMR). Data Input Template,"English
Download",24/01/23,03
https://www.bb.org.bd/mediaroom/circulars/fepd/jan162023fepdl01e.pdf,FEPD Circular Letter No. 01: Long Term Financing Facility (LTFF) under the Financial Sector Support Project (FSSP),"English
Download",16/01/23,01
https://www.bb.org.bd/mediaroom/circulars/feid/jan082023feidl02e.pdf,FEID Circular Letter No. 02: Regarding simplification of documentary formalities for opening Non-Resident Investor’s Taka Accounts (NITAs),"English
Download",08/01/23,02
https://www.bb.org.bd/mediaroom/circulars/feid/jan042023feidl01e.pdf,FEID Circular Letter No. 01: Time extension for placement of fund from Offshore Banking Operations (OBOs) to Domestic Banking Units,"English
Download",04/01/23,01
https://www.bb.org.bd/mediaroom/circulars/fepd/dec292022fepdl47e.pdf,FEPD Circular Letter No. 47: Regarding approved 'Open Position Limit',"English
Download",29/12/22,47
https://www.bb.org.bd/mediaroom/circulars/fepd/dec152022fepd37e.pdf,FEPD Circular No. 37: Discount claims against export trade,"English
Download",15/12/22,37
https://www.bb.org.bd/mediaroom/circulars/fepd/dec132022fepd36e.pdf,FEPD Circular No. 36: Import transactions under usance terms,"English
Download",13/12/22,36
https://www.bb.org.bd/mediaroom/circulars/feod/dec122022feodl02e.pdf,SPA Circular Letter No. 02: Purchase of fuel/oil in foreign exchange by Airlines/ Shipping lines or their agents in Bangladesh.,"English
Download",12/12/22,02
https://www.bb.org.bd/mediaroom/circulars/fepd/nov292022fepd35e.pdf,FEPD Circular No. 35: Bangladesh Bank's transactions with Authorized Dealers,"English
Download",29/11/22,35
https://www.bb.org.bd/mediaroom/circulars/fepd/nov292022fepd34e.pdf,FEPD Circular No. 34: Inward wage remittances by Mobile Financial Service Providers (MFSPs),"English
Download",29/11/22,34
https://www.bb.org.bd/mediaroom/circulars/fepd/nov282022fepd33e.pdf,FEPD Circular No. 33: Working capital loans to industrial enterprises operating in Domestic Processing Areas(DPAs) of Economic Zones(EZs).,"English
Download",28/11/22,33
https://www.bb.org.bd/mediaroom/circulars/fepd/nov162022fepd32e.pdf,FEPD Circular No. 32: Extension of usance period against imports of industrial raw materials,"English
Download",16/11/22,32
https://www.bb.org.bd/mediaroom/circulars/fepd/nov162022fepd31e.pdf,FEPD Circular No. 31: Encashment certificate against inward remittances on account of Information Technology Enabled Services (ITES) exports,"English
Download",16/11/22,31
https://www.bb.org.bd/mediaroom/circulars/dos/nov132022dosl36e.pdf,DOS Circular Letter No. 36: List of Holidays for the year 2023,"English
Download",13/11/22,36
https://www.bb.org.bd/mediaroom/circulars/fepd/nov102022fepdl42e.pdf,FEPD Circular Letter No. 42: Stock of cash currency and foreign currency account maintained by Money Changers.,"English
Download",10/11/22,42
https://www.bb.org.bd/mediaroom/circulars/fepd/nov092022fepdl41e.pdf,FEPD Circular Letter No. 41: Release of foreign exchange for online study abroad,"English
Download",09/11/22,41
https://www.bb.org.bd/mediaroom/circulars/fepd/nov082022fepd30e.pdf,FEPD Circular No. 30: Interest rate on borrowing from Export Development Fund (EDF),"English
Download",08/11/22,30
https://www.bb.org.bd/mediaroom/circulars/fepd/oct272022fepdl39e.pdf,FEPD Circular Letter No. 39: Payments through Asian Clearing Union (ACU),"English
Download",27/10/22,39
https://www.bb.org.bd/mediaroom/circulars/fepd/oct202022fepd29e.pdf,FEPD Circular No. 29: Transactional procedures for import trade on phase-out of LCAF,"English
Download",20/10/22,29
https://www.bb.org.bd/mediaroom/circulars/brpd/oct112022brpdl39e.pdf,BRPD Circular Letter No. 39: Single Borrower and Large Loan Exposure Limit,"English
Download",11/10/22,39
https://www.bb.org.bd/mediaroom/circulars/fepd/oct102022fepd28e.pdf,FEPD Circular No. 28: Payment of fees for webinar solution services to conduct virtual meetings,"English
Download",10/10/22,28
https://www.bb.org.bd/mediaroom/circulars/fepd/oct102022fepdl36e.pdf,FEPD Circular Letter No. 36: Price verification of import transactions,"English
Download",10/10/22,36
https://www.bb.org.bd/mediaroom/circulars/fepd/sep282022fepd27e.pdf,FEPD Circular No. 27: All-in-cost ceiling for short term permissible trade finance in foreign exchange,"English
Download",28/09/22,27
https://www.bb.org.bd/mediaroom/circulars/smespd/sep262022smespdl06e.pdf,SMESPD Circular Letter No. 06: Re-fixing Interest Rate on Pre-finance Facility under SREUP,"English
Download",26/09/22,06
https://www.bb.org.bd/mediaroom/circulars/gbcrd/sep202022sfd05e.pdf,SFD Circular No. 05: Policy on Green Bond Financing for Banks and FIs,"English
Download",20/09/22,05
https://www.bb.org.bd/mediaroom/circulars/fepd/sep192022fepdl35e.pdf,FEPD Circular Letter No. 35: Appointment of Audit Firm for Auditing of Cash Incentive/Export Subsidy,"English
Download",19/09/22,35
https://www.bb.org.bd/mediaroom/circulars/fepd/sep152022fepd25e.pdf,FEPD Circular No. 25: Maintaining Correspondent Accounts in Chinese Yuan Renminbi (CNY),"English
Download",15/09/22,25
https://www.bb.org.bd/mediaroom/circulars/fepd/sep152022fepd24e.pdf,"FEPD Circular No. 24: Prohibition regarding virtual assets, virtual currencies and facilitating their exchange/transfer/trading","English
Download",15/09/22,24
https://www.bb.org.bd/mediaroom/circulars/fepd/sep152022fepd23e.pdf,FEPD Circular No. 23: Import of raw materials for pre-fabricated steel structure industries on deferred payment basis,"English
Download",15/09/22,23
https://www.bb.org.bd/mediaroom/circulars/fepd/sep152022fepdl34e.pdf,FEPD Circular Letter No. 34: Regulatory framework on repatriation of export proceeds and compliance thereof,"English
Download",15/09/22,34
https://www.bb.org.bd/mediaroom/circulars/fepd/sep152022fepdl33e.pdf,FEPD Circular Letter No. 33: Partial repayment of loans against Export Development Fund (EDF),"English
Download",15/09/22,33
https://www.bb.org.bd/mediaroom/circulars/fepd/sep142022fepd22e.pdf,FEPD Circular No. 22: Foreign exchange transactions for merchanting trade,"English
Download",14/09/22,22
https://www.bb.org.bd/mediaroom/circulars/feid/sep122022feidl03e.pdf,FEID Circular Letter No. 03: Amendment of Eligibility Criteria of End-borrowers under the Two-Step Loan (TSL) Component of Foreign Direct Investment Promotion Project (FDIPP).,"English
Download",12/09/22,03
https://www.bb.org.bd/mediaroom/circulars/fepd/sep062022fepdl32e.pdf,FEPD Circular Letter No. 32: Settlement of import liabilities out of export proceeds,"English
Download",06/09/22,32
https://www.bb.org.bd/mediaroom/circulars/frtmd/aug282022frtmd01e.pdf,FRTMD Circular No 01: FC Clearing Through BD-RTGS System,"English
Download",28/08/22,01
https://www.bb.org.bd/mediaroom/circulars/fepd/aug162022fepd21e.pdf,FEPD Circular No. 21: All-in-cost ceiling for short term permissible trade finance in foreign exchange,"English
Download",16/08/22,21
https://www.bb.org.bd/mediaroom/circulars/fepd/aug162022fepdl31e.pdf,FEPD Circular Letter No. 31: Retention quota facilities against local delivery under back to back LCs,"English
Download",16/08/22,31
https://www.bb.org.bd/mediaroom/circulars/fepd/aug102022fepd20e.pdf,FEPD Circular No. 20: Relaxation for permission of drawing arrangements between Authorized Dealers and exchange houses abroad,"English
Download",10/08/22,20
https://www.bb.org.bd/mediaroom/circulars/fepd/aug032022fepdl30e.pdf,FEPD Circular Letter No. 30: Encashment of value added portion of repatriated export proceeds,"English
Download",03/08/22,30
https://www.bb.org.bd/mediaroom/circulars/fepd/aug012022fepd19e.pdf,FEPD Circular No. 19: Interest rate ceiling on Non-resident Foreign Currency Deposit (NFCD) Accounts,"English
Download",01/08/22,19
https://www.bb.org.bd/mediaroom/circulars/dfim/jul312022dfiml17e.pdf,DFIM Circular Letter No. 17: Regarding name change of 'Delta Brac Housing Finance Corporation Limited' to 'DBH Finance PLC',"English
Download",31/07/22,17
https://www.bb.org.bd/mediaroom/circulars/fepd/jul282022fepdl29e.pdf,FEPD Circular Letter No. 29: Online reporting of import information to Bangladesh Bank web portal,"English
Download",28/07/22,29
https://www.bb.org.bd/mediaroom/circulars/smespd/jul262022smespdl05e.pdf,"SMESPD Circular Letter No. 05: Addendum of Operating Guidelines for JICA assisted Urban Building Safety Project (UBSP, BD-P84)","English
Download",26/07/22,05
https://www.bb.org.bd/mediaroom/circulars/fepd/jul262022fepdl28e.pdf,FEPD Circular Letter No. 28: Encashment of balances held in ERQ accounts and revision of its limit,"English
Download",26/07/22,28
https://www.bb.org.bd/mediaroom/circulars/smespd/jul212022smespdl03e.pdf,"SMESPD Circular Letter No. 03: Financing facility under ""Line of Finance to Support SMEs Project under the IsDB SPRP for Covid-19, Restore Track (LFSSP), BGD-1074.""","English
Download",21/07/22,03
https://www.bb.org.bd/mediaroom/circulars/fepd/jul202022fepd18e.pdf,FEPD Circular No. 18: Extension of usance period of import of industrial raw materials,"English
Download",20/07/22,18
https://www.bb.org.bd/mediaroom/circulars/fepd/jul202022fepd17e.pdf,FEPD Circular No. 17: Interest rate on borrowing from Export Development Fund (EDF),"English
Download",20/07/22,17
https://www.bb.org.bd/mediaroom/circulars/fepd/jul192022fepd16e.pdf,FEPD Circular No. 16: Extended limit from Export Development Fund (EDF),"English
Download",19/07/22,16
https://www.bb.org.bd/mediaroom/circulars/fepd/jul192022fepdl27e.pdf,FEPD Circular Letter No. 27: Settlement of loans against Export Development Fund (EDF),"English
Download",19/07/22,27
https://www.bb.org.bd/mediaroom/circulars/fepd/jul182022fepdl25e.pdf,FEPD Circular Letter No. 25: Disposal of foreign currency notes and coins,"English
Download",18/07/22,25
https://www.bb.org.bd/mediaroom/circulars/fepd/jul172022fepd15e.pdf,FEPD Circular No. 15: Interest on Non-resident Foreign Currency Deposit Accounts.,"English
Download",17/07/22,15
https://www.bb.org.bd/mediaroom/circulars/feid/jul142022feidl02e.pdf,FEID Circular Letter No. 02: Placement of fund from Offshore Banking Operations to Domestic Banking Units,"English
Download",14/07/22,02
https://www.bb.org.bd/mediaroom/circulars/fepd/jul142022fepdl24e.pdf,FEPD Circular Letter No. 24: Online reporting of import information to Bangladesh Bank web portal,"English
Download",14/07/22,24
https://www.bb.org.bd/mediaroom/circulars/fepd/jul142022fepd14e.pdf,FEPD Circular No. 14: Encashment of balances held in ERQ accounts and revision of its limit,"English
Download",14/07/22,14
https://www.bb.org.bd/mediaroom/circulars/fepd/jul132022fepd13e.pdf,FEPD Circular No. 13: Remittances on account of visa processing fees by resident agents through International Card,"English
Download",13/07/22,13
https://www.bb.org.bd/mediaroom/circulars/fepd/jul132022fepd12e.pdf,FEPD Circular No. 12: Repayment guarantees by importers against short term import finance under buyer's credit,"English
Download",13/07/22,12
https://www.bb.org.bd/mediaroom/circulars/fepd/jul072022fepdl22e.pdf,FEPD Circular Letter No. 22: Import of capital machinery on usance basis,"English
Download",07/07/22,22
https://www.bb.org.bd/mediaroom/circulars/fepd/jun292022fepdl21e.pdf,FEPD Circular Letter No. 21: Settlement of loans against Export Development Fund (EDF),"English
Download",29/06/22,21
https://www.bb.org.bd/mediaroom/circulars/gbcrd/jun262022sfd03e.pdf,SFD Circular No. 03: Guidelines on Environmental & Social Risk Management (ESRM) for Banks and Financial Institutions in Bangladesh. Attachment,"English
Download",26/06/22,03
https://www.bb.org.bd/mediaroom/circulars/fepd/may292022fepdl18e.pdf,FEPD Circular Letter No. 18: Transfer of export proceeds to Authorized Dealers designated for export transactions,"English
Download",29/05/22,18
https://www.bb.org.bd/mediaroom/circulars/fepd/may292022fepdl17e.pdf,FEPD Circular Letter No. 17: Encashment of value added portion of repatriated export proceeds,"English
Download",29/05/22,17
https://www.bb.org.bd/mediaroom/circulars/mpd/may292022mpd01e.pdf,MPD Circular No. 01: Re-fixation of Repo interest rate of Bangladesh Bank,"English
Download",29/05/22,01
https://www.bb.org.bd/mediaroom/circulars/fepd/may222022fepdl14e.pdf,"FEPD Circular Letter No. 14: Remittance on account of attending training, seminar, workshop abroad.","English
Download",22/05/22,14
https://www.bb.org.bd/mediaroom/circulars/fepd/may172022fepd09e.pdf,FEPD Circular No. 09: Screening of underlying import shipments through vessel/container tracking,"English
Download",17/05/22,09
https://www.bb.org.bd/mediaroom/circulars/fepd/may162022fepdl13e.pdf,FEPD Circular Letter No. 13: Retention of inward remittances in foreign currency,"English
Download",16/05/22,13
https://www.bb.org.bd/mediaroom/circulars/fepd/apr242022fepdl12e.pdf,FEPD Circular Letter No. 12: Insurance coverage against financing to exporters,"English
Download",24/04/22,12
https://www.bb.org.bd/mediaroom/circulars/fepd/apr202022fepd07e.pdf,FEPD Circular No. 07: Screening of underlying export shipments through vessel/container tracking,"English
Download",20/04/22,07
https://www.bb.org.bd/mediaroom/circulars/fepd/apr192022fepd06e.pdf,FEPD Circular No. 06: Interest charges for financing during interim period against input procurements under Export Development Fund (EDF).,"English
Download",19/04/22,06
https://www.bb.org.bd/mediaroom/circulars/fepd/apr182022fepdl11e.pdf,FEPD Circular Letter No. 11: Reporting requirement of shipment information against export of goods from Bangladesh,"English
Download",18/04/22,11
https://www.bb.org.bd/mediaroom/circulars/gbcrd/apr102022sfdl01e.pdf,SFD Circular Letter No. 01: Reporting Format for CSR Activities of Banks and FIs.,"English
Download",10/04/22,01
https://www.bb.org.bd/mediaroom/circulars/smespd/mar272022smespd03e.pdf,"SMESPD (LFSSP) Circular No- 03: Financing facility under 'Line of Finance to Support SMEs Project under the IsDB SPRP for Covid-19, Restore Track (LFSSP), BGD-1074.'","English
Download",27/03/22,03
https://www.bb.org.bd/mediaroom/circulars/fepd/mar142022fepd04e.pdf,FEPD Circular No. 04: Retention of export proceeds in foreign exchange,"English
Download",14/03/22,04
https://www.bb.org.bd/mediaroom/circulars/smespd/mar102022smespd02e.pdf,"SMESPD (SPCSSECP) Circular No. 02: Regarding Refinance Facility under 'Supporting Post COVID-19 Small Scale Employment Creation Project (SPCSSECP)', ADB Loan No. 4142-BAN (COL) to Support Cottage, Micro and Small Enterprises (CMSEs) funded by Asian Development Bank (ADB).","English
Download",10/03/22,02
https://www.bb.org.bd/mediaroom/circulars/fepd/mar022022fepdl09e.pdf,FEPD Circular Letter No. 09: Payment in foreign currency against local supply of goods under international tender.,"English
Download",02/03/22,09
https://www.bb.org.bd/mediaroom/circulars/brpd/feb242022brpd03e.pdf,BRPD Circular No. 03: Regarding Recovery Plan for Banks,"English
Download",24/02/22,03
https://www.bb.org.bd/mediaroom/circulars/psd/feb152022psd04e.pdf,"PSD Circular No. 04: Bangladesh Mobile Financial Services (MFS) Regulations, 2022","English
Download",15/02/22,04
https://www.bb.org.bd/mediaroom/circulars/fepd/feb072022fepd03e.pdf,FEPD Circular No. 03: Submission of Daily Exchange Position Statement. Input Template,"English
Download",07/02/22,03
https://www.bb.org.bd/mediaroom/circulars/fepd/jan302022fepdl06e.pdf,FEPD Circular Letter No. 06: Regarding submission of foreign exchange market related statements through “Online Foreign Exchange Market Monitoring System.”,"English
Download",30/01/22,06
https://www.bb.org.bd/mediaroom/circulars/fepd/jan202022fepdl05e.pdf,FEPD Circular Letter No. 05: Statutory business target for licenced Money Changers (MCs),"English
Download",20/01/22,05
https://www.bb.org.bd/mediaroom/circulars/brpd/jan162022brpd01e.pdf,BRPD Circular No. 01: Single Borrower and Large Loan Exposure Limit,"English
Download",16/01/22,01
https://www.bb.org.bd/mediaroom/circulars/cib/jan162022cibl01e.pdf,CIB Circular Letter No. 01: Regarding cut off time of Monthly Batch Contribution to the CIB database.,"English
Download",16/01/22,01
https://www.bb.org.bd/mediaroom/circulars/gbcrd/jan092022sfdl01e.pdf,SFD Circular No. 01: Policy Guidelines on Corporate Social Responsibility for Banks and Financial Institutions.,"English
Download",09/01/22,01
https://www.bb.org.bd/mediaroom/circulars/fepd/jan062022fepdl02e.pdf,FEPD Circular Letter No. 02: Sales of foreign digital items through local e-Commerce market places/platforms.,"English
Download",06/01/22,02
https://www.bb.org.bd/mediaroom/circulars/fepd/jan062022fepd01e.pdf,FEPD Circular No. 01: Extended facilities for trade transactions,"English
Download",06/01/22,01
https://www.bb.org.bd/mediaroom/circulars/fepd/dec272021fepdl33e.pdf,FEPD Circular Letter No. 33: Liberalization of family remittance facility for foreign nationals working in Bangladesh,"English
Download",27/12/21,33
https://www.bb.org.bd/mediaroom/circulars/feod/dec262021feodl01e.pdf,FEOD Circular Letter No. 01: Reporting of Shipping Information in Online Export Monitoring System (OEMS) and Online Import Monitoring System (OIMS),"English
Download",26/12/21,01
https://www.bb.org.bd/mediaroom/circulars/feod/nov212021feod02e.pdf,SPA Circular No. 02: Operations of resident entities working as general sales agents and shipping agents of foreign airlines/shipping lines in Bangladesh,"English
Download",21/11/21,02
https://www.bb.org.bd/mediaroom/circulars/fepd/nov182021fepd39e.pdf,FEPD Circular No. 39: Repatriation of proceeds against service exports and method of receipts,"English
Download",18/11/21,39
https://www.bb.org.bd/mediaroom/circulars/dmd/nov162021dmd02e.pdf,"DMD Circular No. 02: Implementation of ""Guidelines on Electronic Dealing System for Interbank Money Market (EDSMoney)""","English
Download",16/11/21,02
https://www.bb.org.bd/mediaroom/circulars/feod/nov152021feod01e.pdf,SPA Circular No. 01: Purchase of fuel/oil in foreign exchange by airlines/shippinglines or their agents in Bangladesh,"English
Download",15/11/21,01
https://www.bb.org.bd/mediaroom/circulars/dos/nov082021dosl48e.pdf,DOS Circular Letter No. 48: List of Holidays for the Year 2022,"English
Download",08/11/21,48
https://www.bb.org.bd/mediaroom/circulars/fepd/oct272021fepdl27e.pdf,FEPD Circular Letter No. 27: Release of foreign exchange for online study abroad,"English
Download",27/10/21,27
https://www.bb.org.bd/mediaroom/circulars/fepd/oct182021fepd33e.pdf,FEPD Circular No. 33: Repatriation of export proceeds through Online Payment Gateway Service Providers.,"English
Download",18/10/21,33
https://www.bb.org.bd/mediaroom/circulars/cib/oct102021cib02e.pdf,CIB Circular No. 02: Regarding doing correction in the board of directors of a borrowing company in CIB database.,"English
Download",10/10/21,02
https://www.bb.org.bd/mediaroom/circulars/dos/oct072021dosl42e.pdf,DOS Circular Letter No. 42: Mark-to-Market based Revaluation of Treasury Bills and Bonds held by the Banks,"English
Download",07/10/21,42
https://www.bb.org.bd/mediaroom/circulars/fid/oct032021dfim10e.pdf,DFIM Circular No. 10: Classification and Provisioning of 'Other Assets' of Financial Institutions,"English
Download",03/10/21,10
https://www.bb.org.bd/mediaroom/circulars/fepd/oct032021fepd32e.pdf,FEPD Circular No. 32: Direct dispatch of export documents by exporters.,"English
Download",03/10/21,32
https://www.bb.org.bd/mediaroom/circulars/fepd/sep232021fepd30e.pdf,FEPD Circular No. 30: Release of foreign exchange for private travel abroad - flexibility,"English
Download",23/09/21,30
https://www.bb.org.bd/mediaroom/circulars/fepd/sep132021fepdl25e.pdf,FEPD Circular Letter No. 25: Time extension of Bill of entry matching.,"English
Download",13/09/21,25
https://www.bb.org.bd/mediaroom/circulars/fepd/sep052021fepdl23e.pdf,FEPD Circular Letter No. 23: Green Transformation Fund.,"English
Download",05/09/21,23
https://www.bb.org.bd/mediaroom/circulars/brpd/sep022021brpd20e.pdf,BRPD Circular No. 20: Mapping of External Credit Assessment Institutions’ (ECAIs) Rating scales with Bangladesh Bank (BB) Rating Grade,"English
Download",02/09/21,20
https://www.bb.org.bd/mediaroom/circulars/fepd/sep012021fepdl22e.pdf,FEPD Circular Letter No. 22: Disposal of foreign loan/supplier’s credit proposals of private sector enterprise,"English
Download",01/09/21,22
https://www.bb.org.bd/mediaroom/circulars/fepd/jul272021fepd26e.pdf,FEPD Circular No. 26: Opening of bank accounts abroad by resident contracting firms jointly with non-resident co-partners.,"English
Download",27/07/21,26
https://www.bb.org.bd/mediaroom/circulars/dfim/jul262021dfim04e.pdf,DFIM Circular No. 04: Master Circular: Loan/Lease Classification and Provisioning,"English
Download",26/07/21,04
https://www.bb.org.bd/mediaroom/circulars/fepd/jul132021fepd25e.pdf,"FEPD Circular No. 25: Export trade transactions, appropriate safeguards.","English
Download",13/07/21,25
https://www.bb.org.bd/mediaroom/circulars/fepd/jun302021fepdl17e.pdf,FEPD Circular Letter No. 17: Access to finance from domestic sources against overseas guarantees,"English
Download",30/06/21,17
https://www.bb.org.bd/mediaroom/circulars/fepd/jun272021fepdl16e.pdf,FEPD Circular Letter No. 16: Statutory business target for licenced Money Changers (MCs).,"English
Download",27/06/21,16
https://www.bb.org.bd/mediaroom/circulars/smespd/jun232021smespd06e.pdf,"SMESPD Circular no. 06 : Additional Refinance fund for COVID-19 affected Cottage, Micro, Small and Medium Enterprises (CMSME) sector under","English
Download",23/06/21,06
https://www.bb.org.bd/mediaroom/circulars/fepd/jun212021fepd23e.pdf,FEPD Circular No. 23: Issuance of repayment commitments as collaterals against external borrowing by resident entities.,"English
Download",21/06/21,23
https://www.bb.org.bd/mediaroom/circulars/fepd/jun212021fepd22e.pdf,FEPD Circular No. 22: Indicative cost for access to short term permissible trade finance in foreign exchange,"English
Download",21/06/21,22
https://www.bb.org.bd/mediaroom/circulars/fepd/jun102021fepd20e.pdf,FEPD Circular No. 20: Relaxation of foreign exchange regulations for trade transactions - extended facilities,"English
Download",10/06/21,20
https://www.bb.org.bd/mediaroom/circulars/finincld/jun092021fidl01e.pdf,"FID Circular Letter No. 01: Allocation of fund of the Refinance Scheme of BDT 3,000 Crore formed vide FID Circular No-01/2020 of Bangladesh Bank","English
Download",09/06/21,01
https://www.bb.org.bd/mediaroom/circulars/fepd/jun072021fepd19e.pdf,FEPD Circular No. 19: Relaxation of foreign exchange regulations for trade transactions - extended facilities,"English
Download",07/06/21,19
https://www.bb.org.bd/mediaroom/circulars/fepd/jun012021fepdl13e.pdf,FEPD Circular Letter No. 13: Agency commission for handling vessels .,"English
Download",01/06/21,13
https://www.bb.org.bd/mediaroom/circulars/fepd/may312021fepd18e.pdf,FEPD Circular No. 18: Use of International Remittance Cards as alternative payment channel for permissible remittances,"English
Download",31/05/21,18
https://www.bb.org.bd/mediaroom/circulars/fepd/may202021fepdl12.pdf,FEPD Circular Letter No. 12: Regarding Foreign currency accounts for firms executing local projects,"English
Download",20/05/21,12
https://www.bb.org.bd/mediaroom/circulars/fepd/may172021fepdl11e.pdf,FEPD Circular Letter No. 11: Opening of temporary accounts through online arrangement for foreign direct investment in Bangladesh,"English
Download",17/05/21,11
https://www.bb.org.bd/mediaroom/circulars/feid/may162021feidl01e.pdf,"FEID Circular Letter No. 01: Issuance of No Objection Certificate in favour of branch, liaison, representative offices of foreign companies","English
Download",16/05/21,01
https://www.bb.org.bd/mediaroom/circulars/smespd/may112021smespd05e.pdf,"SMESPD Circular No. 05: Regarding Policy of Credit Guarantee Scheme for Cottage, Micro and Small Enterprises (CMSE)","English
Download",09/05/21,05
https://www.bb.org.bd/mediaroom/circulars/fepd/may022021fe17e.pdf,FEPD Circular No. 17: Remittance facilities to e-commerce traders.,"English
Download",02/05/21,17
https://www.bb.org.bd/mediaroom/circulars/brpd/apr132021brpd07e.pdf,BRPD Circular No. 07: Guidelines of Country Risk Management,"English
Download",13/04/21,07
https://www.bb.org.bd/mediaroom/circulars/brpd/apr132021brpd06e.pdf,BRPD Circular No. 06: Guidelines on Interest rate risk in the banking book,"English
Download",13/04/21,06
https://www.bb.org.bd/mediaroom/circulars/fepd/apr132021fepdl10e.pdf,FEPD Circular Letter No. 10: Payment of fees for webinar solution services to conduct virtual meetings,"English
Download",13/04/21,10
https://www.bb.org.bd/mediaroom/circulars/fepd/apr132021fepdl09e.pdf,FEPD Circular Letter No. 09: Release of foreign exchange for online study abroad.,"English
Download",13/04/21,09
https://www.bb.org.bd/mediaroom/circulars/fepd/apr112021fepdl07e.pdf,"FEPD Circular Letter No. 07: Payment of royalty, fees for technical knowledge or technical assistance and franchise fees to foreign persons or institutes","English
Download",11/04/21,07
https://www.bb.org.bd/mediaroom/circulars/fepd/apr062021fepd16.pdf,FEPD Circular No. 16: Disposal of foreign loan/supplier's credit proposals of private sector enterprises,"English
Download",06/04/21,16
https://www.bb.org.bd/mediaroom/circulars/fepd/apr042021fepdl06e.pdf,FEPD Circular Letter No. 06: Settlement of payment against admissible inland transactions in foreign exchange,"English
Download",04/04/21,06
https://www.bb.org.bd/mediaroom/circulars/fid/apr042021dfiml07e.pdf,DFIM Circular Letter No. 07: Name change of Bangladesh Finance and Investment Company Limited to Bangladesh Finance Limited,"English
Download",04/04/21,07
https://www.bb.org.bd/mediaroom/circulars/fepd/apr042021fepd15e.pdf,FEPD Circular No. 15: Issuance of letters of credit (LCs) with realization clause,"English
Download",04/04/21,15
https://www.bb.org.bd/mediaroom/circulars/fepd/mar252021fepd13e.pdf,FEPD Circular No. 13: Agency commission for handling vessels,"English
Download",25/03/21,13
https://www.bb.org.bd/mediaroom/circulars/fepd/mar242021fepd12e.pdf,FEPD Circular No. 12: Relaxation of foreign exchange regulations for trade transactions - extended facilities,"English
Download",24/03/21,12
https://www.bb.org.bd/mediaroom/circulars/fepd/mar232021fepd11e.pdf,FEPD Circular No. 11: Outward remittance for payment of subscription fees for local distribution of satellite channel through DTH technology,"English
Download",23/03/21,11
https://www.bb.org.bd/mediaroom/circulars/fepd/mar222021fepd10e.pdf,FEPD Circular No. 10: Import of Empty LPG Cylinder on deferred payment basis,"English
Download",22/03/21,10
https://www.bb.org.bd/mediaroom/circulars/fepd/mar222021fepd09e.pdf,FEPD Circular No. 09: Export Development Fund (EDF) to Type B industries in Export Processing Zones,"English
Download",22/03/21,09
https://www.bb.org.bd/mediaroom/circulars/fepd/mar142021fepd08e.pdf,FEPD Circular No. 08: Relaxation of foreign exchange regulations for trade transactions - extended facilities,"English
Download",14/03/21,08
https://www.bb.org.bd/mediaroom/circulars/fepd/feb242021fepdl02e.pdf,FEPD Circular Letter No. 02: Financing facilities from stimulus packages to industries operating in EPZs/EZs/HTPs,"English
Download",24/02/21,02
https://www.bb.org.bd/mediaroom/circulars/fepd/feb102021fepd07e.pdf,FEPD Circular No. 07: Purchase of foreign currency from digital wallets of incoming tourists/passengers,"English
Download",10/02/21,07
https://www.bb.org.bd/mediaroom/circulars/fepd/feb102021fepd06e.pdf,FEPD Circular No. 06: Repatriation facilities by MFSPs to ITES exporters,"English
Download",10/02/21,06
https://www.bb.org.bd/mediaroom/circulars/fepd/jan272021fepd05e.pdf,FEPD Circular No. 05: Enhancement of loan limit from Export Development Fund (EDF).,"English
Download",27/01/21,05
https://www.bb.org.bd/mediaroom/circulars/fepd/jan212021fepdl01e.pdf,FEPD Circular Letter No. 01: Endorsement of foreign exchange on passports,"English
Download",21/01/21,01
https://www.bb.org.bd/mediaroom/circulars/fepd/jan192021fepd04e.pdf,FEPD Circular No. 04: Working Capital Loans from Abroad by Foreign Owned/Controlled Companies,"English
Download",19/01/21,04
https://www.bb.org.bd/mediaroom/circulars/fepd/jan142021fepd03e.pdf,FEPD Circular No. 03: Advance payments against imports under buyer’s credit.,"English
Download",14/01/21,03
https://www.bb.org.bd/mediaroom/circulars/fepd/jan072021fepd02e.pdf,FEPD Circular No. 02: Transfer of remunerations to Foreign Currency (FC) accounts maintained by foreign nationals employed in Bangladesh.,"English
Download",07/01/21,02
https://www.bb.org.bd/mediaroom/circulars/fepd/jan042021fepd01e.pdf,FEPD Circular No. 01: Remittance against current account transactions,"English
Download",04/01/21,01
https://www.bb.org.bd/mediaroom/circulars/brpd/dec312020brpdl63e.pdf,BRPD Circular Letter No. 63: Loan Classification and Provisioning,"English
Download",31/12/20,63
https://www.bb.org.bd/mediaroom/circulars/did/dec232020didl01e.pdf,DID Circular Letter No. 01: Regarding Submission of Information for Deposit Insurance Premium Assessment in Edited Format.,"English
Download",23/12/20,01
https://www.bb.org.bd/mediaroom/circulars/fid/dec212020dfiml09e.pdf,DFIM Circular Letter No. 09: Revision of Guidelines on Stress Testing for Non-Banking Financial Institutions.,"English
Download",21/12/20,09
https://www.bb.org.bd/mediaroom/circulars/fepd/dec212020fepd52e.pdf,FEPD Circular No. 52: Business-to-Consumer export through sales orders received on internet.,"English
Download",21/12/20,52
https://www.bb.org.bd/mediaroom/circulars/fepd/dec212020fepd53e.pdf,FEPD Circular No. 53: Discontinuation of submission of Returns/Statements to Bangladesh Bank,"English
Download",21/12/20,53
https://www.bb.org.bd/mediaroom/circulars/feid/dec202020feidl02e.pdf,FEID Circular Letter No. 02: Addendum for the Operating Guidelines for Two-Step Loan (TSL) Component of Foreign Direct Investment Promotion Project (FDIPP) in Bangladesh.,"English
Download",20/12/20,02
https://www.bb.org.bd/mediaroom/circulars/fepd/dec032020fepdl41e.pdf,FEPD Circular Letter No. 41: Import of Ophthalmic Medical Equipment including Intraocular Lens on deferred/usance basis.,"English
Download",03/12/20,41
https://www.bb.org.bd/mediaroom/circulars/fid/nov192020dfiml08e.pdf,DFIM Circular Letter No. 08: Name change of Reliance Finance Limited to Aviva Finance Limited,"English
Download",19/11/20,08
https://www.bb.org.bd/mediaroom/circulars/smespd/nov192020smespdl15e.pdf,SMESPD Circular Letter No. 15: Regarding an addendum of credit facility for COVID-19 related investments to RMG factories under Social-Upgradation of SREUP.,"English
Download",19/11/20,15
https://www.bb.org.bd/mediaroom/circulars/fepd/nov192020fepd51e.pdf,FEPD Circular No. 51: Outward remittances on account of software maintenance/support fees.,"English
Download",19/11/20,51
https://www.bb.org.bd/mediaroom/circulars/fepd/nov192020fepd50e.pdf,FEPD Circular No. 50: Remittance against current account transactions.,"English
Download",19/11/20,50
https://www.bb.org.bd/mediaroom/circulars/fepd/nov182020fepd49e.pdf,FEPD Circular No. 49: Relaxation of foreign exchange regulations for trade transactions - extended facilities,"English
Download",18/11/20,49
https://www.bb.org.bd/mediaroom/circulars/fepd/nov172020fepdl39e.pdf,FEPD Circular Letter No. 39: Repatriation of balances held in foreign currency accounts.,"English
Download",17/11/20,39
https://www.bb.org.bd/mediaroom/circulars/fepd/nov172020fepd48e.pdf,"FEPD Circular No. 48: Collection of Demurrage, Detention, Handling or equivalent charges by the foreign shipping lines/their agents for calculation of their remittable surplus.","English
Download",17/11/20,48
https://www.bb.org.bd/mediaroom/circulars/dos/nov122020dosl36e.pdf,DOS Circular Letter No. 36: Holidays of the year 2021,"English
Download",12/11/20,36
https://www.bb.org.bd/mediaroom/circulars/dos/nov102020dosl34e.pdf,DOS Circular Letter No. 34: Submission of Market Disclosure (Pillar-3) under the Guidelines on Risk Based Capital Adequacy (RBCA),"English
Download",10/11/20,34
https://www.bb.org.bd/mediaroom/circulars/fepd/oct292020fepdl38e.pdf,FEPD Circular Letter No. 38: Temporary accounts for foreign investment in Export Processing Zones (EPZs) and Economic Zones (EZs).,"English
Download",29/10/20,38
https://www.bb.org.bd/mediaroom/circulars/fepd/oct282020fepd47e.pdf,FEPD Circular No. 47: Interest rate on borrowing from Export Development Fund (EDF).,"English
Download",28/10/20,47
https://www.bb.org.bd/mediaroom/circulars/psd/oct282020psd08e.pdf,PSD Circular No. 08: Bangladesh Electronic Funds Transfer Network (BEFTN) Operating Rules,"English
Download",28/10/20,08
https://www.bb.org.bd/mediaroom/circulars/fepd/oct212020fepd46e.pdf,FEPD Circular No. 46: Import of Gold Jewellery,"English
Download",21/10/20,46
https://www.bb.org.bd/mediaroom/circulars/fepd/oct062020fepd44e.pdf,FEPD Circular No. 44: Refinancing for imports against usance back to back LCs,"English
Download",06/10/20,44
https://www.bb.org.bd/mediaroom/circulars/fepd/oct062020fepd43e.pdf,FEPD Circular No. 43: Relaxation of foreign exchange regulations for trade transactions - extended facilities.,"English
Download",06/10/20,43
https://www.bb.org.bd/mediaroom/circulars/fepd/oct062020fepd42e.pdf,FEPD Circular No. 42: Waiver of quarterly repayments against imports permissible under supplier's/buyer's credit,"English
Download",06/10/20,42
https://www.bb.org.bd/mediaroom/circulars/fepd/oct042020fepd41e.pdf,"FEPD Circular No. 41: Repatriation of royalty, technical know-how and technical assistance fees of industrial enterprises in Domestic Processing Areas (DPAs) of Economic Zones (EZs).","English
Download",04/10/20,41
https://www.bb.org.bd/mediaroom/circulars/fepd/sep242020fepd40e.pdf,FEPD Circular No. 40: Use of international cards for travels outside Bangladesh,"English
Download",24/09/20,40
https://www.bb.org.bd/mediaroom/circulars/fepd/sep212020fepd38e.pdf,FEPD Circular No. 38: Import of Onion on deferred/usance basis.,"English
Download",21/09/20,38
https://www.bb.org.bd/mediaroom/circulars/fepd/sep202020fepdl32e.pdf,FEPD Circular Letter No. 32: Use of international cards (ICs) for online payments - clarification.,"English
Download",20/09/20,32
https://www.bb.org.bd/mediaroom/circulars/fepd/sep152020fepd37e.pdf,FEPD Circular No. 37: Transfer of remunerations to Foreign Currency (FC) accounts in the names of foreign nationals employed in exporting companies in Bangladesh,"English
Download",15/09/20,37
https://www.bb.org.bd/mediaroom/circulars/feod/sep032020feod01e.pdf,SPA Circular No. 01: Remittance of surplus earnings by foreign airlines operating in Bangladesh.,"English
Download",03/09/20,01
https://www.bb.org.bd/mediaroom/circulars/fepd/aug272020fepd36e.pdf,FEPD Circular No. 36: Export Development Fund (EDF)-relaxation.,"English
Download",27/08/20,36
https://www.bb.org.bd/mediaroom/circulars/fepd/aug232020fepd34e.pdf,FEPD Circular No. 34: Payment of fees for webinar solution services to conduct virtual meetings.,"English
Download",23/08/20,34
https://www.bb.org.bd/mediaroom/circulars/fepd/aug232020fepdl30e.pdf,FEPD Circular Letter No. 30: Release of foreign exchange for online study abroad.,"English
Download",23/08/20,30
https://www.bb.org.bd/mediaroom/circulars/fepd/aug202020fepd33e.pdf,FEPD Circular No. 33:Investment in 'Open-End Mutual Fund' by Non-resident Investors (Foreigners and NRBs) through Non-Resident Investor's Taka Accounts (NITAs),"English
Download",20/08/20,33
https://www.bb.org.bd/mediaroom/circulars/fepd/aug092020fepd32e.pdf,FEPD Circular No. 32: Deposit products for Non-Resident Bangladeshis (NRBs) working abroad.,"English
Download",09/08/20,32
https://www.bb.org.bd/mediaroom/circulars/fepd/jul292020fepdl27e.pdf,FEPD Circular Letter No. 27: Payment in foreign exchange against local supply of goods.,"English
Download",29/07/20,27
https://www.bb.org.bd/mediaroom/circulars/fepd/jul292020fepdl28e.pdf,FEPD Circular Letter No. 28: Working capital loans from abroad by foreign owned/controlled companies.,"English
Download",29/07/20,28
https://www.bb.org.bd/mediaroom/circulars/gbcrd/jul282020sfd04e.pdf,SFD Circular No. 04: Guidance Note for on-lending/refinancing under Green Transformation Fund (GTF),"English
Download",28/07/20,04
https://www.bb.org.bd/mediaroom/circulars/fepd/jul262020fepd31e.pdf,FEPD Circular No. 31: Outward remittances on account of shipment tracking charges,"English
Download",26/07/20,31
https://www.bb.org.bd/mediaroom/circulars/fepd/jul232020fepd30e.pdf,FEPD Circular No. 30: Relaxation of foreign exchange regulations for trade transactions - extended facilities,"English
Download",23/07/20,30
https://www.bb.org.bd/mediaroom/circulars/brpd/jul212020brpd16e.pdf,"BRPD Circular No. 16: Loan Classification and Provisioning for Cottage, Micro and Small Credits under CMSME.","English
Download",21/07/20,16
https://www.bb.org.bd/mediaroom/circulars/fepd/jul212020fepdl26e.pdf,FEPD Circular Letter No. 26: Access to finance from domestic sources against overseas guarantees,"English
Download",21/07/20,26
https://www.bb.org.bd/mediaroom/circulars/fepd/jul212020fepd29e.pdf,FEPD Circular No. 29: Remittances of dividend to non-resident shareholders,"English
Download",21/07/20,29
https://www.bb.org.bd/mediaroom/circulars/fepd/jul212020fepd28e.pdf,FEPD Circular No. 28: Disposal of IMP Form after matching with bill of entry (B/E) electronically,"English
Download",21/07/20,28
https://www.bb.org.bd/mediaroom/circulars/gbcrd/jul082020sfd03e.pdf,SFD Circular No. 03: Refinancing/on lending scheme of USD 200 million and Euro 200 million under Green Transformation Fund(GTF),"English
Download",08/07/20,03
https://www.bb.org.bd/mediaroom/circulars/fepd/jul072020fepd26e.pdf,FEPD Circular No. 26: Transactions relating to foreign direct investment in Bangladesh,"English
Download",07/07/20,26
https://www.bb.org.bd/mediaroom/circulars/ipffii/jul052020ipffii01e.pdf,IPFF II Circular No. 01: Amendment of Operations Manual (OM) for the Investment Promotion and Financing Facility II (IPFF II) Project,"English
Download",05/07/20,01
https://www.bb.org.bd/en/aboutus/regulationguideline/fepd/internationalfactoring_20160831.pdf,FEPD Circular No. 25: Export under open account credit terms against payment undertaking/payment risk coverage with option of early payment arrangement on non-recourse basis Guidelines on International Factoring,"English
Download",30/06/20,25
https://www.bb.org.bd/mediaroom/circulars/fepd/jun242020fepdl25e.pdf,FEPD Circular Letter No. 25: Settlement of payment against inland LCs in foreign exchange,"English
Download",24/06/20,25
https://www.bb.org.bd/mediaroom/circulars/fepd/jun232020fepdl24e.pdf,FEPD Circular Letter No. 24: Statutory business target for licenced Money Changers (MCs),"English
Download",23/06/20,24
https://www.bb.org.bd/mediaroom/circulars/fepd/jun232020fepd24e.pdf,FEPD Circular No. 24: Transfer of remunerations to Foreign Currency (FC) accounts in the names of foreign nationals employed in admissible companies in Bangladesh,"English
Download",23/06/20,24
https://www.bb.org.bd/mediaroom/circulars/fepd/jun212020fepd23e.pdf,FEPD Circular No. 23: Discounting of direct and deemed export bills in foreign exchange out of own sources,"English
Download",21/06/20,23
https://www.bb.org.bd/mediaroom/circulars/feid/jun182020feidl01e.pdf,FEID Circular Letter No. 01: Transfer of shares and repatriation of sales proceeds of shares in favor of non-residents in private/public limited companies not listed with stock exchanges.,"English
Download",18/06/20,01
https://www.bb.org.bd/mediaroom/circulars/smespd/jun172020smespdl04e.pdf,"SMESPD Circular Letter No. 04: Regarding addendum of Operating Guidelines for JICA assisted Urban Building Safety Project (UBSP, BD-P84).","English
Download",17/06/20,04
https://www.bb.org.bd/mediaroom/circulars/fepd/jun172020fepdl23e.pdf,FEPD Circular Letter No. 23: Transactions against local deliveries in foreign exchange,"English
Download",17/06/20,23
https://www.bb.org.bd/mediaroom/circulars/fepd/jun162020fepd22e.pdf,FEPD Circular No. 22: Issuance of international debit cards (IDCs) against annual travel entitlements.,"English
Download",16/06/20,22
https://www.bb.org.bd/mediaroom/circulars/fepd/jun112020fepdl22e.pdf,FEPD Circular Letter No. 22: Issuance of letters of credit (LCs) with realization clause,"English
Download",11/06/20,22
https://www.bb.org.bd/mediaroom/circulars/psd/may312020psd05e.pdf,PSD Circular No. 05: Guidelines for White Label ATM and Merchant Acquiring Services.,"English
Download",31/05/20,05
https://www.bb.org.bd/mediaroom/circulars/fepd/may172020fepd21e.pdf,FEPD Circular No. 21: Enhancement of loan limit from Export Development Fund (EDF),"English
Download",17/05/20,21
https://www.bb.org.bd/mediaroom/circulars/fepd/may032020fepdl19e.pdf,FEPD Circular Letter No. 19:Working capital loans from abroad by foreign owned/controlled companies,"English
Download",03/05/20,19
https://www.bb.org.bd/mediaroom/circulars/fepd/apr262020fepdl18e.pdf,FEPD Circular Letter No. 18 Import of agricultural implements and chemical fertilizers- extension of usance period,"English
Download",26/04/20,18
https://www.bb.org.bd/mediaroom/circulars/fepd/apr202020fepdl15e.pdf,FEPD Circular Letter No. 15: Release of foreign exchange on account of private travel and treatment abroad.,"English
Download",20/04/20,15
https://www.bb.org.bd/mediaroom/circulars/fepd/apr202020fepdl16e.pdf,FEPD Circular Letter No. 16: Import of raw materials on 360 days usance basis for Power Generating Enterprises.,"English
Download",20/04/20,16
https://www.bb.org.bd/mediaroom/circulars/fepd/apr202020fepdl14e.pdf,FEPD Circular Letter No. 14: Settlement of payment against inland LCs in foreign exchange.,"English
Download",20/04/20,14
https://www.bb.org.bd/mediaroom/circulars/fepd/apr152020fepd20e.pdf,FEPD Circular No. 20: Introduction of Euro in Green Transformation Fund.,"English
Download",15/04/20,20
https://www.bb.org.bd/mediaroom/circulars/fepd/apr122020fepdl12e.pdf,FEPD Circular Letter No. 12: Remittance against documents received directly by importers,"English
Download",12/04/20,12
https://www.bb.org.bd/mediaroom/circulars/fepd/apr122020fepdl11e.pdf,FEPD Circular Letter No. 11: Quarterly repayment for imports under supplier's/buyer's credit - relaxation,"English
Download",12/04/20,11
https://www.bb.org.bd/mediaroom/circulars/fepd/apr122020fepd19e.pdf,FEPD Circular No. 19: Refinancing for imports against usance back to back LCs,"English
Download",12/04/20,19
https://www.bb.org.bd/mediaroom/circulars/fepd/apr072020fepd18e.pdf,FEPD Circular No. 18: Interest rate on borrowing from Export Development Fund (EDF),"English
Download",07/04/20,18
https://www.bb.org.bd/mediaroom/circulars/fepd/mar292020fepdl10e.pdf,FEPD Circular Letter No. 10: Release of foreign exchange on account of private travel and treatment abroad,"English
Download",29/03/20,10
https://www.bb.org.bd/mediaroom/circulars/fepd/mar242020fepd17e.pdf,FEPD Circular No. 17:Import of life saving drug-extension of usance period.,"English
Download",24/03/20,17
https://www.bb.org.bd/mediaroom/circulars/mpd/mar232020mpd02e.pdf,MPD Circular No. 02: Re-fixation of Repo interest rate of Bangladesh Bank,"English
Download",23/03/20,02
https://www.bb.org.bd/mediaroom/circulars/mpd/mar232020mpd01e.pdf,MPD Circular No. 01: Maintenance of Cash Reserve Requirement (CRR) with Bangladesh Bank,"English
Download",23/03/20,01
https://www.bb.org.bd/mediaroom/circulars/fepd/mar232020fepd16e.pdf,FEPD Circular No. 16: Import of industrial raw materials-extension of usance period.,"English
Download",23/03/20,16
https://www.bb.org.bd/mediaroom/circulars/fepd/mar232020fepd15e.pdf,"FEPD Circular No. 15: Advance Payment against imports of life saving drugs, etc.","English
Download",23/03/20,15
https://www.bb.org.bd/mediaroom/circulars/fepd/mar222020fepd14e.pdf,FEPD Circular No. 14: Remittance on account of bonus by foreign nationals working in Bangladesh,"English
Download",22/03/20,14
https://www.bb.org.bd/mediaroom/circulars/fepd/mar192020fepd13e.pdf,FEPD Circular No. 13: Relaxation of foreign exchange regulations for trade transactions-extended facilities.,"English
Download",19/03/20,13
https://www.bb.org.bd/mediaroom/circulars/fepd/mar192020fepdl09e.pdf,FEPD Circular Letter No. 09: Retention of foreign currency in single pool for back to back import payments,"English
Download",19/03/20,09
https://www.bb.org.bd/mediaroom/circulars/fepd/mar162020fepd11e.pdf,FEPD Circular No. 11: Inward remittances on account of refund against import payment.,"English
Download",16/03/20,11
https://www.bb.org.bd/mediaroom/circulars/fepd/mar112020fepd10e.pdf,FEPD Circular No. 10: Transfer of remunerations to Foreign Currency (FC) accounts in the names of foreign nationals employed in EPZ/EZ/HTP companies in Bangladesh.,"English
Download",11/03/20,10
https://www.bb.org.bd/mediaroom/circulars/fid/feb272020dfiml02e.pdf,DFIM Circular Letter No. 02: Revised Guidelines on Commercial Paper (CP) for Financial Institutions,"English
Download",27/02/20,02
https://www.bb.org.bd/mediaroom/circulars/fepd/feb252020fepd09e.pdf,FEPD Circular No. 09: Enhancement of loan limit from Export Development Fund,"English
Download",25/02/20,09
https://www.bb.org.bd/mediaroom/circulars/fepd/feb112020fepd08e.pdf,FEPD Circular No. 08: Regarding amendment of FMJ Form.,"English
Download",11/02/20,08
https://www.bb.org.bd/mediaroom/circulars/feid/feb052020feid02e.pdf,FEID Circular No. 02: Regarding Share Money Deposit.,"English
Download",05/02/20,02
https://www.bb.org.bd/mediaroom/circulars/feid/feb052020feid01e.pdf,FEID Circular No. 01: Repatriation of residual money payable to foreign shareholders in case of winding up of a company.,"English
Download",05/02/20,01
https://www.bb.org.bd/mediaroom/circulars/fepd/feb032020fepd06e.pdf,FEPD Circular No. 06: Regarding Import and export of currency notes.,"English
Download",03/02/20,06
https://www.bb.org.bd/mediaroom/circulars/fepd/jan302020fepd04e.pdf,FEPD Circular No. 04: Foreign investment in EPZ enterprises and repatriation procedures.,"English
Download",30/01/20,04
https://www.bb.org.bd/mediaroom/circulars/fepd/jan302020fepdl07e.pdf,FEPD Circular Letter No. 07: Submission of authenticated bill of entry/certified invoice against remittance for imports-Clarification,"English
Download",30/01/20,07
https://www.bb.org.bd/mediaroom/circulars/fepd/jan132020fepd02e.pdf,FEPD Circular No. 02: Foreign exchange transactions for IT/Software firms.,"English
Download",13/01/20,02
https://www.bb.org.bd/mediaroom/circulars/fepd/dec052019fepd47e.pdf,FEPD Circular No. 47: Transfer of remunerations to Foreign Currency (FC) accounts in the names of foreign nationals employed in branch offices/liaison offices of foreign companies in Bangladesh,"English
Download",05/12/19,47
https://www.bb.org.bd/mediaroom/circulars/psd/dec052019psd07e.pdf,PSD Circular No. 07: Bangladesh Automated Cheque Processing System (BACPS) Operating Rules and Procedures.,"English
Download",05/12/19,07
https://www.bb.org.bd/mediaroom/circulars/fepd/dec042019fepd46e.pdf,FEPD Circular No. 46: Relaxation on Quarterly Repayment for imports under supplier's/buyer's credit.,"English
Download",04/12/19,46
https://www.bb.org.bd/mediaroom/circulars/fepd/nov252019fepd45e.pdf,FEPD Circular No. 45: Advance Payment against imports-liberalization/relaxation.,"English
Download",25/11/19,45
https://www.bb.org.bd/mediaroom/circulars/fepd/nov242019fepdl30e.pdf,FEPD Circular Letter No. 30: Use of International Cards from Bangladesh for online payments abroad.,"English
Download",24/11/19,30
https://www.bb.org.bd/mediaroom/circulars/brpd/nov192019brpdl25e.pdf,BRPD Circular Letter No. 25: Prudential Regulations for Consumer Financing (Regulation for House finance),"English
Download",19/11/19,25
https://www.bb.org.bd/mediaroom/circulars/fepd/nov192019fepd44e.pdf,FEPD Circular No. 44:Interest rate on borrowing from Export Development Fund (EDF).,"English
Download",19/11/19,44
https://www.bb.org.bd/mediaroom/circulars/fepd/nov172019fepdl28e.pdf,"FEPD Circular Letter No. 28: Operations of foreign currency accounts and taka accounts for enterprizes of Export Processing Zones (EPZs), Economic Zones (EZs) and Hi-Tech Parks (HTPs)","English
Download",17/11/19,28
https://www.bb.org.bd/mediaroom/circulars/fepd/nov172019fepd43e.pdf,FEPD Circular No. 43: Discounting of direct and deemed export bills transfer of right,"English
Download",17/11/19,43
https://www.bb.org.bd/mediaroom/circulars/fepd/nov142019fepdl27e.pdf,FEPD Circular Letter No. 27: Opening of branch offices abroad,"English
Download",14/11/19,27
https://www.bb.org.bd/mediaroom/circulars/fepd/nov142019fepdl26e.pdf,FEPD Circular Letter No. 26: Use of international cards for online payments.,"English
Download",14/11/19,26
https://www.bb.org.bd/mediaroom/circulars/dos/nov142019dosl30e.pdf,DOS Circular Letter No. 30:Holidays of the year 2020.,"English
Download",14/11/19,30
https://www.bb.org.bd/mediaroom/circulars/fepd/oct212019fepd41e.pdf,FEPD Circular No. 41:Release of foreign exchange for performing Umrah Hajj .,"English
Download",21/10/19,41
https://www.bb.org.bd/mediaroom/circulars/fepd/oct032019fepd38e.pdf,"FEPD Circular No. 38: Release of foreign exchange for attending seminar, conference, workshop, training etc. abroad","English
Download",03/10/19,38
https://www.bb.org.bd/mediaroom/circulars/feid/sep192019feidl02e.pdf,"FEID Circular Letter No. 02: Repatriation of residual balance or refund of borrowing from head office of branch office, liaison office or representative office or any other places of business operating in Bangladesh","English
Download",19/09/19,02
https://www.bb.org.bd/mediaroom/circulars/fepd/sep112019fepd34e.pdf,FEPD Circular No. 34: Repatriation of export proceeds through Online Payment Gateway Service Providers.,"English
Download",11/09/19,34
https://www.bb.org.bd/mediaroom/circulars/fepd/sep092019fepd33e.pdf,FEPD Circular No. 33: Outward remittances on account of IT expenses through digital wallet.,"English
Download",09/09/19,33
https://www.bb.org.bd/mediaroom/circulars/fepd/aug292019fepdl20e.pdf,FEPD Circular Letter No. 20: Extension of time for matching Bill of Entry(ies)/Certified invoice(s),"English
Download",29/08/19,20
https://www.bb.org.bd/mediaroom/circulars/fepd/aug222019fepd32e.pdf,FEPD Circular No. 32: Working capital loans from abroad by foreign owned/controlled companies,"English
Download",22/08/19,32
https://www.bb.org.bd/mediaroom/circulars/dos/aug192019dosl26e.pdf,DOS Circular Letter No. 26: Cash Reserve Ratio (CRR) and Statutory Liquidity Ratio (SLR),"English
Download",19/08/19,26
https://www.bb.org.bd/mediaroom/circulars/fepd/aug072019fepdl19e.pdf,FEPD Circular Letter No. 19: Discounting of direct and deemed export bills in foreign exchange.,"English
Download",07/08/19,19
https://www.bb.org.bd/mediaroom/circulars/fepd/jul252019fepd30e.pdf,"FEPD Circular No. 30: Release of foreign exchange for private travel abroad, revision of","English
Download",25/07/19,30
https://www.bb.org.bd/mediaroom/circulars/fepd/jul172019fepdl18e.pdf,FEPD Circular Letter No. 18: Transactions from Private Foreign Currency Account for trade settlement,"English
Download",17/07/19,18
https://www.bb.org.bd/mediaroom/circulars/fepd/jul112019fepd28e.pdf,FEPD Circular No. 28: Limit of Export Development Fund to leather goods and footwear industrial sectors.,"English
Download",11/07/19,28
https://www.bb.org.bd/mediaroom/circulars/fepd/jul092019fepdl17e.pdf,FEPD Circular Letter No. 17: Reporting of foreign exchange released through International Cards (Prepaid/Debit/ Credit) on health ground.,"English
Download",09/07/19,17
https://www.bb.org.bd/mediaroom/circulars/fepd/jul082019fepd27e.pdf,FEPD Circular No. 27: Deduction of Tax at Source on Interest Payable on Non-Resident Foreign Currency Deposit Account.,"English
Download",08/07/19,27
https://www.bb.org.bd/mediaroom/circulars/fepd/jul072019fepd26e.pdf,FEPD Circular No. 26: Adjustments of Bank charges associated with refund transactions.,"English
Download",07/07/19,26
https://www.bb.org.bd/mediaroom/circulars/fepd/jul042019fepdl16e.pdf,FEPD Circular Letter No. 16: Matching of Bill of Entry(ies)/Certified invoice(s).,"English
Download",04/07/19,16
https://www.bb.org.bd/mediaroom/circulars/fepd/jun262019fepdl15e.pdf,FEPD Circular Letter No. 15: Business travel quota entitlements for local agents,"English
Download",26/06/19,15
https://www.bb.org.bd/mediaroom/circulars/fepd/jun262019fepdl14e.pdf,FEPD Circular Letter No. 14: Expansion of scope of Green Transformation Fund.,"English
Download",26/06/19,14
https://www.bb.org.bd/mediaroom/circulars/fepd/jun192019fepd01e.pdf,S.P.A Circular No. 01: Regarding Online purchase of tickets by foreign nationals and resident Bangladeshis for travelling abroad.,"English
Download",19/06/19,01
https://www.bb.org.bd/mediaroom/circulars/fepd/may302019fepdl11e.pdf,FEPD Circular Letter No. 11: Extension of validity period of Bangladesh Bank's approval for outward remittance,"English
Download",30/05/19,11
https://www.bb.org.bd/mediaroom/circulars/fepd/may222019fepd24e.pdf,FEPD Circular No. 24: Import of raw materials on deferred payment basis by power generating enterprises,"English
Download",22/05/19,24
https://www.bb.org.bd/mediaroom/circulars/fepd/may202019fepd23e.pdf,FEPD Circular No. 23: Extending interest free Taka working capital loan to foreign owned/controlled companies,"English
Download",20/05/19,23
https://www.bb.org.bd/mediaroom/circulars/fepd/may192019fepd22e.pdf,FEPD Circular No. 22: Business-to-Consumer export through sales orders received on internet,"English
Download",19/05/19,22
https://www.bb.org.bd/mediaroom/circulars/fepd/may162019fepd21e.pdf,FEPD Circular No. 21: Foreign Exchange Transactions by the Enterprises of Hi-Tech Parks (HTPs) in Bangladesh,"English
Download",16/05/19,21
https://www.bb.org.bd/mediaroom/circulars/fepd/may092019fepd20e.pdf,FEPD Circular No. 20: Foreign Currency Account for International Gateway (IGW) Operators.,"English
Download",09/05/19,20
https://www.bb.org.bd/mediaroom/circulars/fepd/may072019fepdl09e.pdf,FEPD Circular Letter No. 09: Temporary non-resident Taka account (NRTA) for foreign investors,"English
Download",07/05/19,09
https://www.bb.org.bd/mediaroom/circulars/fepd/may052019fepd18e.pdf,FEPD Circular No. 18: Export Development Fund (EDF),"English
Download",05/05/19,18
https://www.bb.org.bd/mediaroom/circulars/fepd/may052019fepd19e.pdf,FEPD Circular No. 19: Usance interest rate against import under supplier's/buyer's credit.,"English
Download",05/05/19,19
https://www.bb.org.bd/mediaroom/circulars/fepd/apr232019fepd17e.pdf,FEPD Circular No. 17: Introduction of electronic option of EXP Form submission for export of goods from Bangladesh,"English
Download",23/04/19,17
https://www.bb.org.bd/mediaroom/circulars/brpd/apr212019brpd03e.pdf,BRPD Circular No. 03: Loan Classification and Provisioning,"English
Download",21/04/19,03
https://www.bb.org.bd/mediaroom/circulars/fepd/apr182019fepd16e.pdf,FEPD Circular No. 16: Opening of branch offices abroad,"English
Download",18/04/19,16
https://www.bb.org.bd/mediaroom/circulars/feid/apr082019feidl01e.pdf,"FEID Circular Letter No. 01: Addendum of Operating Guidelines for JICA assisted Foreign Direct Investment Promotion Project (FDIPP, BD-P86)","English
Download",08/04/19,01
https://www.bb.org.bd/mediaroom/circulars/fepd/apr072019fepd14e.pdf,FEPD Circular No. 14: Issuance of International Card for online payment of registration fee on account of medical check-up for Bangladeshi nationals,"English
Download",07/04/19,14
https://www.bb.org.bd/mediaroom/circulars/smespd/mar312019smespd01e.pdf,SMESPD Circular No. 01: Loan fund for pre-finance under Program to Support Safety Retrofits and Environmental Upgrades in the Bangladeshi Ready-Made Garments (RMG) Sector Project (SREUP) (BD-2230322),"English
Download",31/03/19,01
https://www.bb.org.bd/mediaroom/circulars/fepd/mar282019fepdl08e.pdf,FEPD Circular Letter No. 08:Import of industrial raw materials on usance terms on behalf of exporters,"English
Download",28/03/19,08
https://www.bb.org.bd/mediaroom/circulars/fepd/mar112019fepd11e.pdf,FEPD Circular No. 11: Issuance of transferable letters of credit (LCs) under cash LCAF,"English
Download",11/03/19,11
https://www.bb.org.bd/mediaroom/circulars/fepd/mar112019fepd12e.pdf,FEPD Circular No. 12:Collection of bill of entry against import through land ports,"English
Download",11/03/19,12
https://www.bb.org.bd/mediaroom/circulars/brpd/feb252019brpd02e.pdf,BRPD Circular No. 02: Policy for Offshore Banking Operation of the Banks in Bangladesh.,"English
Download",25/02/19,02
https://www.bb.org.bd/mediaroom/circulars/fepd/feb052019fepd12e.pdf,FEPD Circular No. 10: Issuance of Letter of Credit Authorization Form (LCAF),"English
Download",05/02/19,10
https://www.bb.org.bd/mediaroom/circulars/fid/feb032019dfiml01e.pdf,DFIM Circular Letter No. 01: Name Change of Financial Institution,"English
Download",03/02/19,01
https://www.bb.org.bd/mediaroom/circulars/fepd/jan272019fepd9e.pdf,FEPD Circular No. 9: Saudi Customs rules for Declaration of goods and cash at entry and exit points of Kingdom of Saudi Arabia.,"English
Download",27/01/19,9
https://www.bb.org.bd/mediaroom/circulars/fepd/jan222019fepd08e.pdf,FEPD Circular No. 08: Bank guarantee by exporters to competent authorities/agencies in the country of import,"English
Download",22/01/19,08
https://www.bb.org.bd/mediaroom/circulars/fepd/jan172019fepd07e.pdf,FEPD Circular No. 07: Import of raw materials for manufacturing Active Pharmaceutical Ingredients (API) and Laboratory Reagents on usance basis,"English
Download",17/01/19,07
https://www.bb.org.bd/mediaroom/circulars/fepd/jan092019fepd05e.pdf,FEPD Circular No. 05: Repayment against imports under supplier'/buyer's credit - relaxation,"English
Download",09/01/19,05
https://www.bb.org.bd/mediaroom/circulars/fepd/jan092019fepd04e.pdf,FEPD Circular No. 04: Use of balances held in foreign currency (FC)accounts by Type A industrial enterprises,"English
Download",09/01/19,04
https://www.bb.org.bd/mediaroom/circulars/fepd/jan092019fepd03e.pdf,FEPD Circular No. 03: Endorsement of shipping documents,"English
Download",09/01/19,03
https://www.bb.org.bd/mediaroom/circulars/fepd/jan092019fepd06e.pdf,FEPD Circular No. 06: Import of unprocessed yarn on deferred payment basis.,"English
Download",09/01/19,06
https://www.bb.org.bd/mediaroom/circulars/feod/jan062019feod02e.pdf,FEOD Circular No. 02: Submission of Monthly/Quarterly statement by Local agents of Foreign Courier Service Companies,"English
Download",06/01/19,02
https://www.bb.org.bd/mediaroom/circulars/dos/nov292018dosl25e.pdf,DOS Circular Letter No. 25: Holidays of the year 2019,"English
Download",29/11/18,25
https://www.bb.org.bd/mediaroom/circulars/feod/nov282018feodl01e.pdf,"FEOD Circular Letter No. 01: Generating of ""Information of freight brought by freight forwarder against FOB (or similar term) export"" by using Bangladesh Bank Online Inward Remittance Monitoring System","English
Download",28/11/18,01
https://www.bb.org.bd/mediaroom/circulars/sd/nov122018sd04e.pdf,SD Circular No. 04: Submission of monthly e-Banking and e-Commerce returns through Revised RIT,"English
Download",12/11/18,04
https://www.bb.org.bd/mediaroom/circulars/fepd/nov082018fepd31e.pdf,FEPD Circular No. 31: Issuance of guarantee on behalf of non-residents in favor of residents in Bangladesh,"English
Download",08/11/18,31
https://www.bb.org.bd/mediaroom/circulars/smespd/nov072018smespdl03e.pdf,"SMESPD Circular Letter No. 03: Addendum of Operating Guidelines for JICA assisted Urban Building Safety Project (UBSP, BD-P84)","English
Download",07/11/18,03
https://www.bb.org.bd/mediaroom/circulars/fepd/oct282018fepd30e.pdf,FEPD Circular No. 30: Forward sale and purchase of foreign exchange-flexibility,"English
Download",28/10/18,30
https://www.bb.org.bd/mediaroom/circulars/brpd/oct182018brpd13e.pdf,BRPD Circular No. 13: Loan Classification and Provisioning,"English
Download",18/10/18,13
https://www.bb.org.bd/mediaroom/circulars/fepd/oct172018fepd29e.pdf,FEPD Circular No. 29: Use of balances held in Foreign Currency (FC) accounts of Export Processing Zone (EPZ) and Economic Zone (EZ) enterprises.,"English
Download",17/10/18,29
https://www.bb.org.bd/mediaroom/circulars/fepd/oct152018fepdl17e.pdf,FEPD Circular Letter No. 17: Holding collateral on behalf of non-resident lenders,"English
Download",15/10/18,17
https://www.bb.org.bd/mediaroom/circulars/fepd/oct152018fepd28e.pdf,FEPD Circular No. 28: Repayment of External Borrowings by Public and Private Sector entities,"English
Download",15/10/18,28
https://www.bb.org.bd/mediaroom/circulars/dos/oct082018dos04e.pdf,DOS Circular No. 04: Risk Management Guidelines for banks,"English
Download",08/10/18,04
https://www.bb.org.bd/mediaroom/circulars/dos/oct072018dosl23e.pdf,DOS Circular Letter No. 23: Cash Reserve Ratio (CRR) and Statutory Liquidity Ratio (SLR),"English
Download",07/10/18,23
https://www.bb.org.bd/mediaroom/circulars/fepd/aug142018fepd25e.pdf,FEPD Circular No. 25: Clearing arrangement with Bangladesh Bank in Chinese Yuan Renminbi(CNY),"English
Download",14/08/18,25
https://www.bb.org.bd/mediaroom/circulars/sd/aug052018sd03e.pdf,SD Circular No. 03: Submission of the statement of rate of interest on Deposits and Advances through RITs,"English
Download",05/08/18,03
https://www.bb.org.bd/mediaroom/circulars/psd/jul302018psdl04e.pdf,"PSD Circular No. 04: Bangladesh Mobile Financial Services (MFS) Regulations, 2018","English
Download",30/07/18,04
https://www.bb.org.bd/mediaroom/circulars/feid/jul302018feid02e.pdf,"FEID Circular No. 02:Investment by non-resident investors in Alternative Investment Funds under BSEC (Alternative Investment) Rules, 2015","English
Download",30/07/18,02
https://www.bb.org.bd/mediaroom/circulars/fepd/jul292018fepd24e.pdf,FEPD Circular No. 24: Issuance of bid bonds on behalf of residents in favor of non-residents,"English
Download",29/07/18,24
https://www.bb.org.bd/mediaroom/circulars/fepd/jul242018fepd23e.pdf,FEPD Circular No. 23: Interest Rate on Resident Foreign Currency Deposit (RFCD) Accounts,"English
Download",24/07/18,23
https://www.bb.org.bd/mediaroom/circulars/fepd/jul192018fepd21e.pdf,FEPD Circular No. 21: Submission of statement by Bangladeshi Private airlines operating in international routes.,"English
Download",18/07/18,21
https://www.bb.org.bd/mediaroom/circulars/fepd/jun282018fepd19e.pdf,FEPD Circular No. 19: Amendment in Form of Undertaking,"English
Download",28/06/18,19
https://www.bb.org.bd/mediaroom/circulars/fepd/jun282018fepd20e.pdf,"FEPD Circular No. 20 : Validity of LCAF for importation of HR coil, Scrap, Pig iron & Sponge iron under deferred payment basis.","English
Download",28/06/18,20
https://www.bb.org.bd/mediaroom/circulars/fepd/jun282018fepd18e.pdf,FEPD Circular No. 18:Issuance of guarantee on behalf of foreign owned/controlled companies in favour of residents against foreign back to back guarantee,"English
Download",28/06/18,18
https://www.bb.org.bd/mediaroom/circulars/brpd/jun212018brpd07e.pdf,BRPD Circular No. 07: Loan Classification and Provisioning,"English
Download",21/06/18,07
https://www.bb.org.bd/mediaroom/circulars/brpd/jun202018brpd06e.pdf,BRPD Circular No. 06: Prudential Regulations for Consumer Financing (Credit Card),"English
Download",20/06/18,06
https://www.bb.org.bd/mediaroom/circulars/fepd/jun112018fepd17e.pdf,FEPD Circular No. 17: Business-to-Consumer export through sales orders received on internet,"English
Download",11/06/18,17
https://www.bb.org.bd/mediaroom/circulars/fepd/jun102018fepd15e.pdf,FEPD Circular No. 15: Remittance on account of head office expenses by branches of foreign banking companies operating in Bangladesh,"English
Download",10/06/18,15
https://www.bb.org.bd/mediaroom/circulars/fepd/jun052018fepd13e.pdf,FEPD Circular No. 13: Foreign Exchange Transactions by the Enterprises of Economic Zones (EZs) in Bangladesh.,"English
Download",05/06/18,13
https://www.bb.org.bd/mediaroom/circulars/fepd/may212018fepd12e.pdf,FEPD Circular No. 12: Enhancement of loan limit from Export Development Fund,"English
Download",21/05/18,12
https://www.bb.org.bd/mediaroom/circulars/feid/may062018feid01e.pdf,FEID Circular No. 01: Transfer of shares and repatriation of sale proceeds of shares in favor of non-resident in private/public limited companies not listed with stock exchanges,"English
Download",06/05/18,01
https://www.bb.org.bd/mediaroom/circulars/cib/apr262018cib02e.pdf,CIB Circular No. 02: Regarding Submission of Collateral Information to the Collateral Database,"English
Download",26/04/18,02
https://www.bb.org.bd/mediaroom/circulars/cib/apr262018cib01e.pdf,CIB Circular No. 01:Resetting the threshold of submission of Credit Information to the CIB Database,"English
Download",26/04/18,01
https://www.bb.org.bd/mediaroom/circulars/fepd/apr172018fepdl07e.pdf,FEPD Circular Letter No. 07: Promissory Note Format of Green Transformation Fund-Modification of,"English
Download",17/04/18,07
https://www.bb.org.bd/mediaroom/circulars/fepd/apr152018fepd10e.pdf,FEPD Circular No. 10: Use of balances held in single pool for 30 days,"English
Download",15/04/18,10
https://www.bb.org.bd/mediaroom/circulars/brpd/apr042018brpdl04e.pdf,BRPD Circular Letter No. 04: Reducing Rate of Interest against Loans to Ship Building Industry of Bangladesh and Providing Long Term Repayment Facility.,"English
Download",04/04/18,04
https://www.bb.org.bd/mediaroom/circulars/mpd/apr032018mpd02e.pdf,MPD Circular No. 02: Re-fixation of Repo interest rate of Bangladesh Bank.,"English
Download",03/04/18,02
https://www.bb.org.bd/mediaroom/circulars/mpd/apr032018mpd01e.pdf,MPD Circular No. 01: Regarding Cash Reserve Requirement (CRR),"English
Download",03/04/18,01
https://www.bb.org.bd/mediaroom/circulars/fepd/mar252018fepdl06e.pdf,FEPD Circular Letter No. 06: Purchase of Wage-Earner Development Bonds out of Taka fund against inward remittance sent by wage earners,"English
Download",25/03/18,06
https://www.bb.org.bd/mediaroom/circulars/ipff/mar132018ipff01e.pdf,IPFF II Circular No. 01: Financing Facility under the Investment Promotion and Financing Facility II (IPFF II) Project,"English
Download",13/03/18,01
https://www.bb.org.bd/en/index.php/aboutus/regulationguideline/foreignexchange/gudforextransvol2_05032018.pdf,"FEPD Circular No. 08: Circulation and Distribution of Guidelines for Foreign Exchange Transactions, 2018 Volume 1 and 2  volume 1 volume 2","English
Download",04/03/18,08
https://www.bb.org.bd/mediaroom/circulars/brpd/feb202018brpd01e.pdf,BRPD Circular No. 01: Loan Classification and Provisioning,"English
Download",20/02/18,01
https://www.bb.org.bd/mediaroom/circulars/fepd/feb152018fepd07e.pdf,FEPD Circular No. 07: Outward remittance facilities for exporters,"English
Download",15/02/18,07
https://www.bb.org.bd/mediaroom/circulars/fid/jan182018dfiml01e.pdf,DFIM Circular Letter No. 01: Change of Name of Financial Institution,"English
Download",18/01/18,01
https://www.bb.org.bd/mediaroom/circulars/fepd/jan182018fepd01e.pdf,FEPD Circular No. 01:Payments through Asian Clearing Union (ACU),"English
Download",18/01/18,01
https://www.bb.org.bd/mediaroom/circulars/fepd/dec312017fepd45e.pdf,FEPD Circular No. 45 : Master Circular on Export Development Fund,"English
Download",31/12/17,45
https://www.bb.org.bd/mediaroom/circulars/fepd/dec282017fepd44e.pdf,FEPD Circular No. 44: Repatriation of export proceeds through Online Payment Gateway Service Providers- revision of,"English
Download",28/12/17,44
https://www.bb.org.bd/mediaroom/circulars/fepd/dec142017fepd43e.pdf,"FEPD Circular No. 43: Collection of Demurrage, Detention, Handling or equivalent charges by the foreign shipping lines/ their agents as source of fund for calculation of their remittable surplus","English
Download",14/12/17,43
https://www.bb.org.bd/mediaroom/circulars/fepd/nov292017fepd42e.pdf,"FEPD Circular No. 42: Application of Bangladesh Investment Development Authority Act, 2016 for remittance on account of payment of royalty, fees for technical knowledge or technical assistance and franchise fees","English
Download",29/11/17,42
https://www.bb.org.bd/mediaroom/circulars/dos/nov282017dosl26e.pdf,DOS Circular Letter No. 26: Holidays of the year 2018,"English
Download",28/11/17,26
https://www.bb.org.bd/mediaroom/circulars/dmd/nov262017dmd02e.pdf,DMD Circular No. 02: Quarterly Consultation Meeting with Primary Dealers,"English
Download",26/11/17,02
https://www.bb.org.bd/mediaroom/circulars/fepd/nov192017fepd41e.pdf,FEPD Circular No. 41: Regarding Imports of Spare Parts Under Deferred Payment LCs.,"English
Download",19/11/17,41
https://www.bb.org.bd/mediaroom/circulars/fepd/nov162017fepdl18e.pdf,FEPD Circular Letter No. 18: Matching of Bill of Entry(ies)/Certified invoice(s),"English
Download",16/11/17,18
https://www.bb.org.bd/mediaroom/circulars/fepd/nov152017fepd40e.pdf,FEPD Circular No. 40: Family remittance facility for foreign nationals who are resident in and have income in Bangladesh,"English
Download",15/11/17,40
https://www.bb.org.bd/mediaroom/circulars/fepd/nov012017fepdl16e.pdf,FEPD Circular Letter No. 16: Long Term Financing Facility (LTFF) under the Financial Sector Support Project (FSSP),"English
Download",01/11/17,16
https://www.bb.org.bd/mediaroom/circulars/fepd/oct092017fepd36e.pdf,FEPD Circular No. 36: Inclusion of export oriented jute products manufacturing industry in Green Transformation Fund,"English
Download",09/10/17,36
https://www.bb.org.bd/mediaroom/circulars/fepd/oct092017fepdl15e.pdf,FEPD Circular Letter No. 15: Arrangement to collect payment against foreign payment instruments.,"English
Download",09/10/17,15
https://www.bb.org.bd/mediaroom/circulars/brpd/sep272017brpd15e.pdf,BRPD Circular No. 15: Loan Classification and Provisioning,"English
Download",27/09/17,15
https://www.bb.org.bd/mediaroom/circulars/feid/aug302017feid01e.pdf,FEID Circular No. 01: Two Step Loan Fund for refinance or pre finance under JICA funded Foreign Direct Investment Promotion Project (FDIPP) BD-P86,"English
Download",30/08/17,01
https://www.bb.org.bd/mediaroom/circulars/fepd/aug212017fepd34e.pdf,FEPD Circular No. 34:Release of foreign exchange on account of Overseas Allowance in favour of the cockpit and cabin crews of Biman Bangladesh Airlines Ltd,"English
Download",21/08/17,34
https://www.bb.org.bd/mediaroom/circulars/fepd/aug202017fepd33e.pdf,FEPD Circular No. 33: Issuance of bank guarantees against import under buyer's credit,"English
Download",21/08/17,33
https://www.bb.org.bd/mediaroom/circulars/brpd/aug202017brpd12e.pdf,BRPD Circular No. 12 : Loan Classification and Provisioning,"English
Download",20/08/17,12
https://www.bb.org.bd/mediaroom/circulars/fepd/aug172017fepd32e.pdf,FEPD Circular No. 32: Green Transformation Fund for export oriented textile & textile products and leather manufacturing industries,"English
Download",17/08/17,32
https://www.bb.org.bd/mediaroom/circulars/feid/aug162017feidl02e.pdf,FEID Circular Letter No. 02: Amendment proposals for extension of availability period of private sector external loans approved by the Bangladesh Investment Development Authority.,"English
Download",16/08/17,02
https://www.bb.org.bd/mediaroom/circulars/fepd/aug102017fepd29e.pdf,FEPD Circular No. 29 : Release of foreign exchange for study abroad,"English
Download",10/08/17,29
https://www.bb.org.bd/mediaroom/circulars/fepd/jul232017fepd28e.pdf,FEPD Circular No. 28: Taka loans to Non-Resident Bangladeshi (NRBs) working abroad,"English
Download",23/07/17,28
https://www.bb.org.bd/mediaroom/circulars/fepd/jul202017fepd27e.pdf,FEPD Circular No. 27: Import of rice on deferred payment or usance basis,"English
Download",20/07/17,27
https://www.bb.org.bd/mediaroom/circulars/feid/jul182017feidl01e.pdf,FEID Circular Letter No. 01: Setting up help desk to assist foreign investors to boost foreign direct investment (FDI),"English
Download",18/07/17,01
https://www.bb.org.bd/mediaroom/circulars/fepd/jul162017fepd26e.pdf,FEPD Circular No. 26: Use of share capital and authorized loans through foreign currency/local currency accounts by industrial enterprises operating in Export Processing Zones (EPZs).,"English
Download",16/07/17,26
https://www.bb.org.bd/mediaroom/circulars/fepd/jun142017fepd25e.pdf,FEPD Circular No. 25: Operations of Taka Accounts for enterprizes of Export Processing Zones (EPZs) and Economic Zones (EZs).,"English
Download",14/06/17,25
https://www.bb.org.bd/mediaroom/circulars/fepd/jun052017fepd24e.pdf,FEPD Circular No. 24: Foreign Exchange Transactions by the Units of Export Processing Zones (EPZs) in Bangladesh.,"English
Download",05/06/17,24
https://www.bb.org.bd/mediaroom/circulars/fepd/may292017fepd23e.pdf,FEPD Circular No. 23: Release of foreign exchange for study abroad,"English
Download",29/05/17,23
https://www.bb.org.bd/mediaroom/circulars/fepd/may152017fepd22e.pdf,FEPD Circular No. 22: Use of balances held in exporter's retention quota (ERQ) accounts,"English
Download",15/05/17,22
https://www.bb.org.bd/mediaroom/circulars/fepd/may112017fepd21e.pdf,FEPD Circular No. 21: Foreign Exchange Transactions by the enterprises of Economic Zones (EZs) in Bangladesh,"English
Download",11/05/17,21
https://www.bb.org.bd/mediaroom/circulars/fepd/may022017fepd20e.pdf,FEPD Circular No. 20: Repatriation of ICT related service income through international card,"English
Download",02/05/17,20
https://www.bb.org.bd/mediaroom/circulars/fepd/apr132017fepd19e.pdf,FEPD Circular No. 19: Deposits of foreign currency by Non-Resident Bangladeshis (NRBs) in their bank accounts at bank booths operating in airports,"English
Download",13/04/17,19
https://www.bb.org.bd/mediaroom/circulars/fepd/apr122017fepd18e.pdf,FEPD Circular No. 18: Purchase by Bangladesh residents of Taka bonds issued by foreign owned/controlled companies in Bangladesh.,"English
Download",12/04/17,18
https://www.bb.org.bd/mediaroom/circulars/fepd/apr112017fepd17e.pdf,FEPD Circular No. 17: Repatriation of export proceeds,"English
Download",11/04/17,17
https://www.bb.org.bd/mediaroom/circulars/fepd/apr092017fepd16e.pdf,FEPD Circular No. 16: Release of foreign exchange on account of visa fee,"English
Download",09/04/17,16
https://www.bb.org.bd/mediaroom/circulars/fepd/apr062017fepdl02e.pdf,FEPD Circular Letter No. 02: Reporting Transactions in International Cards,"English
Download",06/04/17,02
https://www.bb.org.bd/mediaroom/circulars/brpd/apr042017brpd04e.pdf,BRPD Circular No. 04: Prudential Regulations for Consumer Financing.,"English
Download",03/04/17,04
https://www.bb.org.bd/mediaroom/circulars/fepd/apr022017fepd15e.pdf,FEPD Circular No. 15 : Enhancement of Exporter's Retention Quota (ERQ) for export of ICT services,"English
Download",02/04/17,15
https://www.bb.org.bd/mediaroom/circulars/fepd/apr022017fepd14e.pdf,FEPD Circular No. 14 : Remittances on account of IT related fees,"English
Download",02/04/17,14
https://www.bb.org.bd/mediaroom/circulars/fepd/apr022017fepd13e.pdf,FEPD Circular No. 13 : Foreign exchange transactions for IT/Software firms,"English
Download",02/04/17,13
https://www.bb.org.bd/mediaroom/circulars/fepd/apr022017fepd12e.pdf,FEPD Circular No. 12 : Declaration on Form-C for inward remittance on account of ICT related services,"English
Download",02/04/17,12
https://www.bb.org.bd/mediaroom/circulars/fepd/mar232017fepd11e.pdf,FEPD Circular No. 11: Lending in Taka working capital loans to foreign owned/controlled companies in Bangladesh,"English
Download",23/03/17,11
https://www.bb.org.bd/mediaroom/circulars/fepd/mar202017fepd10e.pdf,FEPD Circular No. 10: Issuance of guarantee on behalf of non-residents in favor of residents in Bangladesh.,"English
Download",20/03/17,10
https://www.bb.org.bd/mediaroom/circulars/fepd/mar192017fepd09e.pdf,FEPD Circular No. 09: Issuance of shares in favor of non-residents by debit to non-resident Taka accounts of overseas branches and correspondents,"English
Download",19/03/17,09
https://www.bb.org.bd/mediaroom/circulars/fepd/feb282017fepd08e.pdf,FEPD Circular No. 08: Re-conversion of unspent taka into foreign exchange by foreign tourists.,"English
Download",28/02/17,08
https://www.bb.org.bd/mediaroom/circulars/fepd/feb142017fepd07e.pdf,FEPD Circular No. 07: Validity of Letter of Credit Authorization Form (LCAF),"English
Download",14/02/17,07
https://www.bb.org.bd/mediaroom/circulars/fepd/feb142017fepd06e.pdf,FEPD Circular No. 06: Registration fee on account of medical check-up for migrant workers,"English
Download",14/02/17,06
https://www.bb.org.bd/mediaroom/circulars/brpd/feb092017brpdl01e.pdf,BRPD Circular Letter No. 01: Amendment of Guidelines on Commercial Paper (CP) for Banks,"English
Download",09/02/17,01
https://www.bb.org.bd/mediaroom/circulars/gbcrd/feb082017sfd02e.pdf,SFD Circular No. 02: Guidelines on Environmental & Social Risk Management (ESRM) for Banks and Financial Institutions in Bangladesh Annex-2 of ESRM-ESDD Risk Assessment Tool,"English
Download",08/02/17,02
https://www.bb.org.bd/mediaroom/circulars/fepd/feb052017fepd05e.pdf,FEPD Circular No. 05: Advance payment against import from Exporter's Retention Quota (ERQ) AccountsRetention Quota (ERQ) Accounts,"English
Download",05/02/17,05
https://www.bb.org.bd/mediaroom/circulars/fepd/jan302017fepd04e.pdf,FEPD Circular No. 04: Opening of Non-Resident Foreign Currency Deposit Accounts,"English
Download",30/01/17,04
https://www.bb.org.bd/mediaroom/circulars/fepd/jan222017fepd03e.pdf,FEPD Circular No. 03 : Use of balances held in Exporter's Retention Quota Accounts,"English
Download",22/01/17,03
https://www.bb.org.bd/mediaroom/circulars/fepd/jan222017fepd02e.pdf,FEPD Circular No. 02: Short term foreign currency borrowing by Type A industries in Export Processing Zones (EPZs)/Economic Zones (EZs),"English
Download",22/01/17,02
https://www.bb.org.bd/mediaroom/circulars/fepd/jan122017fepd01e.pdf,FEPD Circular No. 01 : Issuance of International Debit/Prepaid Card against balances held in Foreign Currency Accounts of Export Processing Zones (EPZs) and Economic Zones (EZs) Enterprise,"English
Download",12/01/17,01
https://www.bb.org.bd/mediaroom/circulars/fepd/dec282016fepd31e.pdf,FEPD Circular No. 31:Regarding Submission of Form C to Bangladesh Bank.,"English
Download",28/12/16,31
https://www.bb.org.bd/mediaroom/circulars/fepd/dec212016fepdl31e.pdf,FEPD Circular Letter No. 31: Release of foreign exchange against cost of agent services of legal process under The USA PATRIOT Act of 2001.,"English
Download",20/12/16,31
https://www.bb.org.bd/mediaroom/circulars/dos/dec012016dosl27e.pdf,DOS Circular Letter No. 27: Holidays of the year 2017,"English
Download",01/12/16,27
https://www.bb.org.bd/mediaroom/circulars/brpd/dec012016brpd08e.pdf,BRPD Circular No. 08: Guidelines on Core Banking Solution (CBS) Features and Controls,"English
Download",01/12/16,08
https://www.bb.org.bd/mediaroom/circulars/fepd/nov132016fepd27e.pdf,FEPD Circular No. 27 : Long Term Financing Facility (LTFF) under the Financial Sector Support Project (FSSP),"English
Download",13/11/16,27
https://www.bb.org.bd/mediaroom/circulars/fepd/oct032016fepdl27e.pdf,FEPD Circular Letter No. 27: Participation Agreement of Green Transformation Fund for export oriented textile & textile products and leather manufacturing industries.,"English
Download",03/10/16,27
https://www.bb.org.bd/mediaroom/circulars/smespd/sep252016smespd03e.pdf,"SMESPD Circular No. 03: Two step loan fund for refinancing or pre-financing under JICA assisted Urban Building Safety Project (UBSP, BD-P84)","English
Download",25/09/16,03
https://www.bb.org.bd/mediaroom/circulars/brpd/sep252016brpd07e.pdf,BRPD Circular No. 07: Guidelines on Commercial Paper (CP) for Banks,"English
Download",25/09/16,07
https://www.bb.org.bd/mediaroom/circulars/fepd/aug102016fepd23e.pdf,FEPD Circular No. 23: Foreign exchange transaction for IT/Software firms,"English
Download",10/08/16,23
https://www.bb.org.bd/mediaroom/circulars/fepd/aug092016fepd22e.pdf,FEPD Circular No. 22: Foreign Exchange Regulations applicable for enterprises and developers operating in Economic Zones (EZs) in Bangladesh,"English
Download",09/08/16,22
https://www.bb.org.bd/mediaroom/circulars/fepd/aug092016fepd21e.pdf,FEPD Circular No. 21: Repatriation of export proceeds through Online Payment Gateway Service Providers,"English
Download",09/08/16,21
https://www.bb.org.bd/mediaroom/circulars/fepd/jul272016fepd20e.pdf,FEPD Circular No. 20: Payments through Asian Clearing Union (ACU),"English
Download",27/07/16,20
https://www.bb.org.bd/mediaroom/circulars/fepd/jul132016fepd19e.pdf,FEPD Circular No. 19: Release of foreign exchange to private sector participants for attending,"English
Download",13/07/16,19
https://www.bb.org.bd/mediaroom/circulars/fepd/jun302016fepd18e.pdf,FEPD Circular No. 18 : Remittance towards publication related fees of articles for publication in international journals,"English
Download",30/06/16,18
https://www.bb.org.bd/mediaroom/circulars/fepd/jun282016fepdl19e.pdf,FEPD Circular Letter No. FEPD(FEMP)/03(a)/2016-19 : Submission of Exchange Position in Rationalized Input Template (RIT) through web portal,"English
Download",28/06/16,19
https://www.bb.org.bd/mediaroom/circulars/fepd/jun192016fepd17e.pdf,FEPD Circular No. 17: Enhancement of Export Development Fund (EDF),"English
Download",19/06/16,17
https://www.bb.org.bd/mediaroom/circulars/fepd/jun092016fepdl5092e.pdf,"FEPD Letter No. 5092:Transaction with branch office or liaison office or representative office or any other place of business in Bangladesh established under Section 18B(1) of the Foreign Exchange Regulation Act, 1947","English
Download",09/06/16,5092
https://www.bb.org.bd/mediaroom/circulars/fepd/jun092016fepdl5091e.pdf,FEPD Letter No. 5091:Foreign exchange transactions for agency services,"English
Download",09/06/16,5091
https://www.bb.org.bd/mediaroom/circulars/brpd/may312016brpdl05e.pdf,BRPD Circular Letter No. 05:Guidelines on Risk Based Capital Adequacy - Revised Regulatory Capital Framework,"English
Download",31/05/16,05
https://www.bb.org.bd/mediaroom/circulars/fid/may292016dfim06e.pdf,DFIM Circular No. 06: Guidelines on Commercial Paper for Financial Institutions,"English
Download",29/05/16,06
https://www.bb.org.bd/mediaroom/circulars/fepd/may162016fepd16e.pdf,FEPD Circular No. 16 : Release of Foreign Exchange for travelling abroad without visa,"English
Download",16/05/16,16
https://www.bb.org.bd/mediaroom/circulars/fepd/may092016fepd15e.pdf,FEPD Circular No. 15: Foreign exchange transactions of freight forwarders,"English
Download",09/05/16,15
https://www.bb.org.bd/mediaroom/circulars/smespd/20160503_og_jicaproject.pdf,"SMESPD Circular Letter No. 02: Provision of providing 100% refinance/ pre-finance to women led enterprises under the Two Step Loan(TSL) Fund of JICA assisted Financial Sector Project for the Development of Small and Medium Sized Enterprises [FSPDSME], BD-P67 Revised OG","English
Download",03/05/16,02
https://www.bb.org.bd/mediaroom/circulars/fid/mar302016dfim04e.pdf,DFIM Circular No. 04 :Regarding Investment in Non-listed Special Purpose Funds registeredwith Bangladesh Securities and Exchange Commission,"English
Download",30/03/16,04
https://www.bb.org.bd/mediaroom/circulars/fepd/mar232016fepdl09e.pdf,FEPD Circular Letter No. 09 : Issuance of Umrah Hajj Guarantees in foreign currency,"English
Download",23/03/16,09
https://www.bb.org.bd/mediaroom/circulars/fepd/feb252016fepd05e.pdf,FEPD Circular No. 05: Use of International Credit Cards (ICCs) for online payment,"English
Download",25/02/16,05
https://www.bb.org.bd/mediaroom/circulars/psd/feb142016psd01e.pdf,PSD Circular No. 01: Banks' responsibilities to ensure Security and Risk Mitigation measures in ATM Transactions,"English
Download",14/02/16,01
https://www.bb.org.bd/mediaroom/circulars/fepd/feb142016fepd04e.pdf,FEPD Circular No. 04 : Foreign Exchange Regulations applicable for enterprise and developersoperating in Economic Zones (EZs) in Bangladesh,"English
Download",14/02/16,04
https://www.bb.org.bd/mediaroom/circulars/fid/jan242016dfim03e.pdf,DFIM Circular No. 03 : Integrated Risk Management Guidelines for Financial Institutions,"English
Download",24/01/16,03
https://www.bb.org.bd/mediaroom/circulars/fepd/jan202016fepd03e.pdf,FEPD Circular No. 03 :Issuance of notification on bringing gold or silver bullion/ingot by incoming passengers into Bangladesh,"English
Download",20/01/16,03
https://www.bb.org.bd/mediaroom/circulars/fid/jan192016dfim02e.pdf,DFIM Circular No. 02 : Revision of Guidelines on Stress Testing for Non-Banking Financial Institutions Excel format,"English
Download",19/01/16,02
https://www.bb.org.bd/mediaroom/circulars/fepd/jan142016fepd02e.pdf,FEPD Circular No. 02 : Green Transformation Fund for export oriented textile & textile products and leather manufacturing industries,"English
Download",14/01/16,02
https://www.bb.org.bd/mediaroom/circulars/mpd/jan142016mpd01e.pdf,MPD Circular No. 01 :Re-fixation of Repo and Reverse Repo interest rates of Bangladesh Bank,"English
Download",14/01/16,01
https://www.bb.org.bd/mediaroom/circulars/fepd/jan112016fepd01e.pdf,FEPD Circular No. 01 : Minimum threshold amount for transaction through central banks under Asian Clearing Union (ACU) arrangement,"English
Download",11/01/16,01
https://www.bb.org.bd/mediaroom/circulars/fepd/jan072016fepdl01e.pdf,FEPD Circular Letter No. 01: Foreign currency accounts for shipping lines/airlines/freight forwarders handling FOB export and import cargo,"English
Download",07/01/16,01
https://www.bb.org.bd/mediaroom/circulars/sd/dec312015sd04e.pdf,SD Circular No. 04 :Submission of monthly E-banking and E-commerce new RIT,"English
Download",31/12/15,04
https://www.bb.org.bd/mediaroom/circulars/dos/dec292015dos04e.pdf,DOS Circular No. 04 : Submission of Statement regarding Top-20 Loan Defaulters,"English
Download",29/12/15,04
https://www.bb.org.bd/mediaroom/circulars/fsd/dec242015fsd01e.pdf,FSD Circular No. 01 : Setting up of Central Database for Large Credit (CDLC),"English
Download",24/12/15,01
https://www.bb.org.bd/mediaroom/circulars/fepd/dec242015fepd23e.pdf,FEPD Circular No. 23 : Regarding Submission of TM (Travel and Miscellaneous) Form to Bangladesh Bank.,"English
Download",24/12/15,23
https://www.bb.org.bd/mediaroom/circulars/fepd/dec232015fepd22e.pdf,FEPD Circular No. 22: Enhancement of Export Development Fund (EDF) limit for BTMA mills.,"English
Download",23/12/15,22
https://www.bb.org.bd/mediaroom/circulars/fepd/dec132015fepd20e.pdf,FEPD Circular No. 20 : Export Development Fund (EDF) to Type C industries in Export Processing Zones,"English
Download",13/12/15,20
https://www.bb.org.bd/mediaroom/circulars/fepd/dec062015fepd19e.pdf,FEPD Circular No. 19 : Taka loans to Non-Resident Bangladeshis (NRBs) working abroad,"English
Download",06/12/15,19
https://www.bb.org.bd/mediaroom/circulars/dos/nov252015dosl17e.pdf,DOS Circular Letter No. 17 : Regarding Holidays of the Year 2016,"English
Download",25/11/15,17
https://www.bb.org.bd/mediaroom/circulars/dos/nov242015dos02e.pdf,"DOS Circular No. 02 : Investment in Special Purpose Vehicle, Alternative Investment Fund or Similar fund/funds by the scheduled bank.","English
Download",24/11/15,02
https://www.bb.org.bd/mediaroom/circulars/fid/nov182015dfim12e.pdf,DFIM Circular No. 12 : Avoidance of high expenses for luxurious vehicles and decoration of Financial Institutions,"English
Download",18/11/15,12
https://www.bb.org.bd/mediaroom/circulars/sd/nov092015sd03e.pdf,SD Circular No. 03 : Allocation of new codes regarding Invisible Receipts (Code-5) and Invisible Payments (Code-7) for reporting foreign exchange transactions as per the guideline titled 'Code list for reporting of external sector transactions by the authorized dealers',"English
Download",09/11/15,03
https://www.bb.org.bd/mediaroom/circulars/fepd/nov012015fepdl25e.pdf,FEPD Circular Letter No. 25: Inward remittance against export of services in non-physical form,"English
Download",01/11/15,25
https://www.bb.org.bd/mediaroom/circulars/fepd/oct272015fepd18e.pdf,FEPD Circular No. 18 : Long Term Financing Facility (LTFF) under the Financial Sector Support Project (FSSP),"English
Download",27/10/15,18
https://www.bb.org.bd/mediaroom/circulars/fid/oct202015dfim10e.pdf,DFIM Circular No. 10 : Providing Revolving Loans by Financial Institutions (FIs),"English
Download",20/10/15,10
https://www.bb.org.bd/mediaroom/circulars/fid/oct202015dfiml06e.pdf,"DFIM Circular Letter No. 06: Amendment of section 23 of Financial Institutions Act, 1993","English
Download",20/10/15,06
https://www.bb.org.bd/mediaroom/circulars/fid/oct202015dfim09e.pdf,DFIM Circular No. 09: Regarding Submission of Liquidity Profile and Statement of Affairs,"English
Download",20/10/15,09
https://www.bb.org.bd/mediaroom/circulars/psd/oct192015psdl11e.pdf,PSD Circular Letter No. 11 : Revised implementation timeline for BD-RTGS System,"English
Download",19/10/15,11
https://www.bb.org.bd/mediaroom/circulars/sd/oct192015sd02e.pdf,SD Circular No. 02 : Allocation of new Country Code of South Sudan for all schedule/form of foreign exchange transactions reporting,"English
Download",19/10/15,02
https://www.bb.org.bd/mediaroom/circulars/sd/oct152015sdl03e.pdf,"SD Circular Letter No. 03Submission of Returns on Foreign Direct Investment (FDI), Private Sector External Debt (PSED) and Portfolio Investment (PI) in prescribed Form (FI-1, FI-2, ED-1, ED-2, STED & PI)/ RIT on monthly/quarterly basis","English
Download",15/10/15,03
https://www.bb.org.bd/mediaroom/circulars/psd/oct042015psdl10e.pdf,PSD Circular Letter No. 10 : Revised implementation timeline for BD-RTGS System.,"English
Download",04/10/15,10
https://www.bb.org.bd/mediaroom/circulars/fepd/oct042015fepd16e.pdf,FEPD Circular No. 16 : Remittances on account of visa processing fees through ICC/Virtual Card,"English
Download",04/10/15,16
https://www.bb.org.bd/mediaroom/circulars/fepd/sep292015fepdl23e.pdf,FEPD Circular Letter No. 23 : Foreign currency accounts for shipping lines/airlines/freight forwarders handling FOB export and import cargo,"English
Download",29/09/15,23
https://www.bb.org.bd/mediaroom/circulars/fepd/sep282015fepd14e.pdf,FEPD Circular No. 14: Deposit in foreign currency to blocked accounts abroad for visa/admission processing against study purpose,"English
Download",28/09/15,14
https://www.bb.org.bd/mediaroom/circulars/fepd/sep212015fepd13e.pdf,FEPD Circular No. 13 : Inward Remittance- Declaration on Form C,"English
Download",21/09/15,13
https://www.bb.org.bd/mediaroom/circulars/fepd/sep162015fepdl22e.pdf,FEPD Circular Letter No. 22: Modification of IMP Form,"English
Download",16/09/15,22
https://www.bb.org.bd/mediaroom/circulars/psd/sep092015psd09enew.pdf,PSD Circular No. 09 : Bangladesh Real Time Gross Settlement (BD-RTGS) System Rules,"English
Download",09/09/15,09
https://www.bb.org.bd/mediaroom/circulars/dos/sep092015dosl13e.pdf,DOS Circular Letter No. 13 : Strengthening and updating the Risk Management System in banks.,"English
Download",09/09/15,13
https://www.bb.org.bd/mediaroom/circulars/fepd/sep082015fepdl20e.pdf,FEPD Circular Letter No. 20:Release of foreign exchange against cost of advertisement for Bangladeshi products in foreign electronic/online media,"English
Download",08/09/15,20
https://www.bb.org.bd/mediaroom/circulars/brpd/aug272015brpdl09.pdf,BRPD Circular Letter No. 09 : Rate of Interest on Import Financing of Onion,"English
Download",27/08/15,09
https://www.bb.org.bd/mediaroom/circulars/fsd/aug272015fsdl01e.pdf,FSD Circular Letter No. 01: Updated User Manual and Input Template for 'Financial Projection Model',"English
Download",27/08/15,01
https://www.bb.org.bd/mediaroom/circulars/fid/aug022015dfim07e.pdf,"DFIM Circular No. 07: Regarding Office Order no. of Anti Corruption Commission, dated: 23 June, 2009","English
Download",02/08/15,07
https://www.bb.org.bd/mediaroom/circulars/brpd/aug022015brpd08e.pdf,BRPD Circular No. 08 : Loan Classification and Provisioning,"English
Download",02/08/15,08
https://www.bb.org.bd/mediaroom/circulars/sd/aug022015sdl02e.pdf,SD Circular Letter No. 02: Submission of Portfolio Investment return related RIT (T_ME_Q_PORT_INV & T_ME_Q_PORT_SURVEY) on monthly basis instead of quarterly,"English
Download",02/08/15,02
https://www.bb.org.bd/mediaroom/circulars/dcmps/jul142015dcml05e.pdf,DCM Circular Letter No. 05: Ensuring sufficient cash supply and the overall security of ATM booths,"English
Download",14/07/15,05
https://www.bb.org.bd/mediaroom/circulars/fepd/jul122015fepd07e.pdf,FEPD Circular No. 07: Release of Foreign Exchange for travel abroad,"English
Download",12/07/15,07
https://www.bb.org.bd/mediaroom/circulars/fepd/jul092015fepd06e.pdf,FEPD Circular No. 06: Issuance and disposal of EXP Form and IMP Form,"English
Download",09/07/15,06
https://www.bb.org.bd/mediaroom/circulars/fepd/jul082015fepdl10e.pdf,FEPD Circular Letter No. 10 : Issuance of guarantee against foreign currency loan,"English
Download",08/07/15,10
https://www.bb.org.bd/mediaroom/circulars/fepd/jun292015fepdl09e.pdf,FEPD Circular Letter No. 09 : Foreign currency accounts for shipping lines/airlines/freight forwarders handling FOB export and import cargo,"English
Download",29/06/15,09
https://www.bb.org.bd/mediaroom/circulars/gbcrd/jun102015gbcsrdl06e.pdf,GBCSRD Circular Letter No. 06 : Reporting CSR activities,"English
Download",10/06/15,06
https://www.bb.org.bd/mediaroom/circulars/brpd/may282015brpdl07e.pdf,BRPD Circular Letter No. 07 : Directives to be complied by Banks,"English
Download",28/05/15,07
https://www.bb.org.bd/mediaroom/circulars/fepd/may272015fepd05e.pdf,FEPD Circular No. 05: Enhancement of Exporter's Retention Quota (ERQ),"English
Download",27/05/15,05
https://www.bb.org.bd/mediaroom/circulars/fepd/may192015fepd04e.pdf,"FEPD Circular No. 04 : Enhancement of upper limit of LC value issued without using SWIFT to USD 10,000 from USD 7,500 for import of coal through land port","English
Download",19/05/15,04
https://www.bb.org.bd/mediaroom/circulars/psd/may142015psdl06e.pdf,PSD Circular Letter No. 06: National Payment Switch Bangladesh (NPSB) Switch Operating Rules & User Manual: Disputes Management Rules,"English
Download",14/05/15,06
https://www.bb.org.bd/mediaroom/circulars/fid/may112015fid05e.pdf,DFIM Circular No. 05 : Provision against unrealized loss for diminution of value of investment in Mutual Fund Units,"English
Download",11/05/15,05
https://www.bb.org.bd/mediaroom/circulars/fid/apr302015dfim04e.pdf,DFIM Circular No. 04: Appointment of external auditors in financial institutions,"English
Download",30/04/15,04
https://www.bb.org.bd/mediaroom/circulars/fepd/apr232015fepd03e.pdf,FEPD Circular No. 03 : Remittance against purchase of software through eDelivery,"English
Download",23/04/15,03
https://www.bb.org.bd/mediaroom/circulars/sd/apr132015sd01e.pdf,SD Circular No. 01: Submission of E-banking and E-commerce return monthly instead of quarterly,"English
Download",13/04/15,01
https://www.bb.org.bd/mediaroom/circulars/psd/apr122015psd03e.pdf,PSD Circular No. 03: Regarding Reporting of Payment Systems related information through Rationalized Input Template (RIT),"English
Download",12/04/15,03
https://www.bb.org.bd/mediaroom/circulars/fepd/mar292015fepdl04e.pdf,FEPD Circular Letter No. 04 : Foreign currency accounts for shipping lines/airlines/freight forwarders handling FOB export and import cargo,"English
Download",29/03/15,04
https://www.bb.org.bd/mediaroom/circulars/dos/mar042015dosl02e.pdf,DOS Circular Letter No. 02 : Reporting of capital to risk weighted asset ratio & leverage ratio for implementation of basel III in Bangladesh,"English
Download",04/03/15,02
https://www.bb.org.bd/mediaroom/circulars/cib/feb252015cib01e.pdf,CIB Circular No. 01: Regarding update of CIB database in case of renewal/regularization/rescheduling/adjustment of a loan in the interim period of monthly batch contributions,"English
Download",25/02/15,01
https://www.bb.org.bd/mediaroom/circulars/brpd/feb232015brpd5e.pdf,BRPD Circular No. 5:Loan Rescheduling Policy,"English
Download",23/02/15,5
https://www.bb.org.bd/mediaroom/circulars/fepd/feb112015fepd02e.pdf,FEPD Circular No. 02 : Release of foreign exchange in form of US Dollar note,"English
Download",11/02/15,02
https://www.bb.org.bd/mediaroom/circulars/fepd/feb052015fepd01e.pdf,FEPD Circular No. 01 : Reporting procedures against payment in foreign currency by EPZ enterprises,"English
Download",05/02/15,01
https://www.bb.org.bd/mediaroom/circulars/brpd/jan292015brpd04e.pdf,BRPD Circular No. 04 : Large loan restructuring,"English
Download",29/01/15,04
https://www.bb.org.bd/mediaroom/circulars/fepd/jan192015fepdl03e.pdf,FEPD Circular Letter No. 03 : Foreign currency accounts for shipping lines/airlines/ freight forwarders handling FOB export and import cargo,"English
Download",19/01/15,03
https://www.bb.org.bd/mediaroom/circulars/brpd/jan192015brpd02e.pdf,BRPD Circular No. 02 : Guidelines on Outsourcing Arrangements,"English
Download",19/01/15,02
https://www.bb.org.bd/mediaroom/circulars/dos/jan012015dos01e.pdf,DOS Circular No. 01 : Implementation of Basel III Liquidity Ratios,"English
Download",01/01/15,01
https://www.bb.org.bd/mediaroom/circulars/brpd/jan012015brpd01e.pdf,BRPD Circular No. 01 : Prudential Regulations for Consumer Financing,"English
Download",01/01/15,01
https://www.bb.org.bd/mediaroom/circulars/brpd/dec232014brpdl20e.pdf,BRPD Circular Letter No. 20 : Appointment and Responsibilities of Chief Executive of a Bank-Company,"English
Download",23/12/14,20
https://www.bb.org.bd/mediaroom/circulars/gbcrd/dec222014gbcrd07e.pdf,GBCSRD Circular No. 07 : Indicative guidelines for CSR expenditure allocation and end use oversight,"English
Download",22/12/14,07
https://www.bb.org.bd/mediaroom/circulars/sd/dec212014sd06e.pdf,"SD Circular No. 06 : Master Circular for Reporting SBS-1, SBS-2, SBS-3 and other Returns related to Money & Banking","English
Download",21/12/14,06
https://www.bb.org.bd/mediaroom/circulars/brpd/dec212014brpd18e.pdf,BRPD Circular No. 18: Implementation of Basel III in Bangladesh,"English
Download",21/12/14,18
https://www.bb.org.bd/mediaroom/circulars/fepd/dec072014fepd38e.pdf,FEPD Circular No. 38 : Transactions in Non resident Taka Accounts (NRTA),"English
Download",07/12/14,38
https://www.bb.org.bd/mediaroom/circulars/dos/nov192014dosl28e.pdf,DOS Circular Letter No. 28 : Holidays during the calendar year 2015,"English
Download",19/11/14,28
https://www.bb.org.bd/mediaroom/circulars/brpd/nov182014brpd16e.pdf,BRPD Circular No. 16: Loan Classification and Provisioning,"English
Download",18/11/14,16
https://www.bb.org.bd/mediaroom/circulars/fepd/nov112014fepd37e.pdf,FEPD Circular No. 37 : Capital machinery imports on 360 days deferred payment basis,"English
Download",11/11/14,37
https://www.bb.org.bd/mediaroom/circulars/brpd/nov032014brpd15e.pdf,BRPD Circular No. 15 : Significant Shareholders of a Bank-Company,"English
Download",03/11/14,15
https://www.bb.org.bd/mediaroom/circulars/did/nov022014didl01e.pdf,DID Circular Letter No. 01:Regarding the investment of Deposit Insurance Trust Fund on Inter-Bank Repo,"English
Download",02/11/14,01
https://www.bb.org.bd/mediaroom/circulars/sd/sep302014sdl06e.pdf,SD Circular Letter No. 06 : Submission of private sector long term external debt data through Rationalized Input Template (RIT) in parallel to hard copy according to revised timeline,"English
Download",30/09/14,06
https://www.bb.org.bd/mediaroom/circulars/fepd/sep232014fepd35e.pdf,FEPD Circular No. 35 : Export Development Fund (EDF),"English
Download",23/09/14,35
https://www.bb.org.bd/mediaroom/circulars/brpd/sep182014brpd13e.pdf,"BRPD Circular No. 13: Islamic Refinance fund for agro-processors, small enterprise, renewable energy and environment-friendly ventures","English
Download",18/09/14,13
https://www.bb.org.bd/mediaroom/circulars/sd/sep162014sd05e.pdf,"SD Circular No. 05 : Allocation of new codes regarding invisible receipts (Code-5) and Invisible Payments (Code-7) for foreign exchange reporting in the guideline titled ""Code lists for Reporting of external sector transactions by the authorized dealers""","English
Download",16/09/14,05
https://www.bb.org.bd/mediaroom/circulars/fepd/sep162014fepd34e.pdf,FEPD Circular No. 34: Export Development Fund (EDF),"English
Download",16/09/14,34
https://www.bb.org.bd/mediaroom/circulars/sd/sep142014sdl01e.pdf,SD Circular Letter No. 01 : Relaxation of district in daily district-wise remittance reporting,"English
Download",14/09/14,01
https://www.bb.org.bd/mediaroom/circulars/fsd/sep112014fsdl01e.pdf,FSD Circular Letter No. 01: Submission of quarterly statement of Asset-Liability and Profit-Loss account,"English
Download",11/09/14,01
https://www.bb.org.bd/mediaroom/circulars/fepd/sep022014fepd33e.pdf,FEPD Circular No. 33 : Submission of returns to Bangladesh Bank,"English
Download",02/09/14,33
https://www.bb.org.bd/mediaroom/circulars/fepd/aug312014fepd32e.pdf,FEPD Circular No. 32 : Repatriation of sale proceeds of non-resident owned equity in unlisted companies purchased by residents,"English
Download",31/08/14,32
https://www.bb.org.bd/mediaroom/circulars/fepd/aug242014fepd31e.pdf,FEPD Circular No. 31: External financing for imports (buyers'/suppliers' credit) : orderly repayment,"English
Download",24/08/14,31
https://www.bb.org.bd/mediaroom/circulars/brpd/aug132014brpd12e.pdf,BRPD Circular No. 12 : Prudential Regulations for Consumer Financing (Regulation for Auto Loans),"English
Download",13/08/14,12
https://www.bb.org.bd/mediaroom/circulars/acd/jul212014acfid01e.pdf,ACFID Circular No. 01 : Agricultural & Rural Credit Policy and Programme for the Fiscal Year 2014-2015,"English
Download",21/07/14,01
https://www.bb.org.bd/mediaroom/circulars/fepd/jul212014fepd30e.pdf,FEPD Circular No. 30 : Export Development Fund (EDF),"English
Download",21/07/14,30
https://www.bb.org.bd/mediaroom/circulars/fepd/jul082014fepd29e.pdf,FEPD Circular No. 29 : Reporting of foreign exchange transactions of Authorized Dealer (AD) Banks,"English
Download",08/07/14,29
https://www.bb.org.bd/mediaroom/circulars/fepd/jul012014fepd27e.pdf,FEPD Circular No. 27 : External financing (buyer's/supplier's credit) for imports: orderly repayment,"English
Download",01/07/14,27
https://www.bb.org.bd/mediaroom/circulars/fsd/jun302014fsd03e.pdf,FSD Circular No. 03 : Submit quarterly statement of Asset & Liabilities and Profit & loss,"English
Download",30/06/14,03
https://www.bb.org.bd/mediaroom/circulars/fsd/jun302014fsd02e.pdf,FSD Circular No. 02 : Submit quarterly statement of Asset & Liabilities and Profit & loss,"English
Download",30/06/14,02
https://www.bb.org.bd/mediaroom/circulars/feid/jun302014feidl04e.pdf,"FEID Circular Letter No. 04: Online submission of documents for permission/renewal procedure under section 18B of Foreign Exchange Regulation Act,1947","English
Download",30/06/14,04
https://www.bb.org.bd/mediaroom/circulars/fid/jun242014fidl09e.pdf,DFIM Circular Letter No. 09 : Prudential Guidelines on Capital Adequacy and Market Discipline for Financial Institutions,"English
Download",24/06/14,09
https://www.bb.org.bd/mediaroom/circulars/fepd/jun242014fepd26e.pdf,FEPD Circular No. 26: Export Development Fund (EDF),"English
Download",24/06/14,26
https://www.bb.org.bd/mediaroom/circulars/mpd/jun232014mpd01e.pdf,MPD Circular No. 01 : Regarding Cash Reserve Requirement (CRR),"English
Download",23/06/14,01
https://www.bb.org.bd/mediaroom/circulars/fepd/jun052014fepd24e.pdf,FEPD Circular No. 24 : Reporting of foreign exchange transactions of licensed Money Changers.,"English
Download",05/06/14,24
https://www.bb.org.bd/mediaroom/circulars/gbcrd/jun032014gbcrd02e.pdf,GBCSRD Circular No. 02: Guidelines on Agent Banking for the Banks,"English
Download",03/06/14,02
https://www.bb.org.bd/mediaroom/circulars/fepd/jun022014fepd23e.pdf,FEPD Circular No. 23 : Remittances on account of IT related fees,"English
Download",02/06/14,23
https://www.bb.org.bd/mediaroom/circulars/fepd/jun012014fepd22e.pdf,FEPD Circular No. 22 : External financing (buyer's/supplier's credit) for imports: orderly repayment,"English
Download",01/06/14,22
https://www.bb.org.bd/mediaroom/circulars/fepd/may282014fepd21e.pdf,FEPD Circular No. 21: Release of foreign exchange against travel quota to students proceeding abroad for study.,"English
Download",28/05/14,21
https://www.bb.org.bd/mediaroom/circulars/sd/may182014sd04e.pdf,SD Circular No. 04: Submission of E-banking and E-commerce return through RIT,"English
Download",15/05/14,04
https://www.bb.org.bd/mediaroom/circulars/sd/may122014sd03e.pdf,"SD Circular No. 03 : Submission of returns on Foreign Direct Investment (FDI), Private Sector External Debt (PSED) and Portfolio Investment (PI) in prescribed Form (FI-1, FI-2, ED-1, ED-2, STED and PI) / RIT on monthly/ quarterly basis","English
Download",12/05/14,03
https://www.bb.org.bd/mediaroom/circulars/feid/may062014feidl03e.pdf,FEID Circular Letter No. 03 : Medium/long term external borrowing by industrial enterprises in Export Processing Zones (EPZs): approval procedure,"English
Download",06/05/14,03
https://www.bb.org.bd/mediaroom/circulars/fepd/may052014fepd20e.pdf,FEPD Circular No. 20: Release of foreign exchange on account of transit expenses to students proceeding abroad for study.,"English
Download",05/05/14,20
https://www.bb.org.bd/mediaroom/circulars/fepd/may042014fepd19e.pdf,FEPD Circular No. 19: Release of foreign exchange on account of software maintenance/support fees,"English
Download",04/05/14,19
https://www.bb.org.bd/mediaroom/circulars/fepd/apr162014fepd18e.pdf,FEPD Circular No. 18 : Issuance of guarantee in foreign currency favoring local project authorities on behalf of residents,"English
Download",16/04/14,18
https://www.bb.org.bd/mediaroom/circulars/brpd/apr152014brpd08e.pdf,BRPD Circular No. 08 : Mapping of SME Rating Scales of the External Credit Assessment Institutions (ECAIs) with Bangladesh Bank's SME Rating Grades,"English
Download",15/04/14,08
https://www.bb.org.bd/mediaroom/circulars/sd/apr102014sd02e.pdf,SD Circular No. 02: Reporting of remittances of Non-Resident Bangladeshi working abroad on daily transactions basis through new Rational Input Template T_ME_D_REMITTANCE,"English
Download",10/04/14,02
https://www.bb.org.bd/mediaroom/circulars/feid/apr082014feidl02e.pdf,"FEID Circular Letter No. 02 : Submission of application along with other documents through on-line for according permission under Section 18A of Foreign Exchange Regulation (FER) Act, 1947","English
Download",08/04/14,02
https://www.bb.org.bd/mediaroom/circulars/fepd/apr062014fepd17e.pdf,FEPD Circular No. 17 : Release of foreign exchange for private travel abroad.,"English
Download",06/04/14,17
https://www.bb.org.bd/mediaroom/circulars/brpd/mar312014brpd07e.pdf,BRPD Circular No. 07 : Implementation of Basel-III in Bangladesh,"English
Download",31/03/14,07
https://www.bb.org.bd/mediaroom/circulars/fepd/mar302014fepd16e.pdf,FEPD Circular No. 16 : Regarding Online Foreign Exchange Market Monitoring System,"English
Download",30/03/14,16
https://www.bb.org.bd/mediaroom/circulars/fepd/mar242014fepd15e.pdf,FEPD Circular No. 15 : Requirement to submit Form QA-22 for accounts of foreign nationals resident in Bangladesh,"English
Download",24/03/14,15
https://www.bb.org.bd/mediaroom/circulars/fepd/mar162014fepd14e.pdf,FEPD Circular No. 14 : Amendment of EXP Form,"English
Download",16/03/14,14
https://www.bb.org.bd/mediaroom/circulars/fepd/mar122014fepd13e.pdf,FEPD Circular No. 13 : Foreign owned/controlled industrial enterprises -access to short term interest free loan from parent companies/shareholders abroad,"English
Download",12/03/14,13
https://www.bb.org.bd/mediaroom/circulars/fepd/mar112014fepd12e.pdf,FEPD Circular No. 12: Term lending in Taka to foreign owned / controlled companies in Bangladesh.,"English
Download",11/03/14,12
https://www.bb.org.bd/mediaroom/circulars/fepd/mar102014fepd11e.pdf,FEPD Circular No. 11 : Business travel quota entitlements-revision of,"English
Download",10/03/14,11
https://www.bb.org.bd/mediaroom/circulars/fepd/mar042014fepd10e.pdf,FEPD Circular No. 10: Payments through Asian Clearing Union (ACU),"English
Download",04/03/14,10
https://www.bb.org.bd/mediaroom/circulars/fsd/mar032014fsd01e.pdf,FSD Circular No. 01: User Manual on the Input Template of 'Financial Projection Model',"English
Download",03/03/14,01
https://www.bb.org.bd/mediaroom/circulars/sd/feb272014sd01e.pdf,"SD Circular No. 01 : Allocation of new codes regarding invisible receipts (Code-5) and Invisible Payments (Code-7) for foreign exchange reporting in the guideline titled ""Code lists for Reporting of external sector transactions by the authorized dealers""","English
Download",27/02/14,01
https://www.bb.org.bd/mediaroom/circulars/dos/feb252014dosl07e.pdf,DOS Circular Letter No. 07 : Consolidated Capital market investment limit for the scheduled banks,"English
Download",25/02/14,07
https://www.bb.org.bd/mediaroom/circulars/dbi2/feb242014dbi-201e.pdf,DBI-2 Circular No. 01 : Submission of data for Integrated Supervision System,"English
Download",24/02/14,01
https://www.bb.org.bd/mediaroom/circulars/fepd/feb242014fepd09e.pdf,FEPD Circular No. 09 : Foreign currency accounts for shipping lines/airlines/freight forwarders handling FOB export and import cargo,"English
Download",24/02/14,09
https://www.bb.org.bd/mediaroom/circulars/brpd/feb232014brpd04e.pdf,BRPD Circular No. 04 : Transactions with Bank-Related Persons.,"English
Download",23/02/14,04
https://www.bb.org.bd/mediaroom/circulars/brpd/feb202014brpd03e.pdf,BRPD Circular No. 03 : Mapping of SME Rating Scales of the External Credit Assessment Institutions' (ECAIs) with Bangladesh Bank's SME Rating Grades,"English
Download",20/02/14,03
https://www.bb.org.bd/mediaroom/circulars/feid/feb192014feidl01e.pdf,FEID Circular Letter No. 01: Inward Remittance against agency services on one-off basis,"English
Download",19/02/14,01
https://www.bb.org.bd/mediaroom/circulars/fepd/feb182014fepd08e.pdf,FEPD Circular No. 08 : Remittance of cost of training and consultancy services,"English
Download",18/02/14,08
https://www.bb.org.bd/mediaroom/circulars/fepd/feb162014fepd07e.pdf,FEPD Circular No. 07 : Reporting of import transactions under buyers' credits/suppliers' credits and matching of Bill of Entry,"English
Download",16/02/14,07
https://www.bb.org.bd/mediaroom/circulars/fepd/jan302014fepd06e.pdf,FEPD Circular No. 06 : Pledging of collateral in favor of overseas bank branches and correspondents,"English
Download",30/01/14,06
https://www.bb.org.bd/mediaroom/circulars/fid/jan282014fidl03e.pdf,DFIM Circular Letter No. 03: Foreign Account Tax Compliance Act of the United States,"English
Download",28/01/14,03
https://www.bb.org.bd/mediaroom/circulars/fepd/jan272014fepdl01e.pdf,FEPD Circular Letter No. 01 : Use of Foreign Currency obtained from discounting of direct/deemed export bills,"English
Download",27/01/14,01
https://www.bb.org.bd/mediaroom/circulars/fepd/jan222014fepd04e.pdf,FEPD Circular No. 04 : Advance payment against import,"English
Download",22/01/14,04
https://www.bb.org.bd/mediaroom/circulars/dmd/jan222014dmd01e.pdf,DMD Circular No. 01 : Regarding Investment in Government Securities by Individuals,"English
Download",22/01/14,01
https://www.bb.org.bd/mediaroom/circulars/fepd/jan202014fepd03e.pdf,FEPD Circular No. 03 : Remittance of membership fees of foreign professional and scientific institutions,"English
Download",20/01/14,03
https://www.bb.org.bd/mediaroom/circulars/dos/jan192014dos01e.pdf,DOS Circular No. 01 : Cash Reserve Ratio (CRR) and Statutory Liquidity Ratio (SLR),"English
Download",19/01/14,01
https://www.bb.org.bd/mediaroom/circulars/brpd/jan162014brpdl01e_new.pdf,BRPD Circular Letter No. 01: Foreign Account Tax Compliance Act of the United States,"English
Download",16/01/14,01
https://www.bb.org.bd/mediaroom/circulars/brpd/jan162014brpd02e_new.pdf,BRPD Circular No. 02: Single Borrower Exposure Limit,"English
Download",16/01/14,02
https://www.bb.org.bd/mediaroom/circulars/fepd/jan132014fepd02e.pdf,FEPD Circular No. 02: Issuance of Umrah Hajj Guarantees in foreign currency,"English
Download",13/01/14,02
https://www.bb.org.bd/mediaroom/circulars/brpd/jan012014brpd01e.pdf,BRPD Circular No. 01 : Amendment of Guidelines on Risk Based Capital Adequacy (RBCA). (Revised Regulatory Capital Framework for banks in Line with Basel II),"English
Download",01/01/14,01
https://www.bb.org.bd/mediaroom/circulars/fepd/dec262013fepdl36e.pdf,FEPD Circular Letter No. 36 : Foreign currency accounts Licensed Money Changers,"English
Download",26/12/13,36
https://www.bb.org.bd/mediaroom/circulars/gbcrd/dec242013gbcrd08e.pdf,GBCSRD Circular No. 08 : Policy Guidelines for Green Banking,"English
Download",24/12/13,08
https://www.bb.org.bd/mediaroom/circulars/fepd/dec182013fepd16e.pdf,FEPD Circular No. 16: Export Development Fund (EDF),"English
Download",18/12/13,16
https://www.bb.org.bd/mediaroom/circulars/fsd/dec182013fsd02e.pdf,FSD Circular No. 02: User Manual of 'Interbank Transaction Matrix' Template,"English
Download",18/12/13,02
https://www.bb.org.bd/mediaroom/circulars/fepd/dec152013fepd15e.pdf,FEPD Circular No. 15 : Interest rate on borrowing from Export Development Fund (EDF),"English
Download",15/12/13,15
https://www.bb.org.bd/mediaroom/circulars/mpd/dec102013mpd02e.pdf,"MPD Circular No. 02: Maintenance of Statutory Liquidity Ratio (SLR) in compliance with Section 33, of Bank Company Act, 1991 (amended up to 2013).","English
Download",10/12/13,02
https://www.bb.org.bd/mediaroom/circulars/fepd/dec102013fepdl35e.pdf,FEPD Circular Letter No. 35 : Online reporting of foreign exchange transactions,"English
Download",10/12/13,35
https://www.bb.org.bd/mediaroom/circulars/psd/dec092013psd05e.pdf,PSD Circular No. 05 : Guidelines on Agent Banking for the Banks,"English
Download",09/12/13,05
https://www.bb.org.bd/mediaroom/circulars/aml/nov202013bfiue09.pdf,BFIU Circular No. 09: Guidelines on Prevention of Money Laundering and Terrorist Financing for NPO/NGO Sector,"English
Download",20/11/13,09
https://www.bb.org.bd/mediaroom/circulars/dos/nov132013dosl21e.pdf,DOS Circular Letter No. 21 : Holidays during 2014,"English
Download",13/11/13,21
https://www.bb.org.bd/mediaroom/circulars/smespd/nov122013smespdl03e.pdf,"SMESPD Circular Letter No. 03 : Amendment of policy of the small enterprise sector re-finance scheme ""Bangladesh Bank Fund"" for inclusion of publication and marketing of knowledge based books & creative writings as an eligible sector for financing","English
Download",12/11/13,03
https://www.bb.org.bd/mediaroom/circulars/dos/nov062013dos05e.pdf,DOS Circular No. 05 : Submission of Statement regarding Asset and Liability.,"English
Download",06/11/13,05
https://www.bb.org.bd/mediaroom/circulars/brpd/oct312013brpd12e.pdf,BRPD Circular No. 12 : Mapping of External Credit Assessment Institutions' (ECAIs) Rating scales with Bangladesh Bank (BB) Rating Grade,"English
Download",31/10/13,12
https://www.bb.org.bd/mediaroom/circulars/smespd/oct292013smespd01e.pdf,SMESPD Circular No. 01 : Funding Assistance Program for Islamic Shariah-Based Financing to Agro-based Product Processing Industries in Rural Areas and Small Enterprises (including Women Entrepreneurs) in Bangladesh,"English
Download",29/10/13,01
https://www.bb.org.bd/mediaroom/circulars/gbcrd/oct282013gbcrd07e.pdf,GBCSRD Circular No. 07: School Banking Guidelines Reporting format,"English
Download",28/10/13,07
https://www.bb.org.bd/mediaroom/circulars/brpd/oct272013brpdle19.pdf,BRPD Circular Letter No. 19: Contractual Appointment of Advisor and Consultant for Bank-Company,"English
Download",27/10/13,19
https://www.bb.org.bd/mediaroom/circulars/brpd/oct272013brpdle18new.pdf,BRPD Circular Letter No. 18: Appointment and Responsibilities of Chief Executive of a Bank-Company,"English
Download",27/10/13,18
https://www.bb.org.bd/mediaroom/circulars/brpd/oct272013brpde11.pdf,BRPD Circular No. 11: Formation and Responsibilities of Board of Directors of a Bank-Company,"English
Download",27/10/13,11
https://www.bb.org.bd/mediaroom/circulars/smespd/oct222013smespdl02_og.pdf,"SMESPD Circular Letter No. 02 : Inclusion of Micro Enterprises and RMG Sector Safe Working Environment Program under Two Step Loan Fund for refinance or pre-finance of JICA assisted Financial Sector Project for the Development of Small and Medium Sized Enterprises [FSPDSME], BD-P67. Revised OG  |  MOU for RMG Program","English
Download",22/10/13,02
https://www.bb.org.bd/mediaroom/circulars/fepd/oct102013fepd13e.pdf,FEPD Circular No. 13 : Export Development Fund (EDF),"English
Download",10/10/13,13
https://www.bb.org.bd/mediaroom/circulars/gbcrd/sep112013gbcrdl05e.pdf,GBCSRD Circular Letter No. 05: Policy Guidelines for Green Banking Excel format,"English
Download",11/09/13,05
https://www.bb.org.bd/mediaroom/circulars/psd/sep022013psd02e.pdf,"PSD Circular No. 02 : Risk mitigation measures related to ""card not present"" transactions","English
Download",02/09/13,02
https://www.bb.org.bd/mediaroom/circulars/feid/aug252013feidl07e.pdf,"FEID Circular Letter No. 07 : Facilitation of permission and renewal procedure under section 18B of Foreign Exchange Regulation Act,1947","English
Download",25/08/13,07
https://www.bb.org.bd/mediaroom/circulars/fid/aug202013fid06e.pdf,DFIM Circular No. 06 : Guidelines on the Base Rate System for Non-Bank Financial Institutions Excel format,"English
Download",20/08/13,06
https://www.bb.org.bd/mediaroom/circulars/gbcrd/aug112013gbcrd04e.pdf,GBCSRD Circular No. 04 : Policy Guidelines for Green Banking Excel format,"English
Download",11/08/13,04
https://www.bb.org.bd/aboutus/regulationguideline/agri_policy2013-2014.pdf,ACFID Circular No. 01 : Agricultural & Rural Credit Policy and Programme for the Fiscal Year 2013-2014,"English
Download",23/07/13,01
https://www.bb.org.bd/mediaroom/circulars/fepd/jul172013fepdl22e.pdf,FEPD Circular Letter No. 22 : Calculation of Daily Exchange Position: Outward Bill Purchased,"English
Download",17/07/13,22
https://www.bb.org.bd/mediaroom/circulars/fid/jul172013fid05e.pdf,DFIM Circular No. 05 : Guidelines on Products and Services of Financial Institutions in Bangladesh.,"English
Download",17/07/13,05
https://www.bb.org.bd/mediaroom/circulars/did/jul152013did04e.pdf,DID Circular No. 04 : Regarding Online submission of Information for Deposit Insurance Premium Assessment (IDIPA) in new format,"English
Download",15/07/13,04
https://www.bb.org.bd/mediaroom/circulars/fepd/jul032013fepd11e.pdf,FEPD Circular No. 11: Credit report of the foreign supplier,"English
Download",03/07/13,11
https://www.bb.org.bd/mediaroom/circulars/fepd/jun262013fepdl17e.pdf,FEPD Circular Letter No. 17 : Redistribution of foreign exchange related activities to avoid overlapping,"English
Download",26/06/13,17
https://www.bb.org.bd/mediaroom/circulars/gbcrd/jun132013gbcrd03e.pdf,GBCSRD Circular Letter No. 03 : Reporting CSR activities,"English
Download",13/06/13,03
https://www.bb.org.bd/mediaroom/circulars/fepd/jun112013fepd10e.pdf,FEPD Circular No. 10: Amended Notification on Foreign Exchange transaction at Border Haats,"English
Download",11/06/13,10
https://www.bb.org.bd/mediaroom/circulars/fepd/may302013fepd09e.pdf,FEPD Circular No. 09 : Use of International Credit Cards (ICCs) for online payment,"English
Download",30/05/13,09
https://www.bb.org.bd/mediaroom/circulars/brpd/may292013brpd06e.pdf,BRPD Circular No. 06 : Loan Rescheduling,"English
Download",29/05/13,06
https://www.bb.org.bd/mediaroom/circulars/brpd/may292013brpd05e.pdf,BRPD Circular No. 05 : Loan Classification and Provisioning,"English
Download",29/05/13,05
https://www.bb.org.bd/mediaroom/circulars/fsd/may282013fsd01e.pdf,FSD Circular No. 01 : Submission of Financial Statements,"English
Download",28/05/13,01
https://www.bb.org.bd/mediaroom/circulars/fepd/may062013fepdl09e.pdf,FE Circular Letter No. FEPD(FEMP)/04/2013-09 : Outward remittance of commission earnings of 'foreign brokerage firm' against service rendered to foreign portfolio investors in Bangladesh,"English
Download",06/05/13,09
https://www.bb.org.bd/mediaroom/circulars/fepd/apr302013fepdl409e.pdf,"FEPD Circular Letter no-FEPD(A&NFBP)/111/2013-490 : Entry of transactions regarding Special Foreign Currency Account approved by BB using the software ""SFCAMS"" which has been approved by the competent authority","English
Download",30/04/13,409
https://www.bb.org.bd/mediaroom/circulars/fepd/apr152013fepd06e.pdf,FEPD Circular No. 06:Family remittance facility for foreign nationals who are resident in and have income in Bangladesh,"English
Download",15/04/13,06
https://www.bb.org.bd/mediaroom/circulars/gbcrd/apr112013gbcsrl01.pdf,"GBCSRD Circular Letter No. 01: Reporting Green Banking, School Banking and CSR activities","English
Download",11/04/13,01
https://www.bb.org.bd/mediaroom/circulars/fid/apr072013fid01e.pdf,DFIM Circular No. 01 : Formation of Risk Management Forum (RMF) & Risk Analysis Unit (RAU) in the Financial Institutions (FIs),"English
Download",07/04/13,01
https://www.bb.org.bd/mediaroom/circulars/feid/apr032013feidl05e.pdf,"FEID Circular Letter No. 05 : Submission of application along with other documents through on-line for having permission under section 18A of Foreign Exchange Regulation Act,1947","English
Download",03/04/13,05
https://www.bb.org.bd/mediaroom/circulars/fepd/mar282013fepdl07e.pdf,FEPD Circular Letter No. FEPD(Import Policy)125/2013-07 : Submission of statement on use of buyer's credit in foreign exchange,"English
Download",28/03/13,07
https://www.bb.org.bd/mediaroom/circulars/feid/mar202013feidl04e.pdf,"FEID Circular Letter No. 04 : Facilitation of permission/renewal/inclusion procedure under section 18B of Foreign Exchange Regulation Act,1947","English
Download",20/03/13,04
https://www.bb.org.bd/mediaroom/circulars/acd/mar052013acdl01e.pdf,ACFID Circular Letter No. 01 : Master circular: loan classification and provisioning,"English
Download",05/03/13,01
https://www.bb.org.bd/mediaroom/circulars/fepd/feb242013fepd05e.pdf,FEPD Circular No. 05 : Foreign exchange transactions for IT/Software firms,"English
Download",24/02/13,05
https://www.bb.org.bd/mediaroom/circulars/feid/feb142013feidl02e.pdf,"FEID Circular Letter No. 02: Submission of Quarterly Commission Statement by Local Agent-Individuals/Institutions Under Section 18A of Foreign Exchange Regulation Act, 1947 in Revised Annexure-Ka","English
Download",14/02/13,02
https://www.bb.org.bd/mediaroom/circulars/fepd/feb102013fepd04e.pdf,FEPD Circular No. 04 : Export Development Fund (EDF),"English
Download",10/02/13,04
https://www.bb.org.bd/mediaroom/circulars/fepd/feb042013fepd03e.pdf,FEPD Circular No. 03 : Discounting of Direct/Deemed export bills in Foreign Currencies,"English
Download",04/02/13,03
https://www.bb.org.bd/mediaroom/circulars/mpd/jan312013mpd01e.pdf,MPD Circular No. 01: Re-fixation of Repo and Reverse Repo interest rates of Bangladesh Bank,"English
Download",31/01/13,01
https://www.bb.org.bd/mediaroom/circulars/feid/jan282013feidl01e.pdf,"FEID Circular Letter No. 01 : Facilitation of permission/renewal/inclusion procedure under section 18A of Foreign Exchange Regulation Act,1947","English
Download",28/01/13,01
https://www.bb.org.bd/mediaroom/circulars/fepd/jan092013fepd02e.pdf,FEPD Circular No. 02: Outward remittance of commission earnings of 'foreign brokerage' firm against service rendered to foreign portfolio investors in Bangladesh,"English
Download",09/01/13,02
https://www.bb.org.bd/mediaroom/circulars/fepd/dec312012fepd15e.pdf,FEPD Circular No. 15: New Edition of Code Lists for Reporting of External Sector Transactions by the Authorized Dealers,"English
Download",31/12/12,15
https://www.bb.org.bd/mediaroom/circulars/aml/dec302012bfiu06e.pdf,"BFIU Circular No. 06: Instructions to be followed by Capital Market Intermediaries for compliance of the provisions contained in the Money Laundering Prevention Act. 2012 and Anti Terrorism Act, 2009(Including amendment of 2012)","English
Download",30/12/12,06
https://www.bb.org.bd/mediaroom/circulars/brpd/dec272012brpd19e.pdf,BRPD Circular No. 19: Loan Classification and Provisioning,"English
Download",27/12/12,19
https://www.bb.org.bd/mediaroom/circulars/fepd/dec262012fepd14e.pdf,FEPD Circular No. 14: Online hotel booking using International Credit Cards (ICCs) on Internet,"English
Download",26/12/12,14
https://www.bb.org.bd/mediaroom/circulars/psd/dec242012psd04e.pdf,PSD Circular No. 04: Implementation of National Payment Switch Bangladesh (NPSB),"English
Download",24/12/12,04
https://www.bb.org.bd/mediaroom/circulars/dos/dec182012dosl22e.pdf,DOS Circular Letter No. 22: Scheduled Banks under City Corporation area of Rangpur to remain closed on the occassion of City Corporation election,"English
Download",18/12/12,22
https://www.bb.org.bd/mediaroom/circulars/fepd/dec182012fepd29e.pdf,FEPD Circular Letter No. (FEMP)/01/2012-29 : Submission of Exchange Position through Rationalized Input Template (RIT) in web Portal,"English
Download",18/12/12,29
https://www.bb.org.bd/mediaroom/circulars/fepd/dec102012fepdl27e.pdf,FEPD Circular Letter No. FEPD(Import Policy)/123/2012-27 : Post facto approval for settlement of import payment under back to back letter of credit through local sources,"English
Download",10/12/12,27
https://www.bb.org.bd/mediaroom/circulars/fepd/dec092012fepdl26e.pdf,FEPD Circular Letter No. FEPD(Export)220/2012-26 : Online reporting of foreign exchange transactions,"English
Download",09/12/12,26
https://www.bb.org.bd/mediaroom/circulars/psd/nov062012psd02e.pdf,PSD Circular No. 02: BIN list for local proprietary cards,"English
Download",06/11/12,02
https://www.bb.org.bd/mediaroom/circulars/brpd/oct292012brpd16e.pdf,BRPD Circular No. 16 : Mapping of External Credit Assessment Institutions (ECAIs) Rating scales with Bangladesh Bank (BB) Rating Grade,"English
Download",29/10/12,16
https://www.bb.org.bd/mediaroom/circulars/did/oct172012did03e.pdf,DID Circular No. 03 : Awareness about Deposit Insurance Systems,"English
Download",17/10/12,03
https://www.bb.org.bd/mediaroom/circulars/fepd/oct152012fepd11e.pdf,FEPD Circular No. 11 : Fixation of Upper Ceiling at US$7500 from US$6000 for Opening LC to Import Coal through Land Port without SWIFT message,"English
Download",15/10/12,11
https://www.bb.org.bd/mediaroom/circulars/aml/oct102012bfiul03e.pdf,BFIU Circular Letter No. 03 : Instructions to be followed for compliance of Freezing Accounts of listed Individuals or Institutions and Other Issues under the Sanction List of Different Resolutions of United Nations Security Council,"English
Download",10/10/12,03
https://www.bb.org.bd/mediaroom/circulars/dmd/oct032012dmd09e.pdf,DMD Circular No. 09: Calculation of applicable yield for devolvement in Treasury bond auction,"English
Download",03/10/12,09
https://www.bb.org.bd/mediaroom/circulars/did/oct022012did02e.pdf,DID Circular No. 02 : Changed Premium Rate of Deposit Insurance Trust Fund,"English
Download",02/10/12,02
https://www.bb.org.bd/mediaroom/circulars/dmd/sep262012dmd08e.pdf,DMD Circular No. 08 : Auction and Distribution Process of Treasury Bills and Bonds,"English
Download",26/09/12,08
https://www.bb.org.bd/mediaroom/circulars/fsd/sep242012fsd01e.pdf,FSD Circular No. 01 : Submission of Stress Testing Report,"English
Download",24/09/12,01
https://www.bb.org.bd/mediaroom/circulars/brpd/sep232012brpd15e.pdf,BRPD Circular No. 15 : Master Circular on Loan Rescheduling,"English
Download",23/09/12,15
https://www.bb.org.bd/mediaroom/circulars/brpd/sep232012brpd14e.pdf,BRPD Circular No. 14 : Master Circular: Loan Classification and Provisioning,"English
Download",23/09/12,14
https://www.bb.org.bd/mediaroom/circulars/fepd/aug272012fepd09e.pdf,FEPD Circular No. 09: Release of foreign exchange for travel abroad,"English
Download",27/08/12,09
https://www.bb.org.bd/mediaroom/circulars/sd/aug142012sd01e.pdf,"SD Circular No. 01 : Submission of return on ""Foreign Direct Investment in Bangladesh"" to Bangladesh Bank Enterprise Data Warehouse through Web Portal from the period January-June, 2012 (Half Yearly).","English
Download",14/08/12,01
https://www.bb.org.bd/mediaroom/circulars/brpd/aug082012brpdl10e.pdf,BRPD Circular Letter No. 10 : Opening of Bank Account for Collection of Donation for implementation of the Padma Bridge Project and transfer of the collected fund to the Government Treasury,"English
Download",08/08/12,10
https://www.bb.org.bd/mediaroom/circulars/fepd/aug072012fepd08e.pdf,FEPD Circular No. 08: Repatriation of export proceeds through Online Payment Gateway Service Providers,"English
Download",07/08/12,08
https://www.bb.org.bd/mediaroom/circulars/brpd/aug022012brpd12e.pdf,"BRPD Circular No. 12, Mapping of External Credit Assessment Institutions' (ECAIs)","English
Download",02/08/12,12
https://www.bb.org.bd/mediaroom/circulars/dmd/jul292012dmd07e.pdf,DMD Circular No. 07 : Balancing Investment of scheduled Banks in Government Securities,"English
Download",29/07/12,07
https://www.bb.org.bd/mediaroom/circulars/brpd/jul232012brpdl08e.pdf,BRPD Circular Letter No. 08 : Clarifications regarding some portions of Guidelines on Risk Based Capital Adequacy (RBCA) for Banks,"English
Download",23/07/12,08
https://www.bb.org.bd/mediaroom/circulars/fepd/jul222012fepd07e.pdf,FEPD Circular No. 07 : Inward Remittance --Declaration on Form C,"English
Download",22/07/12,07
https://www.bb.org.bd/mediaroom/circulars/brpd/jul222012brpd07e.pdf,BRPD Circular Letter No. 07: Reporting Green Banking activities under Phase II Excel format  |  Excel format,"English
Download",22/07/12,07
https://www.bb.org.bd/mediaroom/circulars/brpd/jul192012brpd11e.pdf,BRPD Circular No. 11 Definition of Defaulted Borrower,"English
Download",19/07/12,11
https://www.bb.org.bd/mediaroom/circulars/fid/jul122012fid06e.pdf,DFIM Circular No. 06 : Revised Guidelines on Stress Testing for NBFIs,"English
Download",12/07/12,06
https://www.bb.org.bd/mediaroom/circulars/fepd/jun262012fepdl13e.pdf,FEPD Circular Letter No. FEPD(EDG)/174/2012-13 : Ease of Banking Transactions,"English
Download",26/06/12,13
https://www.bb.org.bd/mediaroom/circulars/brpd/jun182012brpd09e.pdf,BRPD Circular No. 09 : Master Circular: Loan Classification and Provisioning,"English
Download",18/06/12,09
https://www.bb.org.bd/mediaroom/circulars/fepd/jun172012fepd10e.pdf,FEPD Circular Letter No. FEPD(FEMP)/01/2012-10 : BB Rules for opening and operating FC accounts,"English
Download",17/06/12,10
https://www.bb.org.bd/mediaroom/circulars/brpd/jun142012brpd08e.pdf,BRPD Circular No. 08: Master circular on Loan Rescheduling,"English
Download",14/06/12,08
https://www.bb.org.bd/mediaroom/circulars/brpd/jun142012brpd07e.pdf,BRPD Circular No. 07: Master Circular on loan classification and Provisioning,"English
Download",14/06/12,07
https://www.bb.org.bd/mediaroom/circulars/fepd/apr252012fepd05e.pdf,FEPD Circular No. 05 : Modification of schedule E-5/P-5 and schedule A-3/O-3 under border trade arrangement between Bangladesh and Myanmar,"English
Download",25/04/12,05
https://www.bb.org.bd/mediaroom/circulars/fepd/apr252012fepd04e.pdf,FEPD Circular No. 04 : Term lending in Taka to foreign owned/ controlled companies,"English
Download",25/04/12,04
https://www.bb.org.bd/mediaroom/circulars/dcmps/mar202012dcmps02e.pdf,DCMPS Circular No. 02 : Implementation of National Payment Switch,"English
Download",20/03/12,02
https://www.bb.org.bd/mediaroom/circulars/smespd/mar122012smespd01e.pdf,SMESPD Circular No. 01 : Two step loan fund for refinance or pre-finance under JICA assisted financial sector project for the development of smal and medium sized enterprises (BD-P67),"English
Download",12/03/12,01
https://www.bb.org.bd/mediaroom/circulars/fepd/feb222012fepd03e.pdf,FEPD Circular No. 03 : Inward remittance against export of services in non-physical form,"English
Download",22/02/12,03
https://www.bb.org.bd/mediaroom/circulars/dos/feb152012dos02e.pdf,DOS Circular No. 02 : Risk Management Guidelines for Banks,"English
Download",15/02/12,02
https://www.bb.org.bd/mediaroom/circulars/fepd/feb062012fepd02e.pdf,FEPD Circular No. 02 :Usance interest rate for deferred payment imports,"English
Download",06/02/12,02
https://www.bb.org.bd/mediaroom/circulars/brpd/jan222012brpdl01e.pdf,BRPD Circular Letter No. 01 : Rationalization of rate of interest on deposit and lending,"English
Download",22/01/12,01
https://www.bb.org.bd/mediaroom/circulars/brpd/jan222012brpd03e.pdf,BRPD Circular No. 03 :Prudential regulations for consumer financing,"English
Download",22/01/12,03
https://www.bb.org.bd/mediaroom/circulars/dos/jan192012dosl02e.pdf,DOS Circular Letter No. 02 : Marking to market based revaluation of treasury bills and bonds held by the banks,"English
Download",19/01/12,02
https://www.bb.org.bd/mediaroom/circulars/fid/jan092012fidl02e.pdf,DFIM Circular Letter No. 02 :Mainstreaming Corporate Social Responsibility (CSR) in Financial Institutions,"English
Download",09/01/12,02
https://www.bb.org.bd/mediaroom/circulars/mpd/jan052012mpd01e.pdf,MPD Circular No. 01: Re-fixation of Repo and Reverse Repo interest rates of Bangladesh Bank,"English
Download",05/01/12,01
https://www.bb.org.bd/mediaroom/circulars/fepd/dec292011fepd23e.pdf,FEPD Circular No. 23 : Amendment of FMJ Form,"English
Download",29/12/11,23
https://www.bb.org.bd/mediaroom/circulars/fid/dec282011fid14e.pdf,DFIM Circular No. 14 : Prudential Guidelines on Capital Adequacy and Market Discipline for Financial Institutions,"English
Download",28/12/11,14
https://www.bb.org.bd/mediaroom/circulars/sd/dec222011sd01e.pdf,"SD Circular No. 01 : Submission of return to Statistics Department through web portal of Enterprise Data Warehouse based on month January, 2012","English
Download",22/12/11,01
https://www.bb.org.bd/mediaroom/circulars/dcmps/dec202011dcmpsl11e.pdf,DCMPS (PSD) Circular Letter No.11 : Amendment of Guidelines on Mobile Financial Services for the Banks,"English
Download",20/12/11,11
https://www.bb.org.bd/mediaroom/circulars/brpd/dec122011brpd11e.pdf,BRPD Circular No. 11 : Maintenance of deferred tax accounts,"English
Download",12/12/11,11
https://www.bb.org.bd/mediaroom/circulars/dos/dec042011dos05e.pdf,DOS Circular No. 05 : Corporate Social Responsibility (CSR) performance reporting by banks on gender equality issues,"English
Download",04/12/11,05
https://www.bb.org.bd/mediaroom/circulars/brpd/nov302011brpd10e.pdf,BRPD Circular No. 10 : Guidelines for banking services at customer premises,"English
Download",30/11/11,10
https://www.bb.org.bd/mediaroom/circulars/dos/nov222011dosl22e.pdf,DOS Circular Letter No. 22 : Holidays during 2012,"English
Download",22/11/11,22
https://www.bb.org.bd/mediaroom/circulars/dos/nov212011dosl21e.pdf,DOS Circular Letter No. 21 : Revised format for submission of weekly statement of position for banks,"English
Download",21/11/11,21
https://www.bb.org.bd/mediaroom/circulars/brpd/nov162011brpd09e.pdf,BRPD Circular No. 09 : Mapping of External Credit Assessment Institutions' (ECAIs) rating scales with Bangladesh Bank (BB) rating grade,"English
Download",16/11/11,09
https://www.bb.org.bd/mediaroom/circulars/fepd/nov142011fepd21e.pdf,FEPD Circular No. 21 : Inclusion of Export Registration Certification (ERC) No. of direct/ deemed Exporter for loan from Export Development Fund (EDF),"English
Download",14/11/11,21
https://www.bb.org.bd/mediaroom/circulars/fepd/oct032011fepd18e.pdf,"FEPD Circular No. 18 : Jurisdiction of Bangladesh Bank, Rajshahi Office","English
Download",03/10/11,18
https://www.bb.org.bd/mediaroom/circulars/dmd/sep292011dmdl03e.pdf,DMD Circular Letter No. 03 : Submission of bids through primary dealers,"English
Download",29/09/11,03
https://www.bb.org.bd/mediaroom/circulars/fepd/sep282011fepdl14e.pdf,FEPD Circular Letter No. 14 : Clearing arrangement with Bangladesh Bank in Canadian Dollar,"English
Download",28/09/11,14
https://www.bb.org.bd/mediaroom/circulars/dcmps/sep222011dcmps8e.pdf,DCMPS Circular No. 8 :Guideline on Mobile Financial Services for the Banks,"English
Download",22/09/11,8
https://www.bb.org.bd/mediaroom/circulars/mpd/sep042011mpd4e.pdf,MPD Circular No. 4 : Refixation of Repo and Reverse Repo interest rates of Bangladesh Bank,"English
Download",04/09/11,4
https://www.bb.org.bd/mediaroom/circulars/fepd/aug072011fepd15e.pdf,FEPD Circular No. 15: Repatriation of export proceeds through online payment gateway service providers,"English
Download",07/08/11,15
https://www.bb.org.bd/mediaroom/circulars/dos/jul282011dos03e.pdf,DOS Circular No. 03 : Online submission of Off-site Supervision statements,"English
Download",28/07/11,03
https://www.bb.org.bd/mediaroom/circulars/brpd/jul262011brpdl11e.pdf,"BRPD Circular Letter No. 11 : Setting up of ""Complaint Cell"" in zonal offices of the banks","English
Download",26/07/11,11
https://www.bb.org.bd/mediaroom/circulars/fepd/jul172011fepd13e.pdf,"FEPD Circular No. 13 : Replacement of few references contained in vol.-1 of the Guidelines for Foreign Exchange Transactions (GFET), 2009","English
Download",17/07/11,13
https://www.bb.org.bd/mediaroom/circulars/fepd/jul142011fepd11e.pdf,FEPD Circular No. 11 : Online payment of fees etc abroad using ICCs on internet.,"English
Download",14/07/11,11
https://www.bb.org.bd/mediaroom/circulars/fepd/jul112011fepdl06e.pdf,FEPD Circular Letter No. 06 : Realization of export proceeds in due course of time,"English
Download",11/07/11,06
https://www.bb.org.bd/mediaroom/circulars/did/jul062011did01e.pdf,DID Circular No. 01 : Submission of statement/information regarding preparation of deposit insurance premium,"English
Download",06/07/11,01
https://www.bb.org.bd/mediaroom/circulars/fepd/jun232011fepd09e.pdf,FEPD Circular No. 09 : New edition of code lists for reporting of external sector transactions by the authorized dealers,"English
Download",23/06/11,09
https://www.bb.org.bd/mediaroom/circulars/dmd/jun212011dmdl02e.pdf,DMD Circular Letter No. 02 : Submission of bids through primary dealers,"English
Download",21/06/11,02
https://www.bb.org.bd/mediaroom/circulars/brpd/jun202011brpdl10e.pdf,BRPD Circular Letter No. 10 : Inclusion of solar energy system for establishment of new SME/Krishi branch,"English
Download",20/06/11,10
https://www.bb.org.bd/mediaroom/circulars/aml/jun152011aml27e.pdf,"AML Circular No. 27 : Instructions to be followed by the Non Profit Organizations and Non Government Organizations to comply with the provisions of Money Laundering Prevention Act, 2009","English
Download",15/06/11,27
https://www.bb.org.bd/mediaroom/circulars/mpd/jun142011mpd03e.pdf,MPD Circular No. 03 : Refixation of Repo and Reverse Repo interest rates of Bangladesh Bank,"English
Download",14/06/11,03
https://www.bb.org.bd/mediaroom/circulars/fepd/may302011fepd06e.pdf,FEPD Circular No. 06: Inward remittances for providing Business Process Outsourcing (BPO) services,"English
Download",30/05/11,06
https://www.bb.org.bd/mediaroom/circulars/mpd/apr262011mpd02e.pdf,MPD Circular No. 02 : Refixing Repo and reverse Repo interest rates of Bangladesh Bank,"English
Download",26/04/11,02
https://www.bb.org.bd/mediaroom/circulars/fepd/apr012010fepd(import)l544e.pdf,Circular Letter No.FEPD(Import)123/2010-544: Compliance of the requirement of domestic value addition in the context of opening of back to back letters of credit,"English
Download",11/04/11,
https://www.bb.org.bd/mediaroom/circulars/fid/apr062011fid04e.pdf,DFIM Circular No. 04 : Guidelines on Environmental Risk Management (ERM),"English
Download",06/04/11,04
https://www.bb.org.bd/mediaroom/circulars/fepd/mar232011fepd02e.pdf,"FEPD Circular No. 02 : Foreign exchange policy department at Bangladesh Bank, Rangpur office","English
Download",23/03/11,02
https://www.bb.org.bd/mediaroom/circulars/dmd/mar162011dmdl01e.pdf,DMD Circular Letter No. 01 : Submission of bids through primary dealers,"English
Download",16/03/11,01
https://www.bb.org.bd/mediaroom/circulars/mpd/mar102011mpd01e.pdf,MPD Circular No. 01: Re-fixing Repo and reverse Repo interest rates of Bangladesh Bank,"English
Download",10/03/11,01
https://www.bb.org.bd/mediaroom/circulars/brpd/feb272011brpd02e.pdf,BRPD Circular No. 02 : Policy Guidelines for Green Banking,"English
Download",27/02/11,02
https://www.bb.org.bd/mediaroom/circulars/dos/feb232011dos1e.pdf,DOS Circular No. 1 : Revised Guidelines on Stress Testing,"English
Download",23/02/11,1
https://www.bb.org.bd/mediaroom/circulars/brpd/jan302011brpd01e.pdf,BRPD Circular No. 01 : Guidelines on Environmental Risk Management(ERM),"English
Download",30/01/11,01
https://www.bb.org.bd/mediaroom/circulars/brpd/dec292010brpd35e.pdf,BRPD Circular No. 35 : Amendment in Guidelines on Risk Based Capital Adequacy (RBCA) for Banks,"English
Download",29/12/10,35
https://www.bb.org.bd/mediaroom/circulars/dbi2/dec272010dbi201e.pdf,DBI-2 Circular No. 01: Meeting with respective bank regarding compliance of major irregularities/lapses mentioned in the comprehensive inspection report,"English
Download",27/12/10,01
https://www.bb.org.bd/mediaroom/circulars/brpd/dec202010brpdl15e.pdf,BRPD Circular Letter No. 15 : Prudential Regulations for Consumer Financing,"English
Download",20/12/10,15
https://www.bb.org.bd/mediaroom/circulars/dos/dec202010dosl16e.pdf,DOS Circular Letter No. 16: Establishing separate 'CSR desk' in Banks,"English
Download",20/12/10,16
https://www.bb.org.bd/mediaroom/circulars/fepd/dec122010fepd1693e.pdf,FEPD Circular Letter No. 1693 : Opening LC against Sales Contract,"English
Download",12/12/10,1693
https://www.bb.org.bd/mediaroom/circulars/mpd/dec012010mpd05e.pdf,"MPD Circular No. 05: Maintenance of Statutory Liquidity Ratio (SLR) in compliance with Section 33 of Bank Company Act, 1991","English
Download",01/12/10,05
https://www.bb.org.bd/mediaroom/circulars/mpd/dec012010mpd04e.pdf,MPD Circular No. 04 Cash Reserve Requirement (CRR),"English
Download",01/12/10,04
https://www.bb.org.bd/mediaroom/circulars/dos/dec012010dosl15e.pdf,DOS Circular Letter No. 15 : Holidays during 2011,"English
Download",01/12/10,15
https://www.bb.org.bd/mediaroom/circulars/fepd/nov242010fepd24e.pdf,FEPD Circular No. 24 : Release of foreign exchange for travel abroad,"English
Download",24/11/10,24
https://www.bb.org.bd/mediaroom/circulars/brpd/nov032010brpd33e.pdf,BRPD Circular No. 33: Prudential Regulations for Consumer Financing,"English
Download",03/11/10,33
https://www.bb.org.bd/mediaroom/circulars/fepd/oct272010fepd20e.pdf,FEPD Circular No. 20 : Enhancement of Export Development Fund (EDF),"English
Download",27/10/10,20
https://www.bb.org.bd/mediaroom/circulars/brpd/oct272010brpd32e.pdf,BRPD Circular No. 32 : General provision on loan against shares etc,"English
Download",27/10/10,32
https://www.bb.org.bd/mediaroom/circulars/brpd/oct252010brpd31e.pdf,BRPD Circular No. 31 Mapping of External Credit Assessment Institutions' (ECAIs) rating scales with Bangladesh Bank (BB) rating Grade,"English
Download",25/10/10,31
https://www.bb.org.bd/mediaroom/circulars/aml/sep302010aml26e.pdf,"AML Circular No. 26 : Inclusion of new reporting agencies and predicate offenses in Money Laundering Prevention Act, 2009","English
Download",30/09/10,26
https://www.bb.org.bd/mediaroom/circulars/fepd/sep292010fepd19e.pdf,FEPD Circular No. 19: Interest rate on Export Development Fund (EDF) loans,"English
Download",29/09/10,19
https://www.bb.org.bd/mediaroom/circulars/fepd/sep272010fepd18e.pdf,FEPD Circular No. 18: Discounting/purchasing of bills against import on usance/deferred basis,"English
Download",27/09/10,18
https://www.bb.org.bd/mediaroom/circulars/fepd/sep192010fepd16e.pdf,"FEPD Circular No. 16: Guidelines for Foreign Exchange Transactions, 2009 (Volume 2)","English
Download",19/09/10,16
https://www.bb.org.bd/mediaroom/circulars/brpd/sep052010brpd28e.pdf,BRPD Circular No. 28 : Discounting/purchasing of accepted bills at Offshore Banking Units,"English
Download",05/09/10,28
https://www.bb.org.bd/mediaroom/circulars/fepd/sep022010fepd15e.pdf,FEPD Circular No. 15: Foreign exchange transactions for IT/Software firms,"English
Download",02/09/10,15
https://www.bb.org.bd/mediaroom/circulars/dcmps/aug252010dcmps25e.pdf,DCMPS Circular No. 9 : Bangladesh Electronic Fund Transfer Network(BEFTN) Operating Rules,"English
Download",25/08/10,9
https://www.bb.org.bd/mediaroom/circulars/fepd/aug232010fepd14e.pdf,FEPD Circular No. 14: Cash subsidy against export of jute goods,"English
Download",23/08/10,14
https://www.bb.org.bd/mediaroom/circulars/sd/aug192010sd01e.pdf,SD Circular No. 01: Regarding of SBS-2 and SBS-3 Reporting,"English
Download",19/08/10,01
https://www.bb.org.bd/mediaroom/circulars/mpd/aug192010mpd03e.pdf,MPD Circular No. 03: Re-fixation of Repo and reverse Repo interest rates of Bangladesh Bank,"English
Download",19/08/10,03
https://www.bb.org.bd/mediaroom/circulars/brpd/aug032010brpd24e.pdf,BRPD Circular No. 24: Revised Guidelines on Risk Based Capital Adequacy (RBCA) for Banks,"English
Download",03/08/10,24
https://www.bb.org.bd/mediaroom/circulars/fid/aug032010fid08e.pdf,DFIM Circular No. 08 : Implementation of Basel Accord,"English
Download",02/08/10,08
https://www.bb.org.bd/mediaroom/circulars/dos/jul152010dos06e.pdf,DOS Circular No. 06 : Uniform Accounting Procedure for REPO Transactions,"English
Download",15/07/10,06
https://www.bb.org.bd/mediaroom/circulars/dos/jul152010dosl07e.pdf,DOS Circular Letter No. 07 : Mainstreaming Corporate Social Responsibility (CSR) in banks in Bangladesh,"English
Download",15/07/10,07
https://www.bb.org.bd/mediaroom/circulars/dos/jul132010dos05e.pdf,DOS Circular No. 05 : Online submission of Weekly Statement of Position,"English
Download",13/07/10,05
https://www.bb.org.bd/mediaroom/circulars/brpd/jun162010brpd23e.pdf,BRPD Circular No. 23 : Prudential Regulations for Consumer Financing (Regulation for Hosing finance),"English
Download",16/06/10,23
https://www.bb.org.bd/mediaroom/circulars/fepd/may302010fepd(import)l823e.pdf,Circular Letter No.FEPD (Import) 123/2010-823: Verification of the import price of machinery/goods of projects before opening of Letter of Credit,"English
Download",30/05/10,
https://www.bb.org.bd/mediaroom/circulars/mpd/may122010mpd628e.pdf,Statutory Liquidity Ratio (SLR) for Islami Banks,"English
Download",12/05/10,628
https://www.bb.org.bd/mediaroom/circulars/mpd/may042010mpd02e.pdf,"MPD Circular No. 02 : Maintenance of Statutory Liquidity Ratio (SLR) in Compliance with Section 33 of Bank Company Act, 1991.","English
Download",04/05/10,02
https://www.bb.org.bd/mediaroom/circulars/mpd/may042010mpd01e.pdf,MPD Circular No. 01 : Maintenance of Cash Reserve Requirement (CRR) with Bangladesh Bank,"English
Download",04/05/10,01
https://www.bb.org.bd/mediaroom/circulars/brpd/apr222010brpd14e.pdf,BRPD Circular No. 14: Circulation of Information regarding Bank Directors,"English
Download",22/04/10,14
https://www.bb.org.bd/mediaroom/circulars/dos/apr212010dos01e.pdf,DOS Circular No. 01: Guidelines on Stress Testing,"English
Download",22/04/10,01
https://www.bb.org.bd/mediaroom/circulars/brpd/apr212010brpd13e.pdf,BRPD Circular No. 13 : Guidelines on Supervisory Review Evaluation Process (SREP),"English
Download",21/04/10,13
https://www.bb.org.bd/mediaroom/circulars/fepd/apr152010fepd07e.pdf,FE Circular No. 07: Calculation of Daily Exchange Position,"English
Download",15/04/10,07
https://www.bb.org.bd/mediaroom/circulars/brpd/mar292010brpd12e.pdf,BRPD Circular No. 12 : Consolidation for investment in subsidiaries and implication of other Capital Market Exposures for the purpose of computing eligible Regulatory Capital,"English
Download",29/03/10,12
https://www.bb.org.bd/mediaroom/circulars/brpd/mar212010brpd11e.pdf,BRPD Circular No. 11 : Guidelines on Subordinated Debt for inclusion in Regulatory Capital,"English
Download",21/03/10,11
https://www.bb.org.bd/mediaroom/circulars/brpd/mar102010brpd10e.pdf,BRPD Circular No. 10 : Partial modification of Guidelines on 'Risk Based Capital Adequacy (RBCA) for banks' (Revised regulatory capital framework in line with Basel II),"English
Download",10/03/10,10
https://www.bb.org.bd/mediaroom/circulars/aml/mar032010aml24e.pdf,"AML Circular No. 24: Instructions to be followed for compliance of the provisions of Money Laundering Prevention Act, 2009 and Anti Terrorism Act, 2009.","English
Download",03/03/10,24
https://www.bb.org.bd/mediaroom/circulars/aml/feb232010aml23e.pdf,"AML Circular No. 23: KYC Procedures for accounts opened before 30th April, 2002","English
Download",23/02/10,23
https://www.bb.org.bd/mediaroom/circulars/fepd/feb102011fe01.pdf,FEPD Circular No. 01: Notification on Foreign Exchange Transactions at Border Haats,"English
Download",10/02/10,01
https://www.bb.org.bd/mediaroom/circulars/fepd/feb012010fepd01e.pdf,"FE Circular No. 01: Enhancement of upper limit of LC value issued without using SWIFT to USD 6,000/- from USD 5,000/- for import of coal through land port","English
Download",01/02/10,01
https://www.bb.org.bd/mediaroom/circulars/dcmps/jan172010dcmps01e.pdf,PSD Circular No. 01: Bangladesh Automated Cheque Processing System (BACPS) Operating Rules and Procedures,"English
Download",17/01/10,01
https://www.bb.org.bd/mediaroom/circulars/brpd/jan032010brpdl01e.pdf,BRPD Circular Letter No. 01: Inclusion of the name of Bangladesh Development Bank Limited (BDBL) in the list of scheduled banks & exclusion of the names of BDBL & BSRS,"English
Download",03/01/10,01
https://www.bb.org.bd/mediaroom/circulars/brpd/dec292009brpd20e.pdf,BRPD Circular No. 20:Guidelines on 'Risk Based Capital Adequacy (RBCA) for Banks' (Revised regulatory capital framework in line with Basel II),"English
Download",29/12/09,20
https://www.bb.org.bd/mediaroom/circulars/fepd/dec292009fepd26e.pdf,FEPD Circular No. 26: Calculation of Exchange position,"English
Download",29/12/09,26
https://www.bb.org.bd/mediaroom/circulars/fepd/dec222009fepd25e.pdf,FEPD Circular No. 25: Master Circular on Export Development Fund (EDF),"English
Download",22/12/09,25
https://www.bb.org.bd/mediaroom/circulars/dos/dec072009dosl22e.pdf,DOS Circular Letter No. 22 : Holidays during 2010,"English
Download",07/12/09,22
https://www.bb.org.bd/mediaroom/circulars/brpd/nov092009brpd15e.pdf,BRPD Circular No. 15: Guidelines on Islamic Banking,"English
Download",09/11/09,15
https://www.bb.org.bd/mediaroom/circulars/brpd/nov082009brpdl07e.pdf,BRPD Circular Letter No. 07 : Refund of excess money of the unsuccessful applicants of the initial public offer (IPO) and transfer of cash dividends to the respective bank accounts,"English
Download",08/11/09,07
https://www.bb.org.bd/mediaroom/circulars/brpd/nov062009brpd05e.pdf,"BRPD Circular Letter No. 06 : Opening ""SME/Agriculture Branch""","English
Download",05/11/09,06
https://www.bb.org.bd/mediaroom/circulars/fepd/nov032009fepd21e.pdf,FEPD Circular No. 21 : Submission of Return on 'Foreign Direct Investment' and 'Private Sector External Debt'.,"English
Download",03/11/09,21
https://www.bb.org.bd/mediaroom/circulars/dbi2/nov022009dbi202e.pdf,DBI-2 Circular No. 02: Compliance of Continuity Plan (BCP) & Disaster Recovery Plan (DRP) by Banks and FIs,"English
Download",02/11/09,02
https://www.bb.org.bd/mediaroom/circulars/brpd/oct282009brpd14e.pdf,BRPD Circular No. 14 : Determining focal point for making banking services easily accessible to the Physically incapable people in Bangladesh,"English
Download",28/10/09,14
https://www.bb.org.bd/mediaroom/circulars/brpd/oct142009brpd13e.pdf,BRPD Circular No. 13: Guidelines on Subordinated Debt for inclusion in Regulatory Capital,"English
Download",14/10/09,13
https://www.bb.org.bd/mediaroom/circulars/brpd/oct142009brpd12e.pdf,BRPD Circular No. 12 : Operation of Merchant Banking by Banking Companies,"English
Download",14/10/09,12
https://www.bb.org.bd/mediaroom/circulars/mpd/oct122009mpd01e.pdf,MPD Circular No. 01: Refixation of Repo and Reverse Repo Rate of Bangladesh Bank,"English
Download",12/10/09,01
https://www.bb.org.bd/mediaroom/circulars/fepd/oct052009fepd19e.pdf,FE Circular No. 19: Settlement of Current Account Transaction with Maldives in ACU Mechanism,"English
Download",05/10/09,19
https://www.bb.org.bd/mediaroom/circulars/fepd/oct012009fepd18e.pdf,FE Circular No. 18: Forward Dealings in Foreign Exchange,"English
Download",01/10/09,18
https://www.bb.org.bd/mediaroom/circulars/brpd/oct012009brpd11e.pdf,BRPD Circular No. 11: Re-fixing interest rate on loans extended to various sectors including productive sectors to cope up with the prevailing global economic situation.,"English
Download",01/10/09,11
https://www.bb.org.bd/mediaroom/circulars/fepd/sep302009fepd17e.pdf,FE Circular No. 17: Money Changers FX Returns,"English
Download",30/09/09,17
https://www.bb.org.bd/mediaroom/circulars/fepd/sep302009fepd16e.pdf,FE Circular No. 16: New Schedules /Statements for External Sector Reporting,"English
Download",30/09/09,16
https://www.bb.org.bd/mediaroom/circulars/fepd/aug272009fe13e.pdf,FE Circular No. 13: Advance payment against imports,"English
Download",27/08/09,13
https://www.bb.org.bd/mediaroom/circulars/fepd/aug032009fepd10e.pdf,FE Circular No. 10: Release of foreign exchange on current account transactions,"English
Download",03/08/09,10
https://www.bb.org.bd/mediaroom/circulars/fepd/jul302009fepd09e.pdf,"FE Circular No. 09: Regarding Issuance and Distribution of Volume-1 of Guidelines for Foreign Exchange Transactions, 2009 successor to the Guidelines for Foreign Exchange Transactions, 1996.","English
Download",30/07/09,09
https://www.bb.org.bd/mediaroom/circulars/fepd/jul292009fepd08e.pdf,"FE Circular No. 08 : Definition of ""Agent"" for the purpose Section 18 A of the Foreign Exchange Regulation Act, 1947","English
Download",29/07/09,08
https://www.bb.org.bd/mediaroom/circulars/brpd/jul202009brpdl05e.pdf,BRPD Circular Letter No. 05: Risk Factors Relating to Islamic Mode of Investment under Risk Based Capital Adequacy for Banks,"English
Download",20/07/09,05
https://www.bb.org.bd/mediaroom/circulars/brpd/jun302009brpd10e.pdf,BRPD Circular No. 10 : Displaying Complete Schedule of Charges and its Uploading in the Website,"English
Download",30/06/09,10
https://www.bb.org.bd/mediaroom/circulars/fepd/jun292009fepd07e.pdf,FE Circular No. 07 : Application of appropriate Incoterms in respect of foreign trade.,"English
Download",29/06/09,07
https://www.bb.org.bd/mediaroom/circulars/brpd/jun012009brpd09e.pdf,BRPD Circular No. 09 : Re-fixing interest rate of loans extended to various sectors including productive sectors considering the prevailing global economic situation,"English
Download",01/06/09,09
https://www.bb.org.bd/mediaroom/circulars/dcmps/jun012009dcmps04e.pdf,DCMPS Circular No. 04 : Bangladesh Automated Clearing House (BACH) at the expanded Dhaka Clearing Region,"English
Download",01/06/09,04
https://www.bb.org.bd/mediaroom/circulars/fepd/may192009fepd04e.pdf,FE Circular No. 04 : Issuance Of Proceed Realisation Certificate ( PRC),"English
Download",19/05/09,04
https://www.bb.org.bd/mediaroom/circulars/brpd/may122009brpd08e.pdf,BRPD Circular No. 08 :Restrictions in respect of Responsibilities and Accountabilities of the Board Of Directors and the CEOs of Private Bank,"English
Download",12/05/09,08
https://www.bb.org.bd/mediaroom/circulars/brpd/may102009brpd07e.pdf,BRPD Circular No. 07 : Import Financing - Fixing of Interest Rate,"English
Download",10/05/09,07
https://www.bb.org.bd/mediaroom/circulars/brpd/may052009brpd06e.pdf,BRPD Circular No. 06 : Fixing Rate of Interest on Import Financing,"English
Download",05/05/09,06
https://www.bb.org.bd/mediaroom/circulars/brpd/apr292009brpd05e.pdf,BRPD Circular No. 05 : Mapping of External Credit Assessment Institutions (ECAIs) rating with Bangladesh Bank Rating Grade,"English
Download",29/04/09,05
https://www.bb.org.bd/mediaroom/circulars/dcmps/apr272009dcmps03e.pdf,"PSD Circular No. 03/2009 Bangladesh Payment and Settlement Systems Regulations, 2009","English
Download",27/04/09,03
https://www.bb.org.bd/mediaroom/circulars/fepd/may202009fepd02e.pdf,FE Circular No. 02: Submission of Quarterly Statement,"English
Download",20/04/09,02
https://www.bb.org.bd/mediaroom/circulars/brpd/apr192009brpdl04e.pdf,BRPD Circular Letter No. 04 : Change of name from Social Investment Bank Limited to Social Islami Bank Limited,"English
Download",19/04/09,04
https://www.bb.org.bd/mediaroom/circulars/brpd/mar232009brpdl03e.pdf,BRPD Circular Letter No. 03 : VAT calculation in case of service charge charged at a reduced rate than chargeable fixed rate by the banks,"English
Download",23/03/09,03
https://www.bb.org.bd/mediaroom/circulars/brpd/mar162009brpd02e.pdf,BRPD Circular No. 02 : Newly designed revenue stamp of 5.00(five) take denomination,"English
Download",16/03/09,02
https://www.bb.org.bd/mediaroom/circulars/dbi2/mar122009dbi201e.pdf,DBI Circular No. 01 : Special Board Meeting - Regarding Compliance of Comprehensive Inspection Report on Head Office,"English
Download",12/03/09,01
https://www.bb.org.bd/mediaroom/circulars/dcmps/feb162009psd2e.pdf,PSD Circular No. 2: Bangladesh Automated Cheque Processing System (BACPS) at the expanded Dhaka Clearing Region,"English
Download",16/02/09,2
https://www.bb.org.bd/mediaroom/circulars/dcmps/feb112009psd1e.pdf,PSD Circular No. 1: National Payment System Council (NPSC),"English
Download",11/02/09,1
https://www.bb.org.bd/mediaroom/circulars/brpd/feb0209brpdl02e.pdf,BRPD Circular Letter No. 02: Price fixation of chargeable VAT in case of value received at reduced rate than the fixed service charges against service provided by banks,"English
Download",02/02/09,02
https://www.bb.org.bd/mediaroom/circulars/brpd/jan292009brpdl01e.pdf,BRPD Circular Letter No. 01 : Change of name: First Security Bank Limited to First Security Islami Bank Limited,"English
Download",29/01/09,01
https://www.bb.org.bd/mediaroom/circulars/dcmps/jan132008dcmps01.pdf,"DCMPS Circular No. 01/2009-48: Draft Bangladesh Payment and Settlement Systems Regulations, 2009","English
Download",13/01/09,01
https://www.bb.org.bd/mediaroom/circulars/brpd/jan122009brpd01e.pdf,BRPD Circular No. 01 : Maintenance of CRR with Bangladesh Bank,"English
Download",12/01/09,01
https://www.bb.org.bd/mediaroom/circulars/brpd/dec3108brpd09.pdf,BRPD Circular No. 09 : Guidelines on 'Risk Based Capital Adequacy for Banks' (Revised regulatory capital framework in line with Basel II),"English
Download",31/12/08,09
https://www.bb.org.bd/mediaroom/circulars/fepd/dec222008fepd15e.pdf,FE Circular No. 15 : Payment through Asian Clearing Union ( ACU),"English
Download",22/12/08,15
https://www.bb.org.bd/mediaroom/circulars/brpd/oct062008brpd08e.pdf,BRPD Circular No. 08: Prudential Regulations for Consumer Financing,"English
Download",06/10/08,08
https://www.bb.org.bd/mediaroom/circulars/brpd/sep232008brpd07e.pdf,BRPD Circular No. 07 : Guidelines for recognition of eligible External Credit Assessment Institutions (ECAIs),"English
Download",23/09/08,07
https://www.bb.org.bd/mediaroom/circulars/fepd/09212008fepd10e.pdf,FE Circular No. 10 : Payment through international card,"English
Download",21/09/08,10
https://www.bb.org.bd/mediaroom/circulars/brpd/aug1908brpdl13e.pdf,BRPD Circular Letter No. 13: Clarification on price fixation of chargeable VAT in case of value received at reduced rate than the fixed service charges against service provided by banks,"English
Download",19/08/08,13
https://www.bb.org.bd/mediaroom/circulars/brpd/aug182008brpdl12e.pdf,"BRPD Circular Letter No. 12 : Appointment of Directors from the Depositors of Banking Companies Rules, 2008","English
Download",18/08/08,12
https://www.bb.org.bd/mediaroom/circulars/aml/aug142008aml20e.pdf,"AML Circular No. 20: Instructions to the Money Changers for compliance of the Money Laundering Prevention Ordinance, 2008 and Anti Terrorism Ordinance, 2008","English
Download",14/08/08,20
https://www.bb.org.bd/mediaroom/circulars/aml/aug142008aml19e.pdf,"AML Circular No. 19 : Instructions to the Banks and FIs for compliance of the Money Laundering Prevention Ordinance, 2008 and Anti Terrorism Ordinance, 2008","English
Download",14/08/08,19
https://www.bb.org.bd/mediaroom/circulars/brpd/aug142008brpdl11e.pdf,BRPD Circular Letter No. 11 : Paid-up Capital and Reserve Fund of bank-companies.,"English
Download",14/08/08,11
https://www.bb.org.bd/mediaroom/circulars/fepd/aug122008fepd05e.pdf,FE Circular No. 05 : Advance payment against imports,"English
Download",12/08/08,05
https://www.bb.org.bd/mediaroom/circulars/fepd/aug122008fepd06e.pdf,FE Circular No. 06 : Payment of freight charges to chartered ship owner abroad,"English
Download",12/08/08,06
https://www.bb.org.bd/mediaroom/circulars/aml/aug102008aml18e.pdf,"AML Circular No. 18 : Instructions to the Insurance companies for compliance of the Money Laundering Prevention Ordinance, 2008","English
Download",10/08/08,18
https://www.bb.org.bd/mediaroom/circulars/brpd/jul232008brpdl10e.pdf,"BRPD Circular Letter No. 10: Appointment of Directors from the Depositors of Banking Companies Rules, 2008","English
Download",23/07/08,10
https://www.bb.org.bd/mediaroom/circulars/dos/jun0108dos01e.pdf,DOS Circular No. 01 : Mainstreaming Corporate Social Responsibility (CSR) in banks and financial institutions in Bangladesh,"English
Download",01/06/08,01
https://www.bb.org.bd/mediaroom/circulars/fepd/may252008fepd04e.pdf,FE Circular No. 04: Hedging the price risk of commodities,"English
Download",25/05/08,04
https://www.bb.org.bd/mediaroom/circulars/brpd/may212008brpd06e.pdf,BRPD Circular No. 06 : Capital Adequacy of Banks,"English
Download",21/05/08,06
https://www.bb.org.bd/mediaroom/circulars/brpd/may152008brpdl08e.pdf,BRPD Circular Letter No. 08 : Change of The Name of The Oriental Bank Limited to 'ICB Islamic Bank Limited',"English
Download",15/05/08,08
https://www.bb.org.bd/mediaroom/circulars/brpd/may122008brpdl07e.pdf,BRPD Circular Letter No. 07 : Fixating of 03 (three) months time limit for repayment of the loans to be disbursed for procurement of rice by mill owners,"English
Download",12/05/08,07
https://www.bb.org.bd/mediaroom/circulars/brpd/may042008brpdl06e.pdf,BRPD Circular Letter No. 06: - Introduction of SME Service Centres for loan disbursement and recovery in the Small and Medium Enterprise (SME) sector.,"English
Download",04/05/08,06
https://www.bb.org.bd/mediaroom/circulars/brpd/apr282008brpdl05e.pdf,BRPD Circular Letter No. 05: Resumption of the banking business of The Oriental Bank Limited.,"English
Download",28/04/08,05
https://www.bb.org.bd/mediaroom/circulars/fepd/mar252008fepd02e.pdf,FE Circular No. 02: Application of appropriate Incoterms in respect of foreign trade,"English
Download",25/03/08,02
https://www.bb.org.bd/mediaroom/circulars/brpd/mar1608brpd04e.pdf,BRPD Circular No. 04: Fixing Rate of Interest on Import Financing,"English
Download",16/03/08,04
https://www.bb.org.bd/mediaroom/circulars/brpd/mar122008brpd03e.pdf,BRPD Circular No. 03: Master Circular on Capital Adequacy of Banks.,"English
Download",12/03/08,03
https://www.bb.org.bd/mediaroom/circulars/fepd/feb1208fe01e.pdf,"FEPD Circular No. 01 : Guidelines to be followed to act as an agent as Satellite Channel Distributor of Foreign Principals(s) under Section 18A of Foreign Exchange Regulation Act, 1947","English
Download",14/02/08,01
https://www.bb.org.bd/mediaroom/circulars/brpd/jan3108brpd02e.pdf,BRPD Circular No. 02 : Maintaining Adequate Security of Lockers,"English
Download",31/01/08,02
https://www.bb.org.bd/mediaroom/circulars/brpd/jan282008brpd01e.pdf,BRPD Circular No 01: Investment in Bond/Debentures,"English
Download",28/01/08,01
https://www.bb.org.bd/mediaroom/circulars/fid/jan1008dfiml01.pdf,"DFIM Circular Letter No. 01 Regarding ""Mortgaged Backed Securitization in Bangladesh: A Tentative Guideline""","English
Download",10/01/08,01
https://www.bb.org.bd/mediaroom/circulars/brpd/dec3007brpd14e.pdf,BRPD Circular No. 14 : Implementation of New Capital Accord (Basel II) in Bangladesh.,"English
Download",30/12/07,14
https://www.bb.org.bd/mediaroom/circulars/dos/dec1707dosl13e.pdf,DOS Circular Letter No. 13 : Holidays during 2008,"English
Download",17/12/07,13
https://www.bb.org.bd/mediaroom/circulars/brpd/dec0607brpd13e.pdf,BRPD Circular No 13: Post flood rehabilitation through rescheduling of loans for weaving industries and disbursement of fresh loans in favour of weavers,"English
Download",06/12/07,13
https://www.bb.org.bd/mediaroom/circulars/brpd/dec0207brpdl11e.pdf,"BRPD Circular Letter No 11: Name of ""Sonali Bank Limited"", ""Janata Bank Limited"", ""Agrani Bank Limited"" included in scheduled bank list and name of ""Sonali Bank"", ""Janata Bank"", ""Agrani Bank"" is abolished","English
Download",02/12/07,11
https://www.bb.org.bd/mediaroom/circulars/brpd/dec0207brpdl10e.pdf,BRPD Circular No 10: Regarding Name change of Arab Bank Bangladesh to AB Bank Limited,"English
Download",22/11/07,10
https://www.bb.org.bd/mediaroom/circulars/brpd/nov0507brpd12e.pdf,BRPD Circular Letter No. 12 : Minimum ceiling of Paid up Capital and Statutory Reserve of all Scheduled Banks operating in Bangladesh,"English
Download",05/11/07,12
https://www.bb.org.bd/mediaroom/circulars/aml/sep2507aml14e.pdf,AML Circular No 14: Instructions for opening and maintaining the accounts of Politically Exposed Persons ( PEPs),"English
Download",25/09/07,14
https://www.bb.org.bd/mediaroom/circulars/aml/sep2407alm13e.pdf,AML Circular No 13: Submission of cash transaction report (CTR),"English
Download",24/09/07,13
https://www.bb.org.bd/mediaroom/circulars/feid/sep2407feid01e.pdf,"FEID Circular No. 01 : Submission of required information/documents for permission to act as an agent of foreign principal, renewal thereof and inclusion of new principal under section 18A & 18B of Foreign Exchange Regulation Act, 1947.","English
Download",24/09/07,01
https://www.bb.org.bd/mediaroom/circulars/aml/sep2007alm12e.pdf,"AML Circular No 12: Money Laundering Prevention (amendment) Ordinance, 2007","English
Download",20/09/07,12
https://www.bb.org.bd/mediaroom/circulars/brpd/sep1807brpd10.pdf,BRPD Circular Letter No. 10 : Master Circular- Loan Classification and Provisioning,"English
Download",18/09/07,10
https://www.bb.org.bd/mediaroom/circulars/brpd/aug1407brpd09e.pdf,BRPD Circular Letter No. 09 : Fixing Rate of Interest on Import Financing,"English
Download",14/08/07,09
https://www.bb.org.bd/mediaroom/circulars/brpd/july0907brpd07.pdf,BRPD Circular No. 07 : Implementation of Credit Risk Grading Manual,"English
Download",09/08/07,07
https://www.bb.org.bd/mediaroom/circulars/brpd/aug0607brpdle08e.pdf,BRPD Circular No. 08 : Master Circular- Loan Classification and Provisioning,"English
Download",07/08/07,08
https://www.bb.org.bd/mediaroom/circulars/brpd/aug0607brpdle06.pdf,"BRPD Circular Letter No. 06 : The Oriental Bank Limited (Reconstruction) Scheme, 2007","English
Download",02/08/07,06
https://www.bb.org.bd/mediaroom/circulars/brpd/jul0207brpdle05.pdf,BRPD Circular Letter No. 05 : Moratorium in respect of the business of The Oriental Bank Limited.,"English
Download",02/07/07,05
https://www.bb.org.bd/mediaroom/circulars/fepd/jun2507fe01.pdf,FEPD Circular No. 01 : Implementation of UCP 600,"English
Download",25/06/07,01
https://www.bb.org.bd/mediaroom/circulars/brpd/june2407brpd06e.pdf,BRPD Circular No. 06 : Fixation of demand deposit @ 9% of savings deposit,"English
Download",24/06/07,06
https://www.bb.org.bd/mediaroom/circulars/brpd/may1407brpd05e.pdf,BRPD Circular No. 05: Master Circular on Capital Adequacy of Banks,"English
Download",14/05/07,05
https://www.bb.org.bd/mediaroom/circulars/brpd/mar2707brpde.pdf,BRPD Circular Letter No. 04: Prudential Guideline for Consumer Financing,"English
Download",27/03/07,04
https://www.bb.org.bd/mediaroom/circulars/brpd/mar1307brpdl03e.pdf,BRPD Circular Letter No. 03: Large Loan and Risk Management,"English
Download",13/03/07,03
https://www.bb.org.bd/mediaroom/circulars/brpd/mar0507brpd04.pdf,"BRPD Circular No. 04: Guidelines on ""Managing Core Risks in Banking""","English
Download",05/03/07,04
https://www.bb.org.bd/mediaroom/circulars/brpd/mar0307brpd03e.pdf,BRPD Circular No. 03: Guidelines for Merger/Amalgamation of Banks/Financial Institutions,"English
Download",04/03/07,03
https://www.bb.org.bd/mediaroom/circulars/aml/feb2007aml11e.pdf,"AML Circular No. 11: Cooperation in conducting investigation by the law enforcing agencies and compliance of freezing/attachment order under the Special Powers Rules, 2007.","English
Download",20/02/07,11
https://www.bb.org.bd/mediaroom/circulars/brpd/feb1907brpdl02e.pdf,BRPD Circular Letter No. 02: Issue and Purchase of Banking Instruments etc..,"English
Download",19/02/07,02
https://www.bb.org.bd/mediaroom/circulars/brpd/feb1907brpd02e.pdf,BRPD Circular No. 02: Master Circular- Single Borrower Exposure Limit,"English
Download",19/02/07,02
https://www.bb.org.bd/mediaroom/circulars/brpd/feb1907brpd01e.pdf,BRPD Circular No. 01: Master Circular on Capital Adequacy of Banks,"English
Download",19/02/07,01
https://www.bb.org.bd/mediaroom/circulars/brpd/jan2807brpdl01e.pdf,BRPD Circular Letter No. 01 Moratorium in respect of the business of The Oriental Bank Limited,"English
Download",28/01/07,01
https://www.bb.org.bd/mediaroom/circulars/dos/dec1406dos19e.pdf,DOS Circular Letter No. 19,"English
Download",14/12/06,19
https://www.bb.org.bd/mediaroom/circulars/brpd/dec0606brpdl06e.pdf,"BRPD Circular Letter No. 06 : Change of Bank's name from ""The Trust Bank Limited"" to ""Trust Bank Limited""","English
Download",06/12/06,06
https://www.bb.org.bd/mediaroom/circulars/brpd/nov1506brpd08e.pdf,BRPD Circular No. 08 : Policies Rescheduling of Loans-Compliances,"English
Download",15/11/06,08
https://www.bb.org.bd/mediaroom/circulars/brpd/oct1606brpd05e.pdf,BRPD Circular Letter No. 05 Branch Expansion Policy of Banks,"English
Download",16/10/06,05
https://www.bb.org.bd/mediaroom/circulars/fid/sep1306fid07e.pdf,FID Circular No : 07: Investment Promotion and Financing Facility(IPFE),"English
Download",18/09/06,
https://www.bb.org.bd/mediaroom/circulars/brpd/aug2806brpd07e.pdf,BRPD Circular No. 07 : Master Circular on Capital Adequacy of Banks,"English
Download",28/08/06,07
https://www.bb.org.bd/mediaroom/circulars/fid/aug2006fid06e.pdf,FID Circular No : 06:Policy on Loan/lease Classification and Provisioning,"English
Download",20/08/06,
https://www.bb.org.bd/mediaroom/circulars/fepd/aug1406fe07e.pdf,FE Circular No. 7: Term lending in Taka to foreign owned/controlled firms/companies in Bangladesh.,"English
Download",14/08/06,7
https://www.bb.org.bd/mediaroom/circulars/brpd/july1106brpdl04e.pdf,BRPD Circular No. 4: Collection of 3% Income Tax at Source on Credit Bills for Credit Card Users,"English
Download",11/07/06,4
https://www.bb.org.bd/mediaroom/circulars/brpd/jul0506brpd06e.pdf,BRPD Circular No. : 06 Credit Rating of the Banks,"English
Download",05/07/06,
https://www.bb.org.bd/mediaroom/circulars/brpd/jun0506brpd05e.pdf,BRPD Circular No.05 Master Circular - Loan Classification and Provisioning,"English
Download",05/06/06,05
https://www.bb.org.bd/mediaroom/circulars/brpd/may0906brpde04.pdf,BRPD circular No-04: Re-fixation of honorarium to the directors of Banks for attending the Meeting of the Board of Directors.,"English
Download",09/05/06,
https://www.bb.org.bd/mediaroom/circulars/fid/may0306fid03e.pdf,FID Circular No. 03 Policy on Loan/lease Classification and Provisioning,"English
Download",03/05/06,03
https://www.bb.org.bd/mediaroom/circulars/fepd/mar2906fe04e.pdf,FE Circular-04,"English
Download",29/04/06,
https://www.bb.org.bd/mediaroom/circulars/brpd/mar1906brpde03.pdf,BRPD Circular No. 03: Policy for Rescheduling of Loans,"English
Download",19/03/06,03
https://www.bb.org.bd/mediaroom/circulars/cib/feb2806cib01.pdf,CIB Circular No.01 - Reporting of Rescheduled Loans in Form: CIB-4,"English
Download",28/02/06,01
https://www.bb.org.bd/mediaroom/circulars/aml/feb1606aml10e.pdf,AML Circular No. 10 : Regarding Submission of Cash Transactions Report (CTR),"English
Download",16/02/06,10
https://www.bb.org.bd/mediaroom/circulars/brpd/feb1406brpd02.pdf,BRPD Circular No. 02 Policy for Rescheduling of loans.,"English
Download",14/02/06,02
https://www.bb.org.bd/mediaroom/circulars/brpd/feb0806brpd01e.pdf,BRPD Circular No. 01: Prudential Guidelines for Consumer Financing and Small Enterprise Financing,"English
Download",08/02/06,01
https://www.bb.org.bd/mediaroom/circulars/brpd/feb0106brpdle03.pdf,BRPD Circular Letter No.03: Rules and Regulations Regarding the Appointment of Chief Executive of a Bank.,"English
Download",01/02/06,03
https://www.bb.org.bd/mediaroom/circulars/brpd/jan0906brpdle02.pdf,BRPD Circular Letter No.02: Redefining of Urban and Rural Areas for Opening New Branches by Private Commercial Banks.,"English
Download",09/01/06,02
https://www.bb.org.bd/mediaroom/circulars/brpd/jan0906brpdle01.pdf,BRPD Circular Letter No. 01: Excessive Expenditure in Opening of New Bank Branches.,"English
Download",09/01/06,01
https://www.bb.org.bd/mediaroom/circulars/aml/dec2905aml09e.pdf,AML Circular No. 09 : Regarding Submission of Cash Transactions Report (CTR),"English
Download",29/12/05,09
https://www.bb.org.bd/mediaroom/circulars/fid/dec2905fid12e.pdf,FID Circular No. 12: Guideline on Information & Communication Technology for Financial Institutions (non-bank),"English
Download",29/12/05,12
https://www.bb.org.bd/mediaroom/circulars/dos/dec2705dosl17e.pdf,Circular Letter No. 17: List of Holidays during 2006.,"English
Download",27/12/05,17
https://www.bb.org.bd/mediaroom/circulars/aml/dec2105aml08e.pdf,AML Circular No. 08 : Regarding Submission of Cash Transactions Report (CTR),"English
Download",21/12/05,08
https://www.bb.org.bd/mediaroom/circulars/brpd/dec2005brpd19e.pdf,BRPD Circular No. 19: Prudential Guidelines for Consumer Financing and Small Enterprise Financing,"English
Download",20/12/05,19
https://www.bb.org.bd/mediaroom/circulars/brpd/dec2005brpd20e.pdf,BRPD Circular No. 20: Prudential Guidelines for Consumer Financing and Small Enterprise Financing,"English
Download",20/12/05,20
https://www.bb.org.bd/mediaroom/circulars/brpd/dec1105brpdl18e.pdf,BRPD Circular No. 18: Implementation of Credit Risk Grading Manual,"English
Download",11/12/05,18
https://www.bb.org.bd/mediaroom/circulars/brpd/dec0605brpdl17e.pdf,BRPD Circular No. 17: Prudential Guidelines for Consumer Financing and Small Enterprise Financing,"English
Download",06/12/05,17
https://www.bb.org.bd/mediaroom/circulars/brpd/nov1605brpd16e.pdf,BRPD Circular No. 16: Master-Circular-Single Borrower Exposure Limit.,"English
Download",16/11/05,16
https://www.bb.org.bd/mediaroom/circulars/brpd/nov1605brpdl09e.pdf,BRPD Circular Letter No. 09 : Appointment of Employee/Officer,"English
Download",16/11/05,09
https://www.bb.org.bd/mediaroom/circulars/brpd/oct3105brpd15e.pdf,BRPD Circular No. 15: Marking to Market based Revaluation of Treasury Bills & Bonds held by the Banks,"English
Download",31/10/05,15
https://www.bb.org.bd/mediaroom/circulars/brpd/oct1605brpdl08e.pdf,"BRPD Circular Letter No. 08: Amendments of the formats regarding Loan Classification, Provisioning and Interest Suspense Account","English
Download",16/10/05,08
https://www.bb.org.bd/mediaroom/circulars/fid/sep1805fid10e.pdf,FID Circular No. 10 - Guidelines on 'Managing Core Risks of Financial Institutions (non-bank),"English
Download",18/09/05,10
https://www.bb.org.bd/mediaroom/circulars/brpd/aug2505brpd11e.pdf,"BRPD Circular No. 11: Maintenance of SLR with Bangladesh Bank,under section 33 of Bank Company Act, 1991.","English
Download",25/08/05,11
https://www.bb.org.bd/mediaroom/circulars/brpd/aug2505brpd12e.pdf,BRPD Circular No. 12: Maintenance of CRR with Bangladesh Bank,"English
Download",25/08/05,12
https://www.bb.org.bd/mediaroom/circulars/brpd/aug2005brpd09e.pdf,BRPD Circular No. 09 : Policy on Loan Classification and Provisioning,"English
Download",20/08/05,09
https://www.bb.org.bd/mediaroom/circulars/brpd/aug2005brpd10e.pdf,BRPD Circular No. 10 Prudential Guidelines for Consumer Financing and Small Enterprise Financing,"English
Download",20/08/05,10
https://www.bb.org.bd/mediaroom/circulars/aml/aug1405aml07e.pdf,AML Circular No. 7 Correspondent Banking,"English
Download",14/08/05,7
https://www.bb.org.bd/mediaroom/circulars/aml/sep0705aml06e.pdf,AML Circular No. 6- Regarding KYC Procedures for the accounts opened before 30 April 2002,"English
Download",24/07/05,6
https://www.bb.org.bd/mediaroom/circulars/brpd/july0505brpd07e.pdf,BRPD Circular No.07: Deduction of Income Tax at Source on Export Proceeds of Knitwear and Oven Garments,"English
Download",05/07/05,07
https://www.bb.org.bd/mediaroom/circulars/brpd/may2305brpd07e.pdf,BRPD Circular No. 07 : Submission of Statement on Revised Interest Rate,"English
Download",23/05/05,07
https://www.bb.org.bd/mediaroom/circulars/brpd/may0405brpdl06e.pdf,BRPD Circular Letter No. 06 Appointment of Employee/Officer,"English
Download",04/05/05,06
https://www.bb.org.bd/mediaroom/circulars/brpd/apr2705brpdl05e.pdf,BRPD Circular Letter No. 05: Regarding Eligible Securities,"English
Download",27/04/05,05
https://www.bb.org.bd/mediaroom/circulars/brpd/apr0905brpd05e.pdf,BRPD Circular No. 05 -Master Circular - Single Borrower Exposure Limit,"English
Download",09/04/05,05
https://www.bb.org.bd/mediaroom/circulars/brpd/apr0705brpd04e.pdf,BRPD Circular No. 04: Revised Policy on Loan Classification and Provisioning,"English
Download",07/04/05,04
https://www.bb.org.bd/mediaroom/circulars/dos/apr0205dos04e.pdf,Circular No. 04 - Export Development Fund.,"English
Download",02/04/05,04
https://www.bb.org.bd/mediaroom/circulars/fid/mar0505fid01eng.pdf,FID Circular No. 01 - Participation of Financial Institutions in interbank Call Money Market,"English
Download",05/03/05,01
https://www.bb.org.bd/mediaroom/circulars/brpd/feb1705brpdl02e.pdf,BRPD Circular Letter No. 02: Submission of the Statement of Inter-bank Call Money Market Transactions.,"English
Download",17/02/05,02
https://www.bb.org.bd/mediaroom/circulars/brpd/feb1705brpd03e.pdf,BRPD Circular No. 03: Maintenance of CRR with Bangladesh Bank,"English
Download",17/02/05,03
https://www.bb.org.bd/mediaroom/circulars/brpd/feb0105brpdl01e.pdf,BRPD Circular Letter No. 01: Payment of bills for Travelling and Hotel (boarding and food) expenses to the Directors for attending the Board/EC meeting.,"English
Download",01/02/05,01
https://www.bb.org.bd/mediaroom/circulars/dos/jan1605dosl02e.pdf,Circular Letter No. 02 Bank Holiday,"English
Download",16/01/05,02
https://www.bb.org.bd/mediaroom/circulars/dos/jan1205dos01e.pdf,Circular No. 01 Export Development Fund,"English
Download",12/01/05,01
https://www.bb.org.bd/mediaroom/circulars/cib/jan0805cib01e.pdf,CIB Circular No.01 - Information Supplied by Banks/Financial Institutionsto their Client about Default Loan.,"English
Download",08/01/05,01
https://www.bb.org.bd/mediaroom/circulars/brpd/jan0505brpdl01e.pdf,"BRPD Circular No. 01: Regarding formation of ""Complaint Cell"" in the Banks","English
Download",05/01/05,01
https://www.bb.org.bd/mediaroom/circulars/dos/dec2704dosl22e.pdf,Circular Letter No. 22 List of Holidays during 2005,"English
Download",27/12/04,22
https://www.bb.org.bd/mediaroom/circulars/fepd/dec2004fel11.pdf,Circular Letter No. 11 ADVANCE PAYMENT AGAINST IMPORTS (PDF-English),"English
Download",20/12/04,11
https://www.bb.org.bd/mediaroom/circulars/cib/nov1704cib03.pdf,CIB Circular No.03 - LEGAL CASES RELATING TO INFORMATION SUPPLIED BY CIB,"English
Download",17/11/04,03
https://www.bb.org.bd/mediaroom/circulars/brpd/oct0604brpd06e.pdf,BRPD Circular No. 06: Maintaining provision against accrued interest on deposit,"English
Download",14/10/04,06
https://www.bb.org.bd/mediaroom/circulars/brpd/jul2104brpd05e.pdf,BRPD Circular No. 05: Maintenance of CRR of banks,"English
Download",21/07/04,05
https://www.bb.org.bd/mediaroom/circulars/brpd/jul1904brpdl08e.pdf,BRPD Circular Letter No. 08: Regarding Issuing Pay-Order,"English
Download",19/07/04,08
https://www.bb.org.bd/mediaroom/circulars/brpd/jun2804brpdl07e.pdf,BRPD Circular Letter No. 07: Modified rate of excise duty for Bank services.,"English
Download",28/06/04,07
https://www.bb.org.bd/mediaroom/circulars/brpd/jun0704brpdl06e.pdf,BRPD Circular No. 06 Submission of statement of loans extended by the Bank Companies to the Directors of the Financial Institutions,"English
Download",07/06/04,06
https://www.bb.org.bd/mediaroom/circulars/brpd/jun0604brpd04e.pdf,BRPD Circular No. 04: Regarding Determination of Interest rate on Lending,"English
Download",06/06/04,04
https://www.bb.org.bd/mediaroom/circulars/brpd/may2904brpdle05.pdf,BRPD Circular Letter No. 05 Credit Rating for raising capital through IPO by Bank Companies,"English
Download",29/05/04,05
https://www.bb.org.bd/mediaroom/circulars/fid/may2604fid01eng.pdf,"FID Circular No. 01 - Credit, Bridge and Standby Facilities (CBSF).","English
Download",26/05/04,01
https://www.bb.org.bd/mediaroom/circulars/brpd/may0904brpdl03.pdf,BRPD Circular No. 03,"English
Download",09/05/04,03
https://www.bb.org.bd/mediaroom/circulars/acspd/may0204acspde01.pdf,ACSPD Circular No. 01 Refinance Scheme for Small Enterprises Sector,"English
Download",02/05/04,01
https://www.bb.org.bd/mediaroom/circulars/brpd/mar1004brpdle02.pdf,BRPD Circular Letter No. 02,"English
Download",10/03/04,02
https://www.bb.org.bd/mediaroom/circulars/brpd/jan2004brpd02e.pdf,BRPD Circular No. 02 Regarding Loan Classification and Provisioning activities.,"English
Download",20/01/04,02
https://www.bb.org.bd/mediaroom/circulars/brpd/jan1004brpd01e.pdf,BRPD Circular No. 01: Interest rate for export credit,"English
Download",10/01/04,01
https://www.bb.org.bd/mediaroom/circulars/frtmd/dec1103frtml1312e.pdf,"Circular - 1312 - Bangladesh Government Treasury Bond (BGTB) Rules, 2003.Guidelines for enlistment and operations of Primary Dealers in Government Securities.Name and Address of Primary Dealers.","English
Download",11/12/03,
https://www.bb.org.bd/mediaroom/circulars/brpd/dec0203brpd23e.pdf,BRPD Circular No. 23 L/C Margin,"English
Download",02/12/03,23
https://www.bb.org.bd/mediaroom/circulars/dos/nov1803os15le.pdf,"Circular Letter No. 15 Submission of Monthly Statements of Liability, Liquidity and Foreign Currency Clearing Account","English
Download",18/11/03,15
https://www.bb.org.bd/mediaroom/circulars/dos/nov1603os14le.pdf,Circular Letter No. 14 Change of Bank Holidays,"English
Download",16/11/03,14
https://www.bb.org.bd/mediaroom/circulars/dos/oct2503os13e.pdf,Circular Letter No. 13,"English
Download",25/10/03,13
https://www.bb.org.bd/mediaroom/circulars/brpd/oct1603brpd19e.pdf,BRPD Circular No. 19- Margin Requirement For Opening L/C.,"English
Download",16/10/03,19
https://www.bb.org.bd/mediaroom/circulars/brpd/oct1503brpd18e.pdf,BRPD Circular No. 18-Margin Requirement For Opening L/C.,"English
Download",15/10/03,18
https://www.bb.org.bd/mediaroom/circulars/brpd/oct072003brpd17e.pdf,"BRPD Circular No. 17 : Guidelines on ""Managing Core Risks in Banking""","English
Download",07/10/03,17
https://www.bb.org.bd/mediaroom/circulars/brpd/jul2403brpd16e.pdf,BRPD Circular No. 16. Restrictions in respect of responsibilities and accountabilities of the board of directors and the CEO of private bank.,"English
Download",24/07/03,16
https://www.bb.org.bd/mediaroom/circulars/fid/jul0903fid04eng.pdf,FID Circular No. 04 - Appointment of Alternate Directors of FIs.,"English
Download",09/07/03,04
https://www.bb.org.bd/mediaroom/circulars/fid/jun3003fid03eng.pdf,"FID Circular No. 03: Directives in respect of issues under Section 18 of Financial Institutions Act, 1993.","English
Download",30/06/03,03
https://www.bb.org.bd/mediaroom/circulars/fid/jun2903fid02eng.pdf,FID Circular No. 02: Paid-up Capital and Reserve Fund of Financial Institutions.,"English
Download",29/06/03,02
https://www.bb.org.bd/mediaroom/circulars/brpd/jun2503brpd14e.pdf,"BRPD Circular No. 14. Amendments to the forms of the First Schedule of the Bank Companies Act, 1991","English
Download",25/06/03,14
https://www.bb.org.bd/mediaroom/circulars/fepd/may2903fe01er.pdf,Exchange Rate Circular No. 01 (PDF),"English
Download",29/05/03,01
https://www.bb.org.bd/mediaroom/circulars/aml/may2203aml05e.pdf,"AML Circular No. 5 : Amendment of Money Laundering Prevention Act, 2002","English
Download",22/05/03,5
https://www.bb.org.bd/mediaroom/circulars/brpd/apr2603brpd12e.pdf,BRPD Circular No. 12 Constitution of the Board of Directors and Fit and Proper Test for appointment of Directors of a Bank Company.,"English
Download",26/04/03,12
https://www.bb.org.bd/mediaroom/circulars/aml/dec2302aml04e.pdf,AML Circular No. 4 : Co-operation in the investigation of crime related to Money Laundering.,"English
Download",23/12/02,4
https://www.bb.org.bd/mediaroom/circulars/aml/dec1002aml03e.pdf,"AML Circular No. 03: Instructions to be followed for compliance of the provisions contained in the Money Laundering Prevention Act, 2002.","English
Download",10/12/02,03
https://www.bb.org.bd/mediaroom/circulars/brpd/nov2502brpd10.pdf,BRPD Circular No. 10: Master Circular on Capital Adequacy of Banks,"English
Download",25/11/02,10
https://www.bb.org.bd/mediaroom/circulars/fepd/jul1802fe16.pdf,F.E Circular No. 16 (PDF),"English
Download",18/07/02,16
https://www.bb.org.bd/mediaroom/circulars/fepd/jul1802fe17.pdf,F.E Circular No. 17 (PDF),"English
Download",18/07/02,17
https://www.bb.org.bd/mediaroom/circulars/aml/jul1702aml02e.pdf,"AML Circular No. 2 : Instructions to be followed for compliance of the provisions contained in the Money Laundering Prevention Act, 2002","English
Download",17/07/02,2
https://www.bb.org.bd/mediaroom/circulars/aml/may1802aml01e.pdf,"AML Circular No. 01 - Money Laundering Prevention act, 2002","English
Download",18/05/02,01
